<aetgt:getResponse xmlns:aetgt="http://schemas.active-endpoints.com/appmodules/repository/2010/10/avrepository.xsd"
                   xmlns:types1="http://schemas.active-endpoints.com/appmodules/repository/2010/10/avrepository.xsd">
   <types1:Item>
      <types1:EntryId>2Tk3Yn5Smbduaa-gt-31667198-2023-04-27T21:55:34.864Z::conn.xml</types1:EntryId>
      <types1:Name>GHI-ESB-Shilo-REST</types1:Name>
      <types1:ParentFlowIds>11LOwD0wWcn6Hbf-gt-31668925-2023-04-27T21:55:59.853Z::pd.xml,AfW90LK2D86CjqF-gt-15163563-2019-03-07T20:35:19.425Z::pd.xml,O47EkWoKeERhKGX-gt-15163209-2019-03-07T20:35:13.647Z::pd.xml</types1:ParentFlowIds>
      <types1:MimeType>application/xml+connection</types1:MimeType>
      <types1:Description>SFDC outbound messages to ESB</types1:Description>
      <types1:AppliesTo/>
      <types1:Tags/>
      <types1:VersionLabel>1.0</types1:VersionLabel>
      <types1:State>CURRENT</types1:State>
      <types1:ProcessGroup/>
      <types1:CreatedBy>admin@par15.ghi</types1:CreatedBy>
      <types1:CreationDate>2023-04-27T21:55:35Z</types1:CreationDate>
      <types1:ModifiedBy>admin@par15.ghi</types1:ModifiedBy>
      <types1:ModificationDate>2023-05-01T22:22:49Z</types1:ModificationDate>
      <types1:PublicationStatus>published</types1:PublicationStatus>
      <types1:PublishedBy>admin@par15.ghi</types1:PublishedBy>
      <types1:PublicationDate>2023-05-01T22:22:52Z</types1:PublicationDate>
      <types1:PublishedContributionId>project:/rt.connection/GHI-ESB-Shilo-REST/GHI-ESB-Shilo-REST.conn.xml</types1:PublishedContributionId>
      <types1:AutosaveExists>false</types1:AutosaveExists>
      <types1:Entry>
         <connection xmlns="http://schemas.informatica.com/socrates/data-services/2014/04/avosConnections.xsd"
                     displayName="GHI-ESB-Shilo-REST"
                     label="GHI-ESB-Shilo-REST"
                     name="GHI-ESB-Shilo-REST">
            <description>SFDC outbound messages to ESB</description>
            <tags/>
            <agent/>
            <attributes>
               <attribute encrypted="false"
                          name="BaseURL"
                          value="https://55cfca4d-4b82-4f6c-9ec5-787835878ae1.mock.pstmn.io/demo"/>
            </attributes>
            <businessConnector xmlns="http://schemas.informatica.com/appmodules/screenflow/2014/04/avosConnectors.xsd"
                               agentOnly="false"
                               connectorPath="project:/rt.connector/GHI_CRM_Outbound_Shilo_REST/GHI_CRM_Outbound_Shilo_REST_svcDef.xml"
                               guid="2OdUpKrc8GLhCdOwq63RIr"
                               name="GHI-CRM-Outbound-Shilo-REST"
                               supportsConnectionTest="false"
                               uuid="54bdb6cc-1a62-4f0a-ab35-693c5ea27d19">
               <description>Service connector for SFDC to ESB outbound messages.</description>
            </businessConnector>
         </connection>
      </types1:Entry>
      <types1:GUID>0EHT7Yh1ssIcNV3nLTqv8e</types1:GUID>
      <types1:DisplayName>GHI-ESB-Shilo-REST</types1:DisplayName>
   </types1:Item>
   <types1:CurrentServerDateTime>2023-05-18T11:18:14.086Z</types1:CurrentServerDateTime>
</aetgt:getResponse>
