<aetgt:getResponse xmlns:aetgt="http://schemas.active-endpoints.com/appmodules/repository/2010/10/avrepository.xsd"
                   xmlns:types1="http://schemas.active-endpoints.com/appmodules/repository/2010/10/avrepository.xsd">
   <types1:Item>
      <types1:EntryId>p21PsxKlFmVSciY-gt-15162981-2019-03-07T20:35:10.242Z::pd.xml</types1:EntryId>
      <types1:Name>INT-MP-ResultsReadyData-Message</types1:Name>
      <types1:ParentFlowIds>3duR55aaabdqpw0-gt-15162243-2019-03-07T20:35:00.588Z::pd.xml</types1:ParentFlowIds>
      <types1:MimeType>application/xml+process</types1:MimeType>
      <types1:Description>User Story 115050:FR-PRI-INTEGRATION-101: Results Ready inbound message</types1:Description>
      <types1:AppliesTo/>
      <types1:Tags>115050,FR-PRI-INTEGRATION-101</types1:Tags>
      <types1:VersionLabel>1.0</types1:VersionLabel>
      <types1:State>CURRENT</types1:State>
      <types1:ProcessGroup/>
      <types1:CreatedBy>admin@001e08.ghi</types1:CreatedBy>
      <types1:CreationDate>2019-03-07T20:35:10Z</types1:CreationDate>
      <types1:ModifiedBy>admin@par15.ghi</types1:ModifiedBy>
      <types1:ModificationDate>2023-05-03T22:32:37Z</types1:ModificationDate>
      <types1:PublicationStatus>out-of-date</types1:PublicationStatus>
      <types1:PublishedBy>admin@par15.ghi</types1:PublishedBy>
      <types1:PublicationDate>2023-05-03T22:39:53Z</types1:PublicationDate>
      <types1:PublishedContributionId>project:/spi.INT-MP-ResultsReadyData-Message/INT-MP-ResultsReadyData-Message.pd.xml</types1:PublishedContributionId>
      <types1:AutosaveExists>false</types1:AutosaveExists>
      <types1:Entry>
         <process xmlns="http://schemas.active-endpoints.com/appmodules/screenflow/2010/10/avosScreenflow.xsd"
                  xmlns:tfm="http://schemas.active-endpoints.com/appmodules/screenflow/2021/04/taskflowModel.xsd"
                  xmlns:list="urn:activevos:spi:list:functions"
                  displayName="INT-MP-ResultsReadyData-Message"
                  name="INT-MP-ResultsReadyData-Message"
                  overrideAPIName="false">
            <parameterSet xmlns="http://schemas.active-endpoints.com/appmodules/screenflow/2021/04/taskflowModel.xsd"/>
            <appliesTo/>
            <description>User Story 115050:FR-PRI-INTEGRATION-101: Results Ready inbound message</description>
            <tags>115050,FR-PRI-INTEGRATION-101</tags>
            <generator>Informatica Process Designer 11</generator>
            <input>
               <parameter description="" name="ResultsReadyDataMessage" type="xml">
                  <options>
                     <option name="required">false</option>
                  </options>
               </parameter>
            </input>
            <tempFields>
               <field description="" name="tempResultsReadyDataMessage" type="reference">
                  <options>
                     <option name="referenceTo">$po:ResultsReadyDataMessage</option>
                     <option name="required">false</option>
                     <option name="isCopy">true</option>
                     <option name="guid">7m107YZtWyDcFKWeghtfMe</option>
                  </options>
               </field>
               <field description="" name="processName" type="string">
                  <options>
                     <option name="required">false</option>
                  </options>
               </field>
               <field description="" name="tempOrder" type="reference">
                  <options>
                     <option name="referenceTo">Salesforce:Order</option>
                     <option name="required">false</option>
                     <option name="guid">9rhyRDabNHiiDcOu4c64gK</option>
                  </options>
               </field>
               <field description="" name="tempOrderable" type="string">
                  <options>
                     <option name="required">false</option>
                  </options>
               </field>
            </tempFields>
            <notes/>
            <deployment skipIfRunning="false" suspendOnFault="true" tracingLevel="verbose">
               <rest>
                  <allowedUsers>
                     <user>biztalk@genomichealth.com</user>
                     <user>biztalk@par15.ghi</user>
                  </allowedUsers>
                  <wholePayload inputWholePayload="true"/>
               </rest>
            </deployment>
            <flow id="a">
               <start id="b">
                  <link id="jf0zl1vg" targetId="iwpl1cac"/>
               </start>
               <assignment id="iwpl1cac">
                  <title>Assignment to tempResultsReadyDataMessage</title>
                  <operation source="formula" to="temp.tempResultsReadyDataMessage">
                     <expression language="XQuery">util:simplifyXml($input.ResultsReadyDataMessage)</expression>
                  </operation>
                  <link id="jalegwkp" targetId="jalegwko"/>
               </assignment>
               <assignment id="jalegwko">
                  <title>Assignment to processName, tempOrder</title>
                  <operation source="formula" to="temp.processName">
                     <expression language="XQuery">ipd:setProcessTitle(fn:concat("INT-MP-ResultsReadyData-Message-", $temp.tempResultsReadyDataMessage[1]/ResultsReadyData[1]/OrderId))</expression>
                  </operation>
                  <operation source="query" to="temp.tempOrder">
                     <query advanceQuery="false" from="Salesforce:Order">
                        <where>OrderNumber = '{$temp.tempResultsReadyDataMessage[1]/ResultsReadyData[1]/OrderId}' OR (OSM_Legacy_Order_ID__c != '' AND OSM_Legacy_Order_ID__c = '{$temp.tempResultsReadyDataMessage[1]/ResultsReadyData[1]/OrderId}')</where>
                     </query>
                  </operation>
                  <link id="kqj6r79j" targetId="kqj6r79i"/>
               </assignment>
               <container id="kqj6r79i" type="exclusive">
                  <title>temporder</title>
                  <flow id="kqj6r79m">
                     <assignment id="kqj6r7br">
                        <title>Assignment to tempOrderable</title>
                        <operation source="field" to="temp.tempOrderable">temp.tempOrder.OSM_Product__c</operation>
                     </assignment>
                     <link id="kqj6r79n" targetId="kqj6r79i" type="containerLink"/>
                  </flow>
                  <flow id="kqj6r79p">
                     <link id="kqj6r79q" targetId="kqj6r79i" type="containerLink"/>
                  </flow>
                  <link id="kqj6r79l" targetId="kqj6r79m" type="containerLink">
                     <condition source="formula">
                        <function name="set">
                           <arg name="field">{$temp.tempOrder}</arg>
                        </function>
                     </condition>
                  </link>
                  <link id="kqj6r79o" targetId="kqj6r79p" type="containerLink">
                     <condition source="formula">
                        <function name="unset">
                           <arg name="field">{$temp.tempOrder}</arg>
                        </function>
                     </condition>
                  </link>
                  <link id="kqj6r79k" targetId="izgmht63"/>
               </container>
               <create id="izgmht63">
                  <title>ICRT Message Log Inbound</title>
                  <entityName>Salesforce:ICRT_Message_Log__c</entityName>
                  <createInput>
                     <parameter name="ICRT_Create_Process_ID__c" source="formula" updatable="true">
                        <expression language="XQuery">util:getProcessId()</expression>
                     </parameter>
                     <parameter name="ICRT_MW_Message_ID__c" source="field" updatable="true">temp.tempResultsReadyDataMessage[1]/correlationId</parameter>
                     <parameter name="ICRT_Message_Direction__c" source="constant" updatable="true">Inbound</parameter>
                     <parameter name="ICRT_Message_Status__c" source="constant" updatable="true">New</parameter>
                     <parameter name="ICRT_Message_Type__c" source="constant" updatable="true">ResultsReadyDataMessage</parameter>
                     <parameter name="ICRT_Object_ID__c" source="field" updatable="true">temp.tempResultsReadyDataMessage[1]/ResultsReadyData[1]/OrderId</parameter>
                     <parameter name="ICRT_Object_Name__c" source="constant" updatable="true">Order</parameter>
                     <parameter name="ICRT_Source_Message_ID__c" source="field" updatable="true">temp.tempResultsReadyDataMessage[1]/messageInstanceId</parameter>
                     <parameter name="ICRT_Order__c" source="field">temp.tempOrder</parameter>
                     <parameter name="ICRT_Orderable__c" source="field" updatable="true">temp.tempOrderable</parameter>
                  </createInput>
                  <link id="izgmht67" targetId="izgmht5p"/>
               </create>
               <milestone id="izgmht5p">
                  <httpStatus>202</httpStatus>
                  <link id="izgmht5r" targetId="izgmht7o"/>
               </milestone>
               <eventContainer id="izgmht7o">
                  <subflow id="iwpl1caj">
                     <title>INT-Process-ResultsReadyData-Message</title>
                     <subflowGUID>5K79atOfKt6cDLU7mtK3CZ</subflowGUID>
                     <subflowPath>INT-Process-ResultsReadyData-Message</subflowPath>
                     <runForEach>false</runForEach>
                     <input>
                        <parameter name="ResultsReadyDataMessage" source="field" updatable="true">temp.tempResultsReadyDataMessage</parameter>
                     </input>
                     <outputDef/>
                  </subflow>
                  <flow id="izgmht7r">
                     <eventContainer id="izgmht8i">
                        <subflow id="izgmht8m">
                           <title>INT-SP-Msg-Ack-Outbound-Message</title>
                           <subflowGUID>1UujInWrmIqcQgL0BfHpCK</subflowGUID>
                           <subflowPath>INT-SP-Msg-Ack-Outbound-Message</subflowPath>
                           <appliesTo>Salesforce:ICRT_Message_Log__c</appliesTo>
                           <appliesToDataName source="field">output.Created ICRT_Message_Log__c</appliesToDataName>
                           <runForEach>false</runForEach>
                           <input>
                              <parameter name="InAckRequired" source="formula" updatable="true">
                                 <expression language="XQuery">$temp.tempResultsReadyDataMessage[1]/ackRequired</expression>
                              </parameter>
                              <parameter name="InObjectName" source="constant" updatable="true">Order</parameter>
                              <parameter name="InObjectId" source="field" updatable="true">temp.tempResultsReadyDataMessage[1]/ResultsReadyData[1]/OrderId</parameter>
                              <parameter name="InOrigin" source="field" updatable="true">temp.tempResultsReadyDataMessage[1]/origin</parameter>
                              <parameter name="InOriginalMessageInstanceId" source="field" updatable="true">temp.tempResultsReadyDataMessage[1]/messageInstanceId</parameter>
                              <parameter name="InCorrelationId" source="field" updatable="true">temp.tempResultsReadyDataMessage[1]/correlationId</parameter>
                              <parameter name="InActivityId" source="field" updatable="true">temp.tempResultsReadyDataMessage[1]/activityId</parameter>
                           </input>
                           <outputDef/>
                        </subflow>
                        <flow id="izgmht8j">
                           <link id="izgmht8p" targetId="izgmht8i" type="containerLink"/>
                        </flow>
                        <flow id="izgmvru1">
                           <subflow id="izgmvrzc">
                              <title>ER-Create-Error-Log-and-Case</title>
                              <subflowGUID>jf1vqQ3IEGmerC3QRAjjaU</subflowGUID>
                              <subflowPath>ER-Create-Error-Log-and-Case</subflowPath>
                              <runForEach>false</runForEach>
                              <runAsUser>$system</runAsUser>
                              <input>
                                 <parameter name="infault reason" source="field" updatable="true">output.faultInfoAck[1]/reason</parameter>
                                 <parameter name="infault Detail" source="field" updatable="true">output.faultInfoAck[1]/detail</parameter>
                                 <parameter name="infault Code" source="field" updatable="true">output.faultInfoAck[1]/reason</parameter>
                                 <parameter name="In ProcessId" source="formula" updatable="true">
                                    <expression language="XQuery">util:getProcessId()</expression>
                                 </parameter>
                                 <parameter name="In Process Name" source="constant" updatable="true">INT-MP-ResultsReadyData-Message</parameter>
                                 <parameter name="In Primary Order" source="query" updatable="true">
                                    <query advanceQuery="false" from="Salesforce:Order">
                                       <where>OrderNumber = '{$temp.tempResultsReadyDataMessage[1]/ResultsReadyData[1]/OrderId}'</where>
                                    </query>
                                 </parameter>
                                 <parameter name="inSkipServiceCallAndThrow" source="constant" updatable="true">true</parameter>
                              </input>
                              <outputDef/>
                           </subflow>
                           <link id="izgmvru2" targetId="izgmht8i" type="containerLink"/>
                        </flow>
                        <link id="izgmht8n" targetId="izgmht8j" type="containerLink"/>
                        <events>
                           <catch faultField="faultInfoAck" id="izgmvrtq" interrupting="true">
                              <link id="izgmvrtz" targetId="izgmvru1" type="containerLink"/>
                           </catch>
                        </events>
                     </eventContainer>
                     <link id="izgmht7s" targetId="izgmht7o" type="containerLink"/>
                  </flow>
                  <flow id="izgmht7v">
                     <eventContainer id="izgmht9i">
                        <subflow id="izgmht9m">
                           <title>INT-SP-Msg-Nack-Outbound-Message</title>
                           <subflowGUID>8FVZNm4sSoYfpFAMZSvoie</subflowGUID>
                           <subflowPath>INT-SP-Msg-Nack-Outbound-Message</subflowPath>
                           <appliesTo>Salesforce:ICRT_Message_Log__c</appliesTo>
                           <appliesToDataName source="field">output.Created ICRT_Message_Log__c</appliesToDataName>
                           <runForEach>false</runForEach>
                           <input>
                              <parameter name="inErrorReason" source="field" updatable="true">output.faultInfo[1]/reason</parameter>
                              <parameter name="InErrorMessage" source="constant" updatable="true">&lt;p&gt;Code: {$output.faultInfo[1]/code}&lt;/p&gt;
&lt;p&gt;Detail:&amp;nbsp;{$output.faultInfo[1]/detail}&lt;/p&gt;</parameter>
                              <parameter name="InObjectId" source="field" updatable="true">temp.tempResultsReadyDataMessage[1]/ResultsReadyData[1]/OrderId</parameter>
                              <parameter name="InNackRequired" source="formula" updatable="true">
                                 <expression language="XQuery">$temp.tempResultsReadyDataMessage[1]/nackRequired</expression>
                              </parameter>
                              <parameter name="InObjectName" source="constant" updatable="true">Order</parameter>
                              <parameter name="InOrigin" source="field" updatable="true">temp.tempResultsReadyDataMessage[1]/origin</parameter>
                              <parameter name="InMessageInstanceId" source="field" updatable="true">temp.tempResultsReadyDataMessage[1]/messageInstanceId</parameter>
                              <parameter name="InErrorCode" source="field" updatable="true">output.faultInfo[1]/code</parameter>
                              <parameter name="InOrder" source="query" updatable="true">
                                 <query advanceQuery="false" from="Salesforce:Order">
                                    <where>OrderNumber = '{$temp.tempResultsReadyDataMessage[1]/ResultsReadyData[1]/OrderId}'</where>
                                 </query>
                              </parameter>
                              <parameter name="InCorrelationId" source="field" updatable="true">temp.tempResultsReadyDataMessage[1]/correlationId</parameter>
                              <parameter name="InActivityId" source="field" updatable="true">temp.tempResultsReadyDataMessage[1]/activityId</parameter>
                              <parameter name="InProcessName" source="constant" updatable="true">INT-MP-ResultsReadyData-Message</parameter>
                           </input>
                           <outputDef/>
                        </subflow>
                        <flow id="izgmht9j">
                           <link id="izgmht9p" targetId="izgmht9i" type="containerLink"/>
                        </flow>
                        <flow id="izgmvrv1">
                           <subflow id="izgmvs6e">
                              <title>ER-Create-Error-Log-and-Case</title>
                              <subflowGUID>jf1vqQ3IEGmerC3QRAjjaU</subflowGUID>
                              <subflowPath>ER-Create-Error-Log-and-Case</subflowPath>
                              <runForEach>false</runForEach>
                              <runAsUser>$system</runAsUser>
                              <input>
                                 <parameter name="infault reason" source="field" updatable="true">output.faultInfoNack[1]/reason</parameter>
                                 <parameter name="infault Detail" source="field" updatable="true">output.faultInfoNack[1]/detail</parameter>
                                 <parameter name="infault Code" source="field" updatable="true">output.faultInfoNack[1]/code</parameter>
                                 <parameter name="In ProcessId" source="formula" updatable="true">
                                    <expression language="XQuery">util:getProcessId()</expression>
                                 </parameter>
                                 <parameter name="In Process Name" source="constant" updatable="true">INT-MP-ResultsReadyData-Message</parameter>
                                 <parameter name="In Primary Order" source="query" updatable="true">
                                    <query advanceQuery="false" from="Salesforce:Order">
                                       <where>OrderNumber = '{$temp.tempResultsReadyDataMessage[1]/ResultsReadyData[1]/OrderId}'</where>
                                    </query>
                                 </parameter>
                                 <parameter name="inSkipServiceCallAndThrow" source="constant" updatable="true">true</parameter>
                              </input>
                              <outputDef/>
                           </subflow>
                           <link id="izgmvrv2" targetId="izgmht9i" type="containerLink"/>
                        </flow>
                        <link id="izgmht9n" targetId="izgmht9j" type="containerLink"/>
                        <events>
                           <catch faultField="faultInfoNack" id="izgmvrun" interrupting="true">
                              <link id="izgmvruz" targetId="izgmvrv1" type="containerLink"/>
                           </catch>
                        </events>
                     </eventContainer>
                     <link id="izgmht7w" targetId="izgmht7o" type="containerLink"/>
                  </flow>
                  <link id="izgmht7p" targetId="izgmht7r" type="containerLink"/>
                  <link id="iwpl1cb4" targetId="iwpl1cb3"/>
                  <events>
                     <catch faultField="faultInfo" id="izgmht78" interrupting="true">
                        <link id="izgmht7t" targetId="izgmht7v" type="containerLink"/>
                     </catch>
                  </events>
               </eventContainer>
               <end id="iwpl1cb3"/>
            </flow>
         </process>
      </types1:Entry>
      <types1:GUID>4oKSPpNOoDTdijc9pT6g29</types1:GUID>
      <types1:DisplayName>INT-MP-ResultsReadyData-Message</types1:DisplayName>
   </types1:Item>
   <types1:CurrentServerDateTime>2023-05-18T11:14:45.072Z</types1:CurrentServerDateTime>
</aetgt:getResponse>
