<aetgt:getResponse xmlns:aetgt="http://schemas.active-endpoints.com/appmodules/repository/2010/10/avrepository.xsd"
                   xmlns:types1="http://schemas.active-endpoints.com/appmodules/repository/2010/10/avrepository.xsd">
   <types1:Item>
      <types1:EntryId>AfW90LK2D86CjqF-gt-15163563-2019-03-07T20:35:19.425Z::pd.xml</types1:EntryId>
      <types1:Name>INT-MP-QueryMessage</types1:Name>
      <types1:ParentFlowIds>3duR55aaabdqpw0-gt-15162243-2019-03-07T20:35:00.588Z::pd.xml</types1:ParentFlowIds>
      <types1:MimeType>application/xml+process</types1:MimeType>
      <types1:Description>Process inbound Query message and send Outbound Material Return Address Query response message</types1:Description>
      <types1:AppliesTo/>
      <types1:Tags>120767,120768,FR-LAB-INTEGRATION-100-10,FR-LAB-INTEGRATION-100-9,QueryMessage</types1:Tags>
      <types1:VersionLabel>1.0</types1:VersionLabel>
      <types1:State>CURRENT</types1:State>
      <types1:ProcessGroup/>
      <types1:CreatedBy>admin@001e08.ghi</types1:CreatedBy>
      <types1:CreationDate>2019-03-07T20:35:19Z</types1:CreationDate>
      <types1:ModifiedBy>admin@par15.ghi</types1:ModifiedBy>
      <types1:ModificationDate>2023-05-02T21:59:49Z</types1:ModificationDate>
      <types1:PublicationStatus>published</types1:PublicationStatus>
      <types1:PublishedBy>admin@par15.ghi</types1:PublishedBy>
      <types1:PublicationDate>2023-05-02T22:00:04Z</types1:PublicationDate>
      <types1:PublishedContributionId>project:/spi.INT-MP-QueryMessage/INT-MP-QueryMessage.pd.xml</types1:PublishedContributionId>
      <types1:AutosaveExists>false</types1:AutosaveExists>
      <types1:Entry>
         <process xmlns="http://schemas.active-endpoints.com/appmodules/screenflow/2010/10/avosScreenflow.xsd"
                  xmlns:tfm="http://schemas.active-endpoints.com/appmodules/screenflow/2021/04/taskflowModel.xsd"
                  xmlns:list="urn:activevos:spi:list:functions"
                  displayName="INT-MP-QueryMessage"
                  name="INT-MP-QueryMessage"
                  overrideAPIName="false">
            <parameterSet xmlns="http://schemas.active-endpoints.com/appmodules/screenflow/2021/04/taskflowModel.xsd"/>
            <appliesTo/>
            <description>Process inbound Query message and send Outbound Material Return Address Query response message</description>
            <tags>120767,120768,FR-LAB-INTEGRATION-100-10,FR-LAB-INTEGRATION-100-9,QueryMessage</tags>
            <generator>Informatica Process Designer 11</generator>
            <input>
               <parameter description="" name="QueryMessage" required="true" type="xml">
                  <options>
                     <option name="required">false</option>
                  </options>
               </parameter>
            </input>
            <output>
               <field description="" name="out" type="xml">
                  <options>
                     <option name="required">false</option>
                  </options>
               </field>
               <field description="" name="error" type="string">
                  <options>
                     <option name="required">false</option>
                  </options>
               </field>
               <field description="" name="NACK" type="reference">
                  <options>
                     <option name="referenceTo">$po:NackMessage</option>
                     <option name="required">false</option>
                     <option name="isCopy">true</option>
                     <option name="guid">7A6q75K89Kck5HEBlAmWgN</option>
                  </options>
               </field>
            </output>
            <tempFields>
               <field description="" name="tmpQueryMsg" type="reference">
                  <options>
                     <option name="referenceTo">$po:QueryMessage</option>
                     <option name="required">false</option>
                     <option name="isCopy">true</option>
                     <option name="guid">4SVHK83n1KQfqa1VusLeUC</option>
                  </options>
               </field>
               <field description=""
                      name="tempMaterialReturnAddressQueryResponseMessage"
                      type="reference">
                  <options>
                     <option name="referenceTo">GHI-ESB-REST:MaterialReturnAddressQueryResponseMessage_AnonymousType</option>
                     <option name="required">false</option>
                     <option name="isCopy">true</option>
                     <option name="guid">04fR9piQEr8jbmyLWN9SwT</option>
                  </options>
               </field>
               <field description="" name="tempRetryCount" type="int">
                  <options>
                     <option name="required">false</option>
                     <option hide="true" name="initialvalue">0</option>
                  </options>
               </field>
               <field description="" name="processName" type="string">
                  <options>
                     <option name="required">false</option>
                  </options>
               </field>
               <field description="" name="tempOrder" type="reference">
                  <options>
                     <option name="referenceTo">Salesforce:Order</option>
                     <option name="required">false</option>
                     <option name="guid">9rhyRDabNHiiDcOu4c64gK</option>
                  </options>
               </field>
               <field description="" name="tempOrderId" type="string">
                  <options>
                     <option name="required">false</option>
                  </options>
               </field>
               <field description="" name="tempOrderable" type="string">
                  <options>
                     <option name="required">false</option>
                  </options>
               </field>
               <field description="" name="tempSystemSetting" type="reference">
                  <options>
                     <option name="referenceTo">Salesforce:Record_Type__c</option>
                     <option name="required">false</option>
                     <option name="guid">9rhyRDabNHiiDcOu4c64gK</option>
                  </options>
               </field>
               <field description=""
                      name="tempMaterialReturnAddressQueryResponseShilo"
                      type="reference">
                  <options>
                     <option name="referenceTo">GHI-ESB-Shilo-REST:MaterialReturnAddressQueryResponseMessage_AnonymousType</option>
                     <option name="required">false</option>
                     <option name="isCopy">true</option>
                     <option name="guid">0EHT7Yh1ssIcNV3nLTqv8e</option>
                  </options>
               </field>
            </tempFields>
            <notes>User Story 120767:Re-implement: FR-LAB-INTEGRATION-100-9: Material Return Address Query Outbound Message
User Story 120768:Re-implement: FR-LAB-INTEGRATION-100-10: Query inbound message</notes>
            <deployment skipIfRunning="false" suspendOnFault="true" tracingLevel="verbose">
               <rest>
                  <allowedUsers>
                     <user>biztalk@par15.ghi</user>
                     <user>biztalk@genomichealth.com</user>
                  </allowedUsers>
                  <wholePayload inputWholePayload="true"/>
               </rest>
            </deployment>
            <flow id="a">
               <start id="b">
                  <link id="j720t1d9" targetId="j720t1d8"/>
               </start>
               <subflow id="j720t1d8">
                  <title>INT-SP-Throttle-Messages</title>
                  <subflowGUID>jhYNzXaaUYJifeK7rIWQco</subflowGUID>
                  <subflowPath>INT-SP-Throttle-Messages</subflowPath>
                  <runForEach>false</runForEach>
                  <input/>
                  <outputDef>
                     <field name="processMessage" type="boolean">
                        <options>
                           <option name="defaultvalue">false</option>
                           <option name="boolean_show_as">checkbox</option>
                           <option name="required">false</option>
                        </options>
                     </field>
                  </outputDef>
                  <link id="j720t1fe" targetId="j720t1fd"/>
               </subflow>
               <container id="j720t1fd" type="exclusive">
                  <title>processMessage</title>
                  <flow id="j720t1hd">
                     <link id="j720t1he" targetId="j720t1fd" type="containerLink"/>
                  </flow>
                  <flow id="j720t1hg">
                     <end id="j720t1hf">
                        <httpStatus>400</httpStatus>
                     </end>
                  </flow>
                  <link id="j720t1ha" targetId="j720t1hd" type="containerLink">
                     <condition source="formula">
                        <function name="true">
                           <arg name="field">{$output.processMessage}</arg>
                        </function>
                     </condition>
                  </link>
                  <link id="j720t1hb" targetId="j720t1hg" type="containerLink">
                     <condition source="formula">
                        <function name="false">
                           <arg name="field">{$output.processMessage}</arg>
                        </function>
                     </condition>
                  </link>
                  <link id="j720t1ff" targetId="c"/>
               </container>
               <container id="kpxzq0xk" type="exclusive">
                  <title>tempOrder</title>
                  <flow id="kpxzq0y8">
                     <assignment id="kpxzq0z4">
                        <title>Assignment to tempOrderable</title>
                        <operation source="field" to="temp.tempOrderable">temp.tempOrder.OSM_Product__c</operation>
                     </assignment>
                     <link id="kpxzq0y9" targetId="kpxzq0xk" type="containerLink"/>
                  </flow>
                  <flow id="kpxzq0ya">
                     <link id="kpxzq0yb" targetId="kpxzq0xk" type="containerLink"/>
                  </flow>
                  <link id="kpxzq0y1" targetId="kpxzq0y8" type="containerLink">
                     <condition source="formula">
                        <function name="set">
                           <arg name="field">{$temp.tempOrder}</arg>
                        </function>
                     </condition>
                  </link>
                  <link id="kpxzq0y4" targetId="kpxzq0ya" type="containerLink">
                     <condition source="formula">
                        <function name="unset">
                           <arg name="field">{$temp.tempOrder}</arg>
                        </function>
                     </condition>
                  </link>
                  <link id="kpxzq0xm" targetId="izew8wbs"/>
               </container>
               <container id="lgd9alv1" type="exclusive">
                  <title>Material Return Ship Service?</title>
                  <flow id="lgd9alv5">
                     <eventContainer id="lgd9ambj">
                        <subflow id="lgd9amc4">
                           <title>INT-XDM-QueryMessage 1</title>
                           <subflowGUID>aB8vKx0YZ4pfyJuwqqzXcw</subflowGUID>
                           <subflowPath>INT-XDM-QueryMessage-Shilo</subflowPath>
                           <appliesTo>$po:QueryMessage</appliesTo>
                           <appliesToDataName source="field">temp.tmpQueryMsg</appliesToDataName>
                           <runForEach>false</runForEach>
                           <input/>
                           <outputDef>
                              <field name="MaterialReturnAddressQueryResponseMessageShilo" type="reference">
                                 <options>
                                    <option name="referenceTo">GHI-ESB-Shilo-REST:MaterialReturnAddressQueryResponseMessage_AnonymousType</option>
                                    <option name="required">false</option>
                                    <option name="isCopy">true</option>
                                    <option name="guid">0EHT7Yh1ssIcNV3nLTqv8e</option>
                                 </options>
                              </field>
                           </outputDef>
                        </subflow>
                        <flow id="lgd9ambk">
                           <jumpTo id="lgd9ampr">
                              <link id="lgd9amps" targetId="lgd9am11"/>
                           </jumpTo>
                        </flow>
                        <flow id="lgd9ambx">
                           <jumpTo id="lgd9amsf">
                              <link id="lgd9amsg" targetId="lgd9am1e"/>
                           </jumpTo>
                        </flow>
                        <link id="lgd9amc5" targetId="lgd9ambk" type="containerLink"/>
                        <events>
                           <catch faultField="faultInfo" id="iwp8xkn7" interrupting="true">
                              <link id="lgd9amc6" targetId="lgd9ambx" type="containerLink"/>
                           </catch>
                        </events>
                     </eventContainer>
                  </flow>
                  <flow id="lgd9alv8">
                     <eventContainer id="lgd9am0z">
                        <subflow id="lgd9am1k">
                           <title>INT-XDM-QueryMessage</title>
                           <subflowGUID>4ONGlDfAukvgVLMFPBAs2N</subflowGUID>
                           <subflowPath>INT-XDM-QueryMessage</subflowPath>
                           <appliesTo>$po:QueryMessage</appliesTo>
                           <appliesToDataName source="field">temp.tmpQueryMsg</appliesToDataName>
                           <runForEach>false</runForEach>
                           <input>
                              <parameter name="InQueryMessage" source="field" updatable="true">temp.tmpQueryMsg</parameter>
                           </input>
                           <outputDef>
                              <field name="MaterialReturnAddressQueryResponseMessage" type="reference">
                                 <options>
                                    <option name="referenceTo">GHI-ESB-REST:MaterialReturnAddressQueryResponseMessage_AnonymousType</option>
                                    <option name="required">false</option>
                                    <option name="isCopy">true</option>
                                    <option name="guid">04fR9piQEr8jbmyLWN9SwT</option>
                                 </options>
                              </field>
                           </outputDef>
                        </subflow>
                        <flow id="lgd9am10">
                           <eventContainer id="lgd9am11">
                              <subflow id="lgd9am15">
                                 <title>INT-SP-Msg-Ack-Outbound-Message</title>
                                 <subflowGUID>1UujInWrmIqcQgL0BfHpCK</subflowGUID>
                                 <subflowPath>INT-SP-Msg-Ack-Outbound-Message</subflowPath>
                                 <appliesTo>Salesforce:ICRT_Message_Log__c</appliesTo>
                                 <appliesToDataName source="field">output.Created ICRT_Message_Log__c</appliesToDataName>
                                 <runForEach>false</runForEach>
                                 <input>
                                    <parameter name="InAckRequired" source="formula" updatable="true">
                                       <expression language="XQuery">$temp.tmpQueryMsg[1]/ackRequired</expression>
                                    </parameter>
                                    <parameter name="InObjectName" source="constant" updatable="true">Order</parameter>
                                    <parameter name="InObjectId" source="formula" updatable="true">
                                       <expression language="XQuery">$temp.tmpQueryMsg[1]/Parameters[1]/Parameter[name/text() = "OrderId"]/value</expression>
                                    </parameter>
                                    <parameter name="InOrigin" source="field" updatable="true">temp.tmpQueryMsg[1]/origin</parameter>
                                    <parameter name="InOriginalMessageInstanceId" source="field" updatable="true">temp.tmpQueryMsg[1]/messageInstanceId</parameter>
                                    <parameter name="InCorrelationId" source="field" updatable="true">temp.tmpQueryMsg[1]/correlationId</parameter>
                                    <parameter name="InActivityId" source="field" updatable="true">temp.tmpQueryMsg[1]/activityId</parameter>
                                 </input>
                                 <outputDef/>
                              </subflow>
                              <flow id="lgd9am12">
                                 <link id="lgd9am1q" targetId="lgd9am11" type="containerLink"/>
                              </flow>
                              <flow id="lgd9am13">
                                 <subflow id="lgd9am14">
                                    <title>ER-Create-Error-Log-and-Case</title>
                                    <subflowGUID>jf1vqQ3IEGmerC3QRAjjaU</subflowGUID>
                                    <subflowPath>ER-Create-Error-Log-and-Case</subflowPath>
                                    <runForEach>false</runForEach>
                                    <runAsUser>$system</runAsUser>
                                    <input>
                                       <parameter name="infault reason" source="field" updatable="true">output.faultInfoAck[1]/reason</parameter>
                                       <parameter name="infault Detail" source="field" updatable="true">output.faultInfoAck[1]/detail</parameter>
                                       <parameter name="infault Code" source="field" updatable="true">output.faultInfoAck[1]/code</parameter>
                                       <parameter name="In ProcessId" source="formula" updatable="true">
                                          <expression language="XQuery">util:getProcessId()</expression>
                                       </parameter>
                                       <parameter name="In Process Name" source="constant" updatable="true">INT-MP-QueryMessage</parameter>
                                       <parameter name="In Primary Order" source="query" updatable="true">
                                          <query advanceQuery="false" from="Salesforce:Order">
                                             <where>OrderNumber = '{$temp.tmpQueryMsg[1]/Parameters[1]/Parameter[name/text() = "OrderId"]/value}'</where>
                                          </query>
                                       </parameter>
                                       <parameter name="inSkipServiceCallAndThrow" source="constant" updatable="true">true</parameter>
                                    </input>
                                    <outputDef/>
                                 </subflow>
                                 <link id="lgd9am1r" targetId="lgd9am11" type="containerLink"/>
                              </flow>
                              <link id="lgd9am1n" targetId="lgd9am12" type="containerLink"/>
                              <link id="lgd9am1p" targetId="lgd9am16"/>
                              <events>
                                 <catch faultField="faultInfoAck" id="izg7qnfc" interrupting="true">
                                    <link id="lgd9am1o" targetId="lgd9am13" type="containerLink"/>
                                 </catch>
                              </events>
                           </eventContainer>
                           <eventContainer id="lgd9am17">
                              <subflow id="lgd9am1b">
                                 <title>INT-SP-QueryResponseMessage</title>
                                 <subflowGUID>2FXONxTvUMYd3s2dfdimmi</subflowGUID>
                                 <subflowPath>INT-SP-QueryResponseMessage</subflowPath>
                                 <runForEach>false</runForEach>
                                 <input>
                                    <parameter name="InMaterialReturnAddress" source="field" updatable="true">temp.tempMaterialReturnAddressQueryResponseMessage</parameter>
                                    <parameter name="InMaterialReturnAddressShilo" source="field" updatable="true">temp.tempMaterialReturnAddressQueryResponseShilo</parameter>
                                 </input>
                                 <outputDef/>
                              </subflow>
                              <flow id="lgd9am18">
                                 <link id="lgd9am1w" targetId="lgd9am17" type="containerLink"/>
                              </flow>
                              <flow id="lgd9am19">
                                 <subflow id="lgd9am1a">
                                    <title>ER-Create-Error-Log-and-Case</title>
                                    <subflowGUID>jf1vqQ3IEGmerC3QRAjjaU</subflowGUID>
                                    <subflowPath>ER-Create-Error-Log-and-Case</subflowPath>
                                    <runForEach>false</runForEach>
                                    <runAsUser>$system</runAsUser>
                                    <input>
                                       <parameter name="infault reason" source="field" updatable="true">output.faultInfoOutbound[1]/reason</parameter>
                                       <parameter name="infault Detail" source="field" updatable="true">output.faultInfoOutbound[1]/detail</parameter>
                                       <parameter name="infault Code" source="field" updatable="true">output.faultInfoOutbound[1]/code</parameter>
                                       <parameter name="In ProcessId" source="formula" updatable="true">
                                          <expression language="XQuery">util:getProcessId()</expression>
                                       </parameter>
                                       <parameter name="In Process Name" source="constant" updatable="true">INT-MP-QueryMessage</parameter>
                                       <parameter name="In Primary Order" source="query" updatable="true">
                                          <query advanceQuery="false" from="Salesforce:Order">
                                             <where>OrderNumber = '{$temp.tmpQueryMsg[1]/Parameters[1]/Parameter[name/text() = "OrderId"]/value}'</where>
                                          </query>
                                       </parameter>
                                       <parameter name="inSkipServiceCallAndThrow" source="constant" updatable="true">true</parameter>
                                    </input>
                                    <outputDef/>
                                 </subflow>
                                 <link id="lgd9am1x" targetId="lgd9am17" type="containerLink"/>
                              </flow>
                              <link id="lgd9am1t" targetId="lgd9am18" type="containerLink"/>
                              <link id="lgd9am1v" targetId="lgd9am1c"/>
                              <events>
                                 <catch faultField="faultInfoOutbound" id="izhh1ykx" interrupting="true">
                                    <link id="lgd9am1u" targetId="lgd9am19" type="containerLink"/>
                                 </catch>
                              </events>
                           </eventContainer>
                           <assignment id="lgd9am16">
                              <title>Assignment to tempMaterialReturnAddressQueryResponseMessage, tempMaterialReturnAddressQueryResponseShilo</title>
                              <operation source="formula"
                                         to="temp.tempMaterialReturnAddressQueryResponseMessage">
                                 <expression language="XQuery">$output.MaterialReturnAddressQueryResponseMessage</expression>
                              </operation>
                              <operation source="formula" to="temp.tempMaterialReturnAddressQueryResponseShilo">
                                 <expression language="XQuery">$output.MaterialReturnAddressQueryResponseMessageShilo </expression>
                              </operation>
                              <link id="lgd9am1s" targetId="lgd9am17"/>
                           </assignment>
                           <end id="lgd9am1c">
                              <title>Success</title>
                           </end>
                        </flow>
                        <flow id="lgd9am1d">
                           <eventContainer id="lgd9am1e">
                              <subflow id="lgd9am1i">
                                 <title>INT-SP-Msg-Nack-Outbound-Message</title>
                                 <subflowGUID>8FVZNm4sSoYfpFAMZSvoie</subflowGUID>
                                 <subflowPath>INT-SP-Msg-Nack-Outbound-Message</subflowPath>
                                 <appliesTo>Salesforce:ICRT_Message_Log__c</appliesTo>
                                 <appliesToDataName source="field">output.Created ICRT_Message_Log__c</appliesToDataName>
                                 <runForEach>false</runForEach>
                                 <input>
                                    <parameter name="inErrorReason" source="field" updatable="true">output.faultInfo[1]/reason</parameter>
                                    <parameter name="InErrorMessage" source="constant" updatable="true">Code: {$output.faultInfo[1]/code}  Detail: {$output.faultInfo[1]/detail}</parameter>
                                    <parameter name="InObjectId" source="formula" updatable="true">
                                       <expression language="XQuery">$temp.tmpQueryMsg[1]/Parameters[1]/Parameter[name/text() = "OrderId"]/value</expression>
                                    </parameter>
                                    <parameter name="InNackRequired" source="formula" updatable="true">
                                       <expression language="XQuery">$temp.tmpQueryMsg[1]/nackRequired</expression>
                                    </parameter>
                                    <parameter name="InObjectName" source="constant" updatable="true">Order</parameter>
                                    <parameter name="InOrigin" source="field" updatable="true">temp.tmpQueryMsg[1]/origin</parameter>
                                    <parameter name="InMessageInstanceId" source="field" updatable="true">temp.tmpQueryMsg[1]/messageInstanceId</parameter>
                                    <parameter name="InErrorCode" source="field" updatable="true">output.faultInfo[1]/code</parameter>
                                    <parameter name="InOrder" source="query" updatable="true">
                                       <query advanceQuery="false" from="Salesforce:Order">
                                          <where>OrderNumber = '{$temp.tmpQueryMsg[1]/Parameters[1]/Parameter[name/text() = "OrderId"]/value}'</where>
                                       </query>
                                    </parameter>
                                    <parameter name="InCorrelationId" source="field" updatable="true">temp.tmpQueryMsg[1]/correlationId</parameter>
                                    <parameter name="InActivityId" source="field" updatable="true">temp.tmpQueryMsg[1]/activityId</parameter>
                                    <parameter name="InProcessName" source="constant" updatable="true">INT-MP-QueryMessage</parameter>
                                 </input>
                                 <outputDef/>
                              </subflow>
                              <flow id="lgd9am1f">
                                 <link id="lgd9am21" targetId="lgd9am1e" type="containerLink"/>
                              </flow>
                              <flow id="lgd9am1g">
                                 <subflow id="lgd9am1h">
                                    <title>ER-Create-Error-Log-and-Case</title>
                                    <subflowGUID>jf1vqQ3IEGmerC3QRAjjaU</subflowGUID>
                                    <subflowPath>ER-Create-Error-Log-and-Case</subflowPath>
                                    <runForEach>false</runForEach>
                                    <runAsUser>$system</runAsUser>
                                    <input>
                                       <parameter name="infault reason" source="field" updatable="true">output.faultInfoNack[1]/reason</parameter>
                                       <parameter name="infault Detail" source="field" updatable="true">output.faultInfoNack[1]/detail</parameter>
                                       <parameter name="infault Code" source="field" updatable="true">output.faultInfoNack[1]/code</parameter>
                                       <parameter name="In ProcessId" source="formula" updatable="true">
                                          <expression language="XQuery">util:getProcessId()</expression>
                                       </parameter>
                                       <parameter name="In Process Name" source="constant" updatable="true">INT-MP-QueryMessage</parameter>
                                       <parameter name="In Primary Order" source="query" updatable="true">
                                          <query advanceQuery="false" from="Salesforce:Order">
                                             <where>OrderNumber = '{$temp.tmpQueryMsg[1]/Parameters[1]/Parameter[name/text() = "OrderId"]/value}'</where>
                                          </query>
                                       </parameter>
                                       <parameter name="inSkipServiceCallAndThrow" source="constant" updatable="true">true</parameter>
                                    </input>
                                    <outputDef/>
                                 </subflow>
                                 <link id="lgd9am22" targetId="lgd9am1e" type="containerLink"/>
                              </flow>
                              <link id="lgd9am1y" targetId="lgd9am1f" type="containerLink"/>
                              <link id="lgd9am20" targetId="lgd9am1j"/>
                              <events>
                                 <catch faultField="faultInfoNack" id="izg7qngi" interrupting="true">
                                    <link id="lgd9am1z" targetId="lgd9am1g" type="containerLink"/>
                                 </catch>
                              </events>
                           </eventContainer>
                           <end id="lgd9am1j">
                              <title>Failure</title>
                           </end>
                        </flow>
                        <link id="lgd9am1l" targetId="lgd9am10" type="containerLink"/>
                        <events>
                           <catch faultField="faultInfo" id="iwp8xkn7" interrupting="true">
                              <link id="lgd9am1m" targetId="lgd9am1d" type="containerLink"/>
                           </catch>
                        </events>
                     </eventContainer>
                  </flow>
                  <link id="lgd9alv4" targetId="lgd9alv5" type="containerLink">
                     <condition source="formula">
                        <function name="true">
                           <arg name="field">{$temp.tempSystemSetting.OSM_Material_Return_Ship_Service__c}</arg>
                        </function>
                     </condition>
                  </link>
                  <link id="lgd9alv7" targetId="lgd9alv8" type="containerLink">
                     <condition source="formula">
                        <function name="false">
                           <arg name="field">{$temp.tempSystemSetting.OSM_Material_Return_Ship_Service__c}</arg>
                        </function>
                     </condition>
                  </link>
               </container>
               <assignment id="c">
                  <title>Simplify XML </title>
                  <operation source="formula" to="temp.tmpQueryMsg">
                     <expression language="XQuery">util:simplifyXml($input.QueryMessage)</expression>
                  </operation>
                  <link id="jalds1nh" targetId="jalds1ng"/>
               </assignment>
               <assignment id="jalds1ng">
                  <title>Assignment to processName, tempOrderId</title>
                  <operation source="formula" to="temp.processName">
                     <expression language="XQuery">ipd:setProcessTitle(fn:concat("INT-MP-QueryMessage-",$temp.tmpQueryMsg[1]/Parameters[1]/Parameter[name/text() = "OrderId"]/value))</expression>
                  </operation>
                  <operation source="formula" to="temp.tempOrderId">
                     <expression language="XQuery">$temp.tmpQueryMsg[1]/Parameters[1]/Parameter[name/text() = "OrderId"]/value</expression>
                  </operation>
                  <link id="kjy5wama" targetId="kjy5wam9"/>
               </assignment>
               <assignment id="kjy5wam9">
                  <title>Assignment to tempOrder, tempSystemSetting</title>
                  <operation source="query" to="temp.tempOrder">
                     <query advanceQuery="false" from="Salesforce:Order">
                        <where>OrderNumber = '{$temp.tempOrderId}'</where>
                     </query>
                  </operation>
                  <operation source="query" to="temp.tempSystemSetting">
                     <query advanceQuery="false" from="Salesforce:Record_Type__c">
                        <where>Limit 1</where>
                     </query>
                  </operation>
                  <link id="kpxzq0xl" targetId="kpxzq0xk"/>
               </assignment>
               <create id="izew8wbs">
                  <title>ICRT Message Log Inbound</title>
                  <entityName>Salesforce:ICRT_Message_Log__c</entityName>
                  <createInput>
                     <parameter name="ICRT_Create_Process_ID__c" source="formula" updatable="true">
                        <expression language="XQuery">util:getProcessId()</expression>
                     </parameter>
                     <parameter name="ICRT_MW_Message_ID__c" source="field" updatable="true">temp.tmpQueryMsg[1]/correlationId</parameter>
                     <parameter name="ICRT_Message_Direction__c" source="constant" updatable="true">Inbound</parameter>
                     <parameter name="ICRT_Message_Status__c" source="constant" updatable="true">New</parameter>
                     <parameter name="ICRT_Message_Type__c" source="constant" updatable="true">QueryMessage</parameter>
                     <parameter name="ICRT_Object_ID__c" source="formula" updatable="true">
                        <expression language="XQuery">$temp.tmpQueryMsg[1]/Parameters[1]/Parameter[name/text() = "OrderId"]/value </expression>
                     </parameter>
                     <parameter name="ICRT_Object_Name__c" source="constant" updatable="true">Order</parameter>
                     <parameter name="ICRT_Source_Message_ID__c" source="field" updatable="true">temp.tmpQueryMsg[1]/messageInstanceId</parameter>
                     <parameter name="ICRT_Order__c" source="field">temp.tempOrder</parameter>
                     <parameter name="ICRT_Orderable__c" source="field" updatable="true">temp.tempOrderable</parameter>
                  </createInput>
                  <link id="izew8wde" targetId="izew8wdd"/>
               </create>
               <milestone id="izew8wdd">
                  <httpStatus>202</httpStatus>
                  <link id="lgd9alv2" targetId="lgd9alv1"/>
               </milestone>
            </flow>
         </process>
      </types1:Entry>
      <types1:GUID>5Gw20yI6zsNejQNEhsJ4QW</types1:GUID>
      <types1:DisplayName>INT-MP-QueryMessage</types1:DisplayName>
   </types1:Item>
   <types1:CurrentServerDateTime>2023-05-18T11:14:44.932Z</types1:CurrentServerDateTime>
</aetgt:getResponse>
