<aetgt:getResponse xmlns:aetgt="http://schemas.active-endpoints.com/appmodules/repository/2010/10/avrepository.xsd"
                   xmlns:types1="http://schemas.active-endpoints.com/appmodules/repository/2010/10/avrepository.xsd">
   <types1:Item>
      <types1:EntryId>6tMFyglsO7RY6pk-gt-9633185-2023-05-02T21:43:21.934Z::pd.xml</types1:EntryId>
      <types1:Name>INT-MP-Order-Information-Retrieval</types1:Name>
      <types1:MimeType>application/xml+process</types1:MimeType>
      <types1:Description>User Story 303985: OM : [Mayo ExTra + Riskguard] - Create API for PG to access required fields based on Order ID
SRS 0043 Order Data Entry: FR-ODE-API-100-1</types1:Description>
      <types1:AppliesTo/>
      <types1:Tags/>
      <types1:VersionLabel>1.0</types1:VersionLabel>
      <types1:State>CURRENT</types1:State>
      <types1:ProcessGroup/>
      <types1:CreatedBy>admin@par15.ghi</types1:CreatedBy>
      <types1:CreationDate>2023-05-02T21:43:22Z</types1:CreationDate>
      <types1:ModifiedBy>admin@par15.ghi</types1:ModifiedBy>
      <types1:ModificationDate>2023-05-15T23:35:20Z</types1:ModificationDate>
      <types1:PublicationStatus>published</types1:PublicationStatus>
      <types1:PublishedBy>admin@par15.ghi</types1:PublishedBy>
      <types1:PublicationDate>2023-05-15T23:35:26Z</types1:PublicationDate>
      <types1:PublishedContributionId>project:/spi.INT-MP-Order-Information-Retrieval/INT-MP-Order-Information-Retrieval.pd.xml</types1:PublishedContributionId>
      <types1:AutosaveExists>false</types1:AutosaveExists>
      <types1:Entry>
         <process xmlns="http://schemas.active-endpoints.com/appmodules/screenflow/2010/10/avosScreenflow.xsd"
                  xmlns:tfm="http://schemas.active-endpoints.com/appmodules/screenflow/2021/04/taskflowModel.xsd"
                  xmlns:list="urn:activevos:spi:list:functions"
                  displayName="INT-MP-Order-Information-Retrieval"
                  name="INT-MP-Order-Information-Retrieval"
                  overrideAPIName="true">
            <parameterSet xmlns="http://schemas.active-endpoints.com/appmodules/screenflow/2021/04/taskflowModel.xsd"/>
            <appliesTo/>
            <description>User Story 303985: OM : [Mayo ExTra + Riskguard] - Create API for PG to access required fields based on Order ID
SRS 0043 Order Data Entry: FR-ODE-API-100-1</description>
            <tags/>
            <generator>Informatica Process Designer 11</generator>
            <input>
               <parameter description="" name="inOrderID" type="string">
                  <options>
                     <option name="required">false</option>
                  </options>
               </parameter>
               <parameter description="" name="inEmail" type="string">
                  <options>
                     <option name="required">false</option>
                  </options>
               </parameter>
            </input>
            <output>
               <field description="" name="output" type="reference">
                  <options>
                     <option name="referenceTo">$po:OrderInformationRetrieval</option>
                     <option name="required">false</option>
                     <option name="isCopy">true</option>
                     <option name="guid">gnmzlBsMsg2e35nmb1C9UZ</option>
                  </options>
               </field>
            </output>
            <tempFields>
               <field description="" name="tempOrder" type="reference">
                  <options>
                     <option name="referenceTo">Salesforce:Order</option>
                     <option name="required">false</option>
                     <option name="guid">9rhyRDabNHiiDcOu4c64gK</option>
                  </options>
               </field>
               <field description="" name="tempOrderRole" type="reference">
                  <options>
                     <option name="referenceTo">Salesforce:OSM_Order_Role__c</option>
                     <option name="required">false</option>
                     <option name="guid">9rhyRDabNHiiDcOu4c64gK</option>
                  </options>
               </field>
               <field description="" name="tempUser" type="reference">
                  <options>
                     <option name="referenceTo">Salesforce:User</option>
                     <option name="required">false</option>
                     <option name="guid">9rhyRDabNHiiDcOu4c64gK</option>
                  </options>
               </field>
            </tempFields>
            <notes>User Story 303985: OM : [Mayo ExTra + Riskguard] - Create API for PG to access required fields based on Order ID
SRS 0043 Order Data Entry: FR-ODE-API-100-1</notes>
            <deployment skipIfRunning="false" suspendOnFault="false" tracingLevel="verbose">
               <rest>
                  <allowedUsers>
                     <user>biztalk@genomichealth.com</user>
                     <user>biztalk@par15.ghi</user>
                  </allowedUsers>
               </rest>
            </deployment>
            <flow id="a">
               <start id="b">
                  <link id="lgxo4kl7" targetId="lgxo4kl6"/>
               </start>
               <container id="lgxo4kl6" type="exclusive">
                  <title>inOrderID</title>
                  <flow id="lgxo4klg">
                     <throw id="lgxo4kne">
                        <title>Throw 1</title>
                        <throwInput>
                           <parameter name="code" source="constant" updatable="true">403</parameter>
                           <parameter name="detail" source="constant" updatable="true">Order was not found</parameter>
                           <parameter name="reason" source="constant" updatable="true">Order was not found</parameter>
                        </throwInput>
                     </throw>
                  </flow>
                  <flow id="lgxo4kli">
                     <assignment id="lgxo4klu">
                        <title>Assignment to tempOrder</title>
                        <operation source="query" to="temp.tempOrder">
                           <query advanceQuery="false" from="Salesforce:Order">
                              <where>OrderNumber = '{$input.inOrderID}'</where>
                           </query>
                        </operation>
                        <link id="lgyrl12q" targetId="lgyrl12p"/>
                     </assignment>
                     <container id="lgyrl12p" type="exclusive">
                        <title>tempOrder</title>
                        <flow id="lgyrl139">
                           <assignment id="lhkds7lp">
                              <title>Assignment to tempOrderRole 1</title>
                              <operation source="query" to="temp.tempOrderRole">
                                 <query advanceQuery="false" from="Salesforce:OSM_Order_Role__c">
                                    <where>OSM_Order__c = '{$temp.tempOrder}' AND OSM_Role__c = 'Ordering'</where>
                                 </query>
                              </operation>
                              <link id="lhkds96h" targetId="lhkds96g"/>
                           </assignment>
                           <container id="lhkds96g" type="exclusive">
                              <title>tempOrderRole</title>
                              <flow id="lhkds9ae">
                                 <assignment id="lhkds9i4">
                                    <title>Assignment to tempUser</title>
                                    <operation source="query" to="temp.tempUser">
                                       <query advanceQuery="false" from="Salesforce:User">
                                          <where>ContactId != '' AND (ContactId = '{$temp.tempOrderRole.OSM_Contact__c}' OR ContactId = '{$temp.tempOrderRole.OSM_Delegate__r.OSM_Contact__c}') AND Email = '{$input.inEmail }'</where>
                                       </query>
                                    </operation>
                                    <link id="lhkdsazo" targetId="lhkdsazn"/>
                                 </assignment>
                                 <container id="lhkdsazn" type="exclusive">
                                    <title>tempUser</title>
                                    <flow id="lhkdsb3n">
                                       <link id="lhkdsb3o" targetId="lhkdsazn" type="containerLink"/>
                                    </flow>
                                    <flow id="lhkdsb3p">
                                       <jumpTo id="lhog2fed">
                                          <link id="lhog2fhz" targetId="lhog2f1t"/>
                                       </jumpTo>
                                    </flow>
                                    <link id="lhkdsb3g" targetId="lhkdsb3n" type="containerLink">
                                       <condition source="formula">
                                          <function name="set">
                                             <arg name="field">{$temp.tempUser}</arg>
                                          </function>
                                       </condition>
                                    </link>
                                    <link id="lhkdsb3j" targetId="lhkdsb3p" type="containerLink">
                                       <condition source="formula">
                                          <function name="unset">
                                             <arg name="field">{$temp.tempUser}</arg>
                                          </function>
                                       </condition>
                                    </link>
                                 </container>
                                 <link id="lhkds9af" targetId="lhkds96g" type="containerLink"/>
                              </flow>
                              <flow id="lhkds9ag">
                                 <throw id="lhog2f1t">
                                    <title>Throw 5</title>
                                    <throwInput>
                                       <parameter name="code" source="constant" updatable="true">403</parameter>
                                       <parameter name="detail" source="constant" updatable="true">User does not have access to this order; either ordering information is missing or match not found for the email</parameter>
                                       <parameter name="reason" source="constant" updatable="true">User does not have access to this order; either ordering information is missing or match not found for the email</parameter>
                                    </throwInput>
                                 </throw>
                              </flow>
                              <link id="lhkds9a7" targetId="lhkds9ae" type="containerLink">
                                 <condition source="formula">
                                    <function name="set">
                                       <arg name="field">{$temp.tempOrderRole}</arg>
                                    </function>
                                 </condition>
                              </link>
                              <link id="lhkds9aa" targetId="lhkds9ag" type="containerLink">
                                 <condition source="formula">
                                    <function name="unset">
                                       <arg name="field">{$temp.tempOrderRole}</arg>
                                    </function>
                                 </condition>
                              </link>
                              <link id="lhkdsc4z" targetId="lh5vqxkl"/>
                           </container>
                           <container id="lh5vqxkl" type="parallel">
                              <title>Parallel Paths 1</title>
                              <flow id="lh5vqxko">
                                 <container id="lh5vqxm2" type="exclusive">
                                    <title>Patient - First Name</title>
                                    <flow id="lh5vqxm3">
                                       <link id="lh5vqxm8" targetId="lh5vqxm2" type="containerLink"/>
                                    </flow>
                                    <flow id="lh5vqxm4">
                                       <assignment id="lh5vqxm5">
                                          <title>Assignment to firstName</title>
                                          <operation source="field" to="output.output[1]/PatientInformation[1]/firstName">temp.tempOrder.OSM_Patient_First_Name__c</operation>
                                       </assignment>
                                       <link id="lh5vqxm9" targetId="lh5vqxm2" type="containerLink"/>
                                    </flow>
                                    <link id="lh5vqxm6" targetId="lh5vqxm3" type="containerLink">
                                       <condition source="formula">
                                          <function name="string-equals">
                                             <arg name="left">{$temp.tempOrder.OSM_Patient_First_Name__c}</arg>
                                             <arg name="right"/>
                                          </function>
                                       </condition>
                                    </link>
                                    <link id="lh5vqxm7" targetId="lh5vqxm4" type="containerLink"/>
                                 </container>
                                 <link id="lh5vqxkp" targetId="lh5vqxkl" type="containerLink"/>
                              </flow>
                              <flow id="lh5vqxos">
                                 <container id="lh5vqxx1" type="exclusive">
                                    <title>Patient - Middle Name</title>
                                    <flow id="lh5vqxx2">
                                       <link id="lh5vqxx7" targetId="lh5vqxx1" type="containerLink"/>
                                    </flow>
                                    <flow id="lh5vqxx3">
                                       <assignment id="lh5vqxx4">
                                          <title>Assignment to middleName</title>
                                          <operation source="field" to="output.output[1]/PatientInformation[1]/middleName">temp.tempOrder.OSM_Patient_Middle_Name__c</operation>
                                       </assignment>
                                       <link id="lh5vqxx8" targetId="lh5vqxx1" type="containerLink"/>
                                    </flow>
                                    <link id="lh5vqxx5" targetId="lh5vqxx2" type="containerLink">
                                       <condition source="formula">
                                          <function name="string-equals">
                                             <arg name="left">{$temp.tempOrder.OSM_Patient_Middle_Name__c}</arg>
                                             <arg name="right"/>
                                          </function>
                                       </condition>
                                    </link>
                                    <link id="lh5vqxx6" targetId="lh5vqxx3" type="containerLink"/>
                                 </container>
                                 <link id="lh5vqxot" targetId="lh5vqxkl" type="containerLink"/>
                              </flow>
                              <flow id="lh5vqxq4">
                                 <container id="lh5vqxzz" type="exclusive">
                                    <title>Patient - Last Name</title>
                                    <flow id="lh5vqy00">
                                       <link id="lh5vqy05" targetId="lh5vqxzz" type="containerLink"/>
                                    </flow>
                                    <flow id="lh5vqy01">
                                       <assignment id="lh5vqy02">
                                          <title>Assignment to lastName</title>
                                          <operation source="field" to="output.output[1]/PatientInformation[1]/lastName">temp.tempOrder.OSM_Patient_Last_Name__c</operation>
                                       </assignment>
                                       <link id="lh5vqy06" targetId="lh5vqxzz" type="containerLink"/>
                                    </flow>
                                    <link id="lh5vqy03" targetId="lh5vqy00" type="containerLink">
                                       <condition source="formula">
                                          <function name="string-equals">
                                             <arg name="left">{$temp.tempOrder.OSM_Patient_Last_Name__c}</arg>
                                             <arg name="right"/>
                                          </function>
                                       </condition>
                                    </link>
                                    <link id="lh5vqy04" targetId="lh5vqy01" type="containerLink"/>
                                 </container>
                                 <link id="lh5vqxq5" targetId="lh5vqxkl" type="containerLink"/>
                              </flow>
                              <flow id="lh5vqxrh">
                                 <container id="lh5vqy2x" type="exclusive">
                                    <title>Patient - DOB</title>
                                    <flow id="lh5vqy2y">
                                       <assignment id="lh5vqy2z">
                                          <title>Assignment to dateOfBirth</title>
                                          <operation source="field" to="output.output[1]/PatientInformation[1]/dateOfBirth">temp.tempOrder.OSM_Patient_DOB__c</operation>
                                       </assignment>
                                       <link id="lh5vqy33" targetId="lh5vqy2x" type="containerLink"/>
                                    </flow>
                                    <flow id="lh5vqy30">
                                       <link id="lh5vqy34" targetId="lh5vqy2x" type="containerLink"/>
                                    </flow>
                                    <link id="lh5vqy31" targetId="lh5vqy2y" type="containerLink">
                                       <condition source="formula">
                                          <function name="set">
                                             <arg name="field">{$temp.tempOrder.OSM_Patient_DOB__c}</arg>
                                          </function>
                                       </condition>
                                    </link>
                                    <link id="lh5vqy32" targetId="lh5vqy30" type="containerLink">
                                       <condition source="formula">
                                          <function name="unset">
                                             <arg name="field">{$temp.tempOrder.OSM_Patient_DOB__c}</arg>
                                          </function>
                                       </condition>
                                    </link>
                                 </container>
                                 <link id="lh5vqxri" targetId="lh5vqxkl" type="containerLink"/>
                              </flow>
                              <flow id="lh5vqxsv">
                                 <container id="lh5vqy7a" type="exclusive">
                                    <title>Patient - Gender</title>
                                    <flow id="lh5vqy7b">
                                       <assignment id="lh5vqy7c">
                                          <title>Assignment to gender</title>
                                          <operation source="field" to="output.output[1]/PatientInformation[1]/gender">temp.tempOrder.OSM_Patient_Gender__c</operation>
                                       </assignment>
                                       <link id="lh5vqy7g" targetId="lh5vqy7a" type="containerLink"/>
                                    </flow>
                                    <flow id="lh5vqy7d">
                                       <link id="lh5vqy7h" targetId="lh5vqy7a" type="containerLink"/>
                                    </flow>
                                    <link id="lh5vqy7e" targetId="lh5vqy7b" type="containerLink">
                                       <condition source="formula">
                                          <function name="included">
                                             <arg name="left">{$temp.tempOrder.OSM_Patient_Gender__c}</arg>
                                             <arg name="right">Male,Female,Unknown</arg>
                                          </function>
                                       </condition>
                                    </link>
                                    <link id="lh5vqy7f" targetId="lh5vqy7d" type="containerLink"/>
                                 </container>
                                 <link id="lh5vqxsw" targetId="lh5vqxkl" type="containerLink"/>
                              </flow>
                              <flow id="lh5vqy5u">
                                 <container id="lh5vqyaa" type="exclusive">
                                    <title>Patient - MRN</title>
                                    <flow id="lh5vqyab">
                                       <link id="lh5vqyag" targetId="lh5vqyaa" type="containerLink"/>
                                    </flow>
                                    <flow id="lh5vqyac">
                                       <assignment id="lh5vqyad">
                                          <title>Assignment to medicalRecordNumber</title>
                                          <operation source="field"
                                                     to="output.output[1]/PatientInformation[1]/medicalRecordNumber">temp.tempOrder.OSM_Patient_MRN__c</operation>
                                       </assignment>
                                       <link id="lh5vqyah" targetId="lh5vqyaa" type="containerLink"/>
                                    </flow>
                                    <link id="lh5vqyae" targetId="lh5vqyab" type="containerLink">
                                       <condition source="formula">
                                          <function name="string-equals">
                                             <arg name="left">{$temp.tempOrder.OSM_Patient_MRN__c}</arg>
                                             <arg name="right"/>
                                          </function>
                                       </condition>
                                    </link>
                                    <link id="lh5vqyaf" targetId="lh5vqyac" type="containerLink"/>
                                 </container>
                                 <link id="lh5vqy5v" targetId="lh5vqxkl" type="containerLink"/>
                              </flow>
                              <flow id="lh5vqyda">
                                 <container id="lh5vqyhs" type="exclusive">
                                    <title>Customer Purchase Order</title>
                                    <flow id="lh5vqyht">
                                       <link id="lh5vqyhy" targetId="lh5vqyhs" type="containerLink"/>
                                    </flow>
                                    <flow id="lh5vqyhu">
                                       <assignment id="lh5vqyhv">
                                          <title>Assignment to purchaseOrderNumber</title>
                                          <operation source="field"
                                                     to="output.output[1]/BillingInformation[1]/purchaseOrderNumber">temp.tempOrder.OSM_Customer_Purchase_Order__c</operation>
                                       </assignment>
                                       <link id="lh5vqyhz" targetId="lh5vqyhs" type="containerLink"/>
                                    </flow>
                                    <link id="lh5vqyhw" targetId="lh5vqyht" type="containerLink">
                                       <condition source="formula">
                                          <function name="string-equals">
                                             <arg name="left">{$temp.tempOrder.OSM_Customer_Purchase_Order__c}</arg>
                                             <arg name="right"/>
                                          </function>
                                       </condition>
                                    </link>
                                    <link id="lh5vqyhx" targetId="lh5vqyhu" type="containerLink"/>
                                 </container>
                                 <link id="lh5vqydb" targetId="lh5vqxkl" type="containerLink"/>
                              </flow>
                              <flow id="lh5vqyer">
                                 <container id="lh5vqyky" type="exclusive">
                                    <title>Bill Type</title>
                                    <flow id="lh5vqykz">
                                       <assignment id="lh5vqyl0">
                                          <title>Assignment to paymentMethod</title>
                                          <operation source="field"
                                                     to="output.output[1]/BillingInformation[1]/paymentMethod">temp.tempOrder.OSM_Bill_Type__c</operation>
                                       </assignment>
                                       <link id="lh5vqyl4" targetId="lh5vqyky" type="containerLink"/>
                                    </flow>
                                    <flow id="lh5vqyl1">
                                       <link id="lh5vqyl5" targetId="lh5vqyky" type="containerLink"/>
                                    </flow>
                                    <link id="lh5vqyl2" targetId="lh5vqykz" type="containerLink">
                                       <condition source="formula">
                                          <function name="included">
                                             <arg name="left">{$temp.tempOrder.OSM_Bill_Type__c}</arg>
                                             <arg name="right">Private Insurance,Medicare,Medicaid,Bill Account,Patient Pre-Pay,Patient Post-DOS Pay,Study Name/ Other,Genomic Health,Uninsured Patient,Free of Charge</arg>
                                          </function>
                                       </condition>
                                    </link>
                                    <link id="lh5vqyl3" targetId="lh5vqyl1" type="containerLink"/>
                                 </container>
                                 <link id="lh5vqyes" targetId="lh5vqxkl" type="containerLink"/>
                              </flow>
                              <flow id="lh5vqyg9">
                                 <container id="lh5vqyo4" type="exclusive">
                                    <title>Bill Account</title>
                                    <flow id="lh5vqyo5">
                                       <container id="lh5vr1mu" type="exclusive">
                                          <title>Institution/Hospital Name</title>
                                          <flow id="lh5vr1mx">
                                             <link id="lh5vr1my" targetId="lh5vr1mu" type="containerLink"/>
                                          </flow>
                                          <flow id="lh5vr1n0">
                                             <assignment id="lh5vr1sd">
                                                <title>Assignment to contractedInstitution/Hospital</title>
                                                <operation source="field"
                                                           to="output.output[1]/BillingInformation[1]/contractedInstitutionHospital">temp.tempOrder.GHI_Portal_Institution_Hospital_Name__c</operation>
                                             </assignment>
                                             <link id="lh5vr1n1" targetId="lh5vr1mu" type="containerLink"/>
                                          </flow>
                                          <link id="lh5vr1mw" targetId="lh5vr1mx" type="containerLink">
                                             <condition source="formula">
                                                <function name="string-equals">
                                                   <arg name="left">{$temp.tempOrder.GHI_Portal_Institution_Hospital_Name__c}</arg>
                                                   <arg name="right"/>
                                                </function>
                                             </condition>
                                          </link>
                                          <link id="lh5vr1mz" targetId="lh5vr1n0" type="containerLink"/>
                                       </container>
                                       <link id="lh5vqyoa" targetId="lh5vqyo4" type="containerLink"/>
                                    </flow>
                                    <flow id="lh5vqyo7">
                                       <link id="lh5vqyob" targetId="lh5vqyo4" type="containerLink"/>
                                    </flow>
                                    <link id="lh5vqyo8" targetId="lh5vqyo5" type="containerLink">
                                       <condition source="formula">
                                          <function name="string-equals">
                                             <arg name="left">{$temp.tempOrder.OSM_Bill_Type__c}</arg>
                                             <arg name="right">Bill Account</arg>
                                          </function>
                                       </condition>
                                    </link>
                                    <link id="lh5vqyo9" targetId="lh5vqyo7" type="containerLink"/>
                                 </container>
                                 <link id="lh5vqyga" targetId="lh5vqxkl" type="containerLink"/>
                              </flow>
                              <flow id="lhomija1">
                                 <container id="lhomijdm" type="exclusive">
                                    <title>State</title>
                                    <flow id="lhomijdn">
                                       <link id="lhomijds" targetId="lhomijdm" type="containerLink"/>
                                    </flow>
                                    <flow id="lhomijdo">
                                       <assignment id="lhomijdp">
                                          <title>Assignment to stateProvince</title>
                                          <operation source="field"
                                                     to="output.output[1]/PhysicianInformation[1]/stateProvince">temp.tempOrderRole.OSM_Account_State__c</operation>
                                       </assignment>
                                       <link id="lhomijdt" targetId="lhomijdm" type="containerLink"/>
                                    </flow>
                                    <link id="lhomijdq" targetId="lhomijdn" type="containerLink">
                                       <condition source="formula">
                                          <function name="string-equals">
                                             <arg name="left">{$temp.tempOrderRole.OSM_Account_State__c}</arg>
                                             <arg name="right"/>
                                          </function>
                                       </condition>
                                    </link>
                                    <link id="lhomijdr" targetId="lhomijdo" type="containerLink"/>
                                 </container>
                                 <link id="lhomija2" targetId="lh5vqxkl" type="containerLink"/>
                              </flow>
                              <flow id="lhomijrr">
                                 <container id="lhomijyc" type="exclusive">
                                    <title>Postal Code</title>
                                    <flow id="lhomijyd">
                                       <link id="lhomijyi" targetId="lhomijyc" type="containerLink"/>
                                    </flow>
                                    <flow id="lhomijye">
                                       <assignment id="lhomijyf">
                                          <title>Assignment to zip</title>
                                          <operation source="field" to="output.output[1]/PhysicianInformation[1]/zip">temp.tempOrderRole.OSM_Account_Postal_Address__c</operation>
                                       </assignment>
                                       <link id="lhomijyj" targetId="lhomijyc" type="containerLink"/>
                                    </flow>
                                    <link id="lhomijyg" targetId="lhomijyd" type="containerLink">
                                       <condition source="formula">
                                          <function name="string-equals">
                                             <arg name="left">{$temp.tempOrderRole.OSM_Account_Postal_Address__c}</arg>
                                             <arg name="right"/>
                                          </function>
                                       </condition>
                                    </link>
                                    <link id="lhomijyh" targetId="lhomijye" type="containerLink"/>
                                 </container>
                                 <link id="lhomijrs" targetId="lh5vqxkl" type="containerLink"/>
                              </flow>
                              <flow id="lhomijtd">
                                 <container id="lhomik1t" type="exclusive">
                                    <title>Contact - Full Name</title>
                                    <flow id="lhomik1u">
                                       <link id="lhomik1z" targetId="lhomik1t" type="containerLink"/>
                                    </flow>
                                    <flow id="lhomik1v">
                                       <assignment id="lhomik1w">
                                          <title>Assignment to physicianName</title>
                                          <operation source="field"
                                                     to="output.output[1]/PhysicianInformation[1]/physicianName">temp.tempOrderRole.OSM_Contact_Full_Name__c</operation>
                                       </assignment>
                                       <link id="lhomik20" targetId="lhomik1t" type="containerLink"/>
                                    </flow>
                                    <link id="lhomik1x" targetId="lhomik1u" type="containerLink">
                                       <condition source="formula">
                                          <function name="string-equals">
                                             <arg name="left">{$temp.tempOrderRole.OSM_Contact_Full_Name__c}</arg>
                                             <arg name="right"/>
                                          </function>
                                       </condition>
                                    </link>
                                    <link id="lhomik1y" targetId="lhomik1v" type="containerLink"/>
                                 </container>
                                 <link id="lhomijte" targetId="lh5vqxkl" type="containerLink"/>
                              </flow>
                              <flow id="lhomijv0">
                                 <container id="lhomik5a" type="exclusive">
                                    <title>Phone</title>
                                    <flow id="lhomik5b">
                                       <link id="lhomik5g" targetId="lhomik5a" type="containerLink"/>
                                    </flow>
                                    <flow id="lhomik5c">
                                       <assignment id="lhomik5d">
                                          <title>Assignment to phone</title>
                                          <operation source="field" to="output.output[1]/PhysicianInformation[1]/phone">temp.tempOrderRole.OSM_Account_Phone__c</operation>
                                       </assignment>
                                       <link id="lhomik5h" targetId="lhomik5a" type="containerLink"/>
                                    </flow>
                                    <link id="lhomik5e" targetId="lhomik5b" type="containerLink">
                                       <condition source="formula">
                                          <function name="string-equals">
                                             <arg name="left">{$temp.tempOrderRole.OSM_Account_Phone__c}</arg>
                                             <arg name="right"/>
                                          </function>
                                       </condition>
                                    </link>
                                    <link id="lhomik5f" targetId="lhomik5c" type="containerLink"/>
                                 </container>
                                 <link id="lhomijv1" targetId="lh5vqxkl" type="containerLink"/>
                              </flow>
                              <flow id="lhomijwo">
                                 <container id="lhomik8r" type="exclusive">
                                    <title>NPI</title>
                                    <flow id="lhomik8s">
                                       <link id="lhomik8x" targetId="lhomik8r" type="containerLink"/>
                                    </flow>
                                    <flow id="lhomik8t">
                                       <assignment id="lhomik8u">
                                          <title>Assignment to npi</title>
                                          <operation source="field" to="output.output[1]/PhysicianInformation[1]/npi">temp.tempOrderRole.OSM_NPI__c</operation>
                                       </assignment>
                                       <link id="lhomik8y" targetId="lhomik8r" type="containerLink"/>
                                    </flow>
                                    <link id="lhomik8v" targetId="lhomik8s" type="containerLink">
                                       <condition source="formula">
                                          <function name="string-equals">
                                             <arg name="left">{$temp.tempOrderRole.OSM_NPI__c}</arg>
                                             <arg name="right"/>
                                          </function>
                                       </condition>
                                    </link>
                                    <link id="lhomik8w" targetId="lhomik8t" type="containerLink"/>
                                 </container>
                                 <link id="lhomijwp" targetId="lh5vqxkl" type="containerLink"/>
                              </flow>
                              <flow id="lhomikc9">
                                 <container id="lhomikfp" type="exclusive">
                                    <title>Contact - Portal Email</title>
                                    <flow id="lhomikfq">
                                       <link id="lhomikfv" targetId="lhomikfp" type="containerLink"/>
                                    </flow>
                                    <flow id="lhomikfr">
                                       <assignment id="lhomikfs">
                                          <title>Assignment to emailAddress</title>
                                          <operation source="field"
                                                     to="output.output[1]/PhysicianInformation[1]/emailAddress">temp.tempOrderRole.OSM_Portal_Email__c</operation>
                                       </assignment>
                                       <link id="lhomikfw" targetId="lhomikfp" type="containerLink"/>
                                    </flow>
                                    <link id="lhomikft" targetId="lhomikfq" type="containerLink">
                                       <condition source="formula">
                                          <function name="string-equals">
                                             <arg name="left">{$temp.tempOrderRole.OSM_Portal_Email__c}</arg>
                                             <arg name="right"/>
                                          </function>
                                       </condition>
                                    </link>
                                    <link id="lhomikfu" targetId="lhomikfr" type="containerLink"/>
                                 </container>
                                 <link id="lhomikca" targetId="lh5vqxkl" type="containerLink"/>
                              </flow>
                              <flow id="lhomikdz">
                                 <container id="lhomikja" type="exclusive">
                                    <title>Country</title>
                                    <flow id="lhomikjb">
                                       <link id="lhomikjg" targetId="lhomikja" type="containerLink"/>
                                    </flow>
                                    <flow id="lhomikjc">
                                       <assignment id="lhomikjd">
                                          <title>Assignment to country</title>
                                          <operation source="field" to="output.output[1]/PhysicianInformation[1]/country">temp.tempOrderRole.OSM_Account_Country__c</operation>
                                       </assignment>
                                       <link id="lhomikjh" targetId="lhomikja" type="containerLink"/>
                                    </flow>
                                    <link id="lhomikje" targetId="lhomikjb" type="containerLink">
                                       <condition source="formula">
                                          <function name="string-equals">
                                             <arg name="left">{$temp.tempOrderRole.OSM_Account_Country__c}</arg>
                                             <arg name="right"/>
                                          </function>
                                       </condition>
                                    </link>
                                    <link id="lhomikjf" targetId="lhomikjc" type="containerLink"/>
                                 </container>
                                 <link id="lhomike0" targetId="lh5vqxkl" type="containerLink"/>
                              </flow>
                              <flow id="lhomikmw">
                                 <container id="lhomikzs" type="exclusive">
                                    <title>City</title>
                                    <flow id="lhomikzt">
                                       <link id="lhomikzy" targetId="lhomikzs" type="containerLink"/>
                                    </flow>
                                    <flow id="lhomikzu">
                                       <assignment id="lhomikzv">
                                          <title>Assignment to city</title>
                                          <operation source="field" to="output.output[1]/PhysicianInformation[1]/city">temp.tempOrderRole.OSM_City__c</operation>
                                       </assignment>
                                       <link id="lhomikzz" targetId="lhomikzs" type="containerLink"/>
                                    </flow>
                                    <link id="lhomikzw" targetId="lhomikzt" type="containerLink">
                                       <condition source="formula">
                                          <function name="string-equals">
                                             <arg name="left">{$temp.tempOrderRole.OSM_City__c}</arg>
                                             <arg name="right"/>
                                          </function>
                                       </condition>
                                    </link>
                                    <link id="lhomikzx" targetId="lhomikzu" type="containerLink"/>
                                 </container>
                                 <link id="lhomikmx" targetId="lh5vqxkl" type="containerLink"/>
                              </flow>
                              <flow id="lhomikoo">
                                 <container id="lhomil3j" type="exclusive">
                                    <title>Address Line 1</title>
                                    <flow id="lhomil3k">
                                       <link id="lhomil3p" targetId="lhomil3j" type="containerLink"/>
                                    </flow>
                                    <flow id="lhomil3l">
                                       <assignment id="lhomil3m">
                                          <title>Assignment to address</title>
                                          <operation source="field" to="output.output[1]/PhysicianInformation[1]/address">temp.tempOrderRole.OSM_Account_Address_Line_1__c</operation>
                                       </assignment>
                                       <link id="lhomil3q" targetId="lhomil3j" type="containerLink"/>
                                    </flow>
                                    <link id="lhomil3n" targetId="lhomil3k" type="containerLink">
                                       <condition source="formula">
                                          <function name="string-equals">
                                             <arg name="left">{$temp.tempOrderRole.OSM_Account_Address_Line_1__c}</arg>
                                             <arg name="right"/>
                                          </function>
                                       </condition>
                                    </link>
                                    <link id="lhomil3o" targetId="lhomil3l" type="containerLink"/>
                                 </container>
                                 <link id="lhomikop" targetId="lh5vqxkl" type="containerLink"/>
                              </flow>
                              <flow id="lhomikqh">
                                 <container id="lhomikw1" type="exclusive">
                                    <title>Address Line 2</title>
                                    <flow id="lhomikw2">
                                       <link id="lhomikw7" targetId="lhomikw1" type="containerLink"/>
                                    </flow>
                                    <flow id="lhomikw3">
                                       <assignment id="lhomikw4">
                                          <title>Assignment to street</title>
                                          <operation source="field" to="output.output[1]/PhysicianInformation[1]/street">temp.tempOrderRole.OSM_Account_Address_Line_2__c</operation>
                                       </assignment>
                                       <link id="lhomikw8" targetId="lhomikw1" type="containerLink"/>
                                    </flow>
                                    <link id="lhomikw5" targetId="lhomikw2" type="containerLink">
                                       <condition source="formula">
                                          <function name="string-equals">
                                             <arg name="left">{$temp.tempOrderRole.OSM_Account_Address_Line_2__c}</arg>
                                             <arg name="right"/>
                                          </function>
                                       </condition>
                                    </link>
                                    <link id="lhomikw6" targetId="lhomikw3" type="containerLink"/>
                                 </container>
                                 <link id="lhomikqi" targetId="lh5vqxkl" type="containerLink"/>
                              </flow>
                              <link id="lh5vqxkn" targetId="lh5vqxko" type="containerLink"/>
                              <link id="lh5vqxor" targetId="lh5vqxos" type="containerLink"/>
                              <link id="lh5vqxq3" targetId="lh5vqxq4" type="containerLink"/>
                              <link id="lh5vqxrg" targetId="lh5vqxrh" type="containerLink"/>
                              <link id="lh5vqxsu" targetId="lh5vqxsv" type="containerLink"/>
                              <link id="lh5vqy5t" targetId="lh5vqy5u" type="containerLink"/>
                              <link id="lh5vqyd9" targetId="lh5vqyda" type="containerLink"/>
                              <link id="lh5vqyeq" targetId="lh5vqyer" type="containerLink"/>
                              <link id="lh5vqyg8" targetId="lh5vqyg9" type="containerLink"/>
                              <link id="lhomija0" targetId="lhomija1" type="containerLink"/>
                              <link id="lhomijrq" targetId="lhomijrr" type="containerLink"/>
                              <link id="lhomijtc" targetId="lhomijtd" type="containerLink"/>
                              <link id="lhomijuz" targetId="lhomijv0" type="containerLink"/>
                              <link id="lhomijwn" targetId="lhomijwo" type="containerLink"/>
                              <link id="lhomikc8" targetId="lhomikc9" type="containerLink"/>
                              <link id="lhomikdy" targetId="lhomikdz" type="containerLink"/>
                              <link id="lhomikmv" targetId="lhomikmw" type="containerLink"/>
                              <link id="lhomikon" targetId="lhomikoo" type="containerLink"/>
                              <link id="lhomikqg" targetId="lhomikqh" type="containerLink"/>
                           </container>
                           <link id="lgyrl13a" targetId="lgyrl12p" type="containerLink"/>
                        </flow>
                        <flow id="lgyrl13b">
                           <throw id="lgyrl19y">
                              <title>Throw 2</title>
                              <throwInput>
                                 <parameter name="code" source="constant" updatable="true">403</parameter>
                                 <parameter name="detail" source="constant" updatable="true">Order was not found</parameter>
                                 <parameter name="reason" source="constant" updatable="true">Order ID: {$input.inOrderID} </parameter>
                              </throwInput>
                           </throw>
                        </flow>
                        <link id="lgyrl132" targetId="lgyrl139" type="containerLink">
                           <condition source="formula">
                              <function name="set">
                                 <arg name="field">{$temp.tempOrder}</arg>
                              </function>
                           </condition>
                        </link>
                        <link id="lgyrl135" targetId="lgyrl13b" type="containerLink">
                           <condition source="formula">
                              <function name="unset">
                                 <arg name="field">{$temp.tempOrder}</arg>
                              </function>
                           </condition>
                        </link>
                     </container>
                     <link id="lgxo4klj" targetId="lgxo4kl6" type="containerLink"/>
                  </flow>
                  <link id="lgxo4kl9" targetId="lgxo4klg" type="containerLink">
                     <condition source="formula">
                        <function name="string-equals">
                           <arg name="left">{$input.inOrderID}</arg>
                           <arg name="right"/>
                        </function>
                     </condition>
                  </link>
                  <link id="lgxo4klc" targetId="lgxo4kli" type="containerLink"/>
                  <link id="lgxo4kl8" targetId="c"/>
               </container>
               <end id="c"/>
            </flow>
         </process>
         <ns1:sample-data-sets xmlns:ns1="http://schemas.active-endpoints.com/appmodules/repository/2010/10/sampleData.xsd">
            <ns1:SampleData>
               <ns1:Id>4a0fa7de-734c-4285-97e8-c8500dfb3296</ns1:Id>
               <ns1:Name>testOrdergetinformation</ns1:Name>
               <ns1:CreatedBy>admin@par15.ghi</ns1:CreatedBy>
               <ns1:CreationDate>2023-05-15T22:58:46Z</ns1:CreationDate>
               <ns1:ModifiedBy>admin@par15.ghi</ns1:ModifiedBy>
               <ns1:ModificationDate>2023-05-15T22:58:46Z</ns1:ModificationDate>
               <ns1:Data format="json">{
	 "inOrderID": "OR001839192"
}</ns1:Data>
            </ns1:SampleData>
         </ns1:sample-data-sets>
      </types1:Entry>
      <types1:GUID>eSoKHWr0MaogjraHiNyPIV</types1:GUID>
      <types1:DisplayName>INT-MP-Order-Information-Retrieval</types1:DisplayName>
   </types1:Item>
   <types1:CurrentServerDateTime>2023-05-18T11:14:44.907Z</types1:CurrentServerDateTime>
</aetgt:getResponse>
