<aetgt:getResponse xmlns:aetgt="http://schemas.active-endpoints.com/appmodules/repository/2010/10/avrepository.xsd"
                   xmlns:types1="http://schemas.active-endpoints.com/appmodules/repository/2010/10/avrepository.xsd">
   <types1:Item>
      <types1:EntryId>8Yp6GcoiRu5V1Fy-gt-215298041-2023-01-26T20:48:46.963Z::pd.xml</types1:EntryId>
      <types1:Name>INT-MP-SpecimenResultMessage</types1:Name>
      <types1:MimeType>application/xml+process</types1:MimeType>
      <types1:Description>US 290286</types1:Description>
      <types1:AppliesTo/>
      <types1:Tags/>
      <types1:VersionLabel>1.0</types1:VersionLabel>
      <types1:State>CURRENT</types1:State>
      <types1:ProcessGroup/>
      <types1:CreatedBy>admin@par15.ghi</types1:CreatedBy>
      <types1:CreationDate>2023-01-26T20:48:47Z</types1:CreationDate>
      <types1:ModifiedBy>admin@par15.ghi</types1:ModifiedBy>
      <types1:ModificationDate>2023-05-15T23:00:38Z</types1:ModificationDate>
      <types1:PublicationStatus>out-of-date</types1:PublicationStatus>
      <types1:PublishedBy>admin@par15.ghi</types1:PublishedBy>
      <types1:PublicationDate>2023-05-15T23:26:14Z</types1:PublicationDate>
      <types1:PublishedContributionId>project:/spi.INT-MP-SpecimenResultMessage/INT-MP-SpecimenResultMessage.pd.xml</types1:PublishedContributionId>
      <types1:AutosaveExists>false</types1:AutosaveExists>
      <types1:Entry>
         <process xmlns="http://schemas.active-endpoints.com/appmodules/screenflow/2010/10/avosScreenflow.xsd"
                  xmlns:tfm="http://schemas.active-endpoints.com/appmodules/screenflow/2021/04/taskflowModel.xsd"
                  xmlns:list="urn:activevos:spi:list:functions"
                  displayName="INT-MP-SpecimenResultMessage"
                  name="INT-MP-SpecimenResultMessage"
                  overrideAPIName="true">
            <parameterSet xmlns="http://schemas.active-endpoints.com/appmodules/screenflow/2021/04/taskflowModel.xsd"/>
            <appliesTo/>
            <description>US 290286</description>
            <tags/>
            <generator>Informatica Process Designer 11</generator>
            <input>
               <parameter description="" name="SpecimenResultMessage" type="xml">
                  <options>
                     <option name="required">false</option>
                  </options>
               </parameter>
            </input>
            <tempFields>
               <field description="" name="tempSpecimenResultMessage" type="reference">
                  <options>
                     <option name="referenceTo">$po:OrderResultSpecimenMessage</option>
                     <option name="required">false</option>
                     <option name="isCopy">true</option>
                     <option name="guid">hzrKFQlwwu0gQ7ibO63XMm</option>
                  </options>
               </field>
               <field description="" name="processName" type="string">
                  <options>
                     <option name="required">false</option>
                  </options>
               </field>
               <field description="" name="tempRetryCount" type="int">
                  <options>
                     <option name="required">false</option>
                     <option name="initialvalue">0</option>
                  </options>
               </field>
               <field description="" name="tempOrder" type="reference">
                  <options>
                     <option name="referenceTo">Salesforce:Order</option>
                     <option name="required">false</option>
                     <option name="guid">9rhyRDabNHiiDcOu4c64gK</option>
                  </options>
               </field>
               <field description="" name="tempOrderable" type="string">
                  <options>
                     <option name="required">false</option>
                  </options>
               </field>
               <field description="" name="untitled1" type="string">
                  <options>
                     <option name="required">false</option>
                  </options>
               </field>
            </tempFields>
            <notes/>
            <deployment skipIfRunning="false" suspendOnFault="false" tracingLevel="verbose">
               <rest>
                  <allowedUsers>
                     <user>biztalk@genomichealth.com</user>
                     <user>biztalk@par15.ghi</user>
                  </allowedUsers>
                  <wholePayload inputWholePayload="true"/>
               </rest>
            </deployment>
            <flow id="a">
               <start id="b">
                  <link id="l7iyymq3" targetId="l7iyymq2"/>
               </start>
               <subflow id="l7iyymq2">
                  <title>ER-Get GHI ICRT Retry Settings</title>
                  <subflowGUID>l4srhfOIvKLgD3l4HRWAyQ</subflowGUID>
                  <subflowPath>ER-Get_GHI_ICRT_Retry_Settings</subflowPath>
                  <runForEach>false</runForEach>
                  <input/>
                  <outputDef>
                     <field name="retryCount" type="int">
                        <options>
                           <option name="required">false</option>
                        </options>
                     </field>
                     <field name="retryDelay" type="double">
                        <options>
                           <option name="required">false</option>
                        </options>
                     </field>
                  </outputDef>
                  <link id="l7iyymqd" targetId="l7iyymqc"/>
               </subflow>
               <assignment id="l7iyymqc">
                  <title>Assignment to tempSpecimenResultMessage</title>
                  <operation source="formula" to="temp.tempSpecimenResultMessage">
                     <expression language="XQuery">util:simplifyXml($input.SpecimenResultMessage)</expression>
                  </operation>
                  <link id="l8cs3amc" targetId="l8cs3amb"/>
               </assignment>
               <assignment id="l8cs3amb">
                  <title>Assignment to tempOrder, processName</title>
                  <operation source="query" to="temp.tempOrder">
                     <query advanceQuery="false" from="Salesforce:Order">
                        <where>OrderNumber = '{$temp.tempSpecimenResultMessage[1]/OrderUpdate[1]/OrderID}'</where>
                     </query>
                  </operation>
                  <operation source="formula" to="temp.processName">
                     <expression language="XQuery">ipd:setProcessTitle(fn:concat("INT-MP-SpecimenResultMessage-", $temp.tempSpecimenResultMessage[1]/OrderUpdate[1]/OrderID)) </expression>
                  </operation>
                  <link id="l8cs3amd" targetId="l8a56dtg"/>
               </assignment>
               <assignment id="l7pphtw9">
                  <title>Assignment to tempRetryCount</title>
                  <operation source="constant" to="temp.tempRetryCount">0</operation>
                  <link id="l81lk3p5" targetId="l81loks4"/>
               </assignment>
               <container id="l8a56dtg" type="exclusive">
                  <title>tempOrder</title>
                  <flow id="l8a56dtk">
                     <assignment id="l8a56dvk">
                        <title>Assignment to tempOrderable</title>
                        <operation source="field" to="temp.tempOrderable">temp.tempOrder.OSM_Product__c</operation>
                     </assignment>
                     <link id="l8a56dtl" targetId="l8a56dtg" type="containerLink"/>
                  </flow>
                  <flow id="l8a56dtn">
                     <link id="l8a56dto" targetId="l8a56dtg" type="containerLink"/>
                  </flow>
                  <link id="l8a56dtj" targetId="l8a56dtk" type="containerLink">
                     <condition source="formula">
                        <function name="set">
                           <arg name="field">{$temp.tempOrder}</arg>
                        </function>
                     </condition>
                  </link>
                  <link id="l8a56dtm" targetId="l8a56dtn" type="containerLink">
                     <condition source="formula">
                        <function name="unset">
                           <arg name="field">{$temp.tempOrder}</arg>
                        </function>
                     </condition>
                  </link>
                  <link id="l8a56dti" targetId="l7pphtc7"/>
               </container>
               <eventContainer id="l7pphtc7">
                  <create id="l7iyyms3">
                     <title>ICRT Message Log</title>
                     <entityName>Salesforce:ICRT_Message_Log__c</entityName>
                     <createInput>
                        <parameter name="ICRT_Action__c" source="constant" updatable="true">Order Update-ResultCreateSpecimenCreateUpdate</parameter>
                        <parameter name="ICRT_Create_Process_ID__c" source="formula" updatable="true">
                           <expression language="XQuery">util:getProcessId()</expression>
                        </parameter>
                        <parameter name="ICRT_MW_Message_ID__c" source="field" updatable="true">temp.tempSpecimenResultMessage[1]/correlationId</parameter>
                        <parameter name="ICRT_Message_Direction__c" source="constant" updatable="true">Inbound Event</parameter>
                        <parameter name="ICRT_Message_Status__c" source="constant" updatable="true">New</parameter>
                        <parameter name="ICRT_Message_Type__c" source="constant" updatable="true">Order Result Specimen Update</parameter>
                        <parameter name="ICRT_Object_ID__c" source="field" updatable="true">temp.tempSpecimenResultMessage[1]/OrderUpdate[1]/OrderID</parameter>
                        <parameter name="ICRT_Object_Name__c" source="constant" updatable="true">Order</parameter>
                        <parameter name="ICRT_Source_Message_ID__c" source="field" updatable="true">temp.tempSpecimenResultMessage[1]/messageInstanceId</parameter>
                        <parameter name="ICRT_Order__c" source="field">temp.tempOrder</parameter>
                        <parameter name="ICRT_Orderable__c" source="field" updatable="true">temp.tempOrderable</parameter>
                     </createInput>
                  </create>
                  <flow id="l7pphtc9">
                     <link id="l7pphtca" targetId="l7pphtc7" type="containerLink"/>
                  </flow>
                  <flow id="l7pphtcc">
                     <container id="l7pphtgp" type="exclusive">
                        <title>Reason</title>
                        <flow id="l7pphtgr">
                           <container id="l7pphts6" type="exclusive">
                              <title>Check Retry Count</title>
                              <flow id="l7pphts7">
                                 <link id="l7pphtse" targetId="l7pphts6" type="containerLink"/>
                              </flow>
                              <flow id="l7pphts8">
                                 <wait id="l7pphts9">
                                    <title>Wait</title>
                                    <duration source="formula">
                                       <function name="duration_expression">
                                          <arg name="value">{$output.retryDelay} </arg>
                                          <arg name="scale">S</arg>
                                          <arg name="businessDays"/>
                                       </function>
                                    </duration>
                                    <link id="l7pphtsg" targetId="l7pphtsa"/>
                                 </wait>
                                 <assignment id="l7pphtsa">
                                    <title>Increase Retry Count</title>
                                    <operation source="formula" to="temp.tempRetryCount">
                                       <expression language="XQuery">$temp.tempRetryCount + 1</expression>
                                    </operation>
                                    <link id="l7pphttf" targetId="l7pphttd"/>
                                 </assignment>
                                 <jumpTo id="l7pphttd">
                                    <link id="l7pphtte" targetId="l7pphtc7"/>
                                 </jumpTo>
                              </flow>
                              <link id="l7pphtsc" targetId="l7pphts7" type="containerLink">
                                 <condition source="formula">
                                    <function name="greater-than">
                                       <arg name="left">{$temp.tempRetryCount}</arg>
                                       <arg name="right">{$output.retryCount}</arg>
                                    </function>
                                 </condition>
                              </link>
                              <link id="l7pphtsd" targetId="l7pphts8" type="containerLink"/>
                           </container>
                           <link id="l7pphtgs" targetId="l7pphtgp" type="containerLink"/>
                        </flow>
                        <flow id="l7pphtgu">
                           <jumpTo id="l7pphtu2">
                              <link id="l7pphtu3" targetId="l7pphts6"/>
                           </jumpTo>
                        </flow>
                        <flow id="l7pphtix">
                           <link id="l7pphtiy" targetId="l7pphtgp" type="containerLink"/>
                        </flow>
                        <link id="l7pphtgq" targetId="l7pphtgr" type="containerLink">
                           <condition source="formula">
                              <function name="contains">
                                 <arg name="left">{$output.faultInfo[1]/reason}</arg>
                                 <arg name="right">UNABLE_TO_LOCK_ROW</arg>
                              </function>
                           </condition>
                        </link>
                        <link id="l7pphtgt" targetId="l7pphtgu" type="containerLink">
                           <condition source="formula">
                              <function name="contains">
                                 <arg name="left">{$output.faultInfo[1]/reason}</arg>
                                 <arg name="right">unable to obtain exclusive access to this record</arg>
                              </function>
                           </condition>
                        </link>
                        <link id="l7pphtiw" targetId="l7pphtix" type="containerLink"/>
                        <link id="l7pphtv5" targetId="l7pphtv4"/>
                     </container>
                     <end id="l7pphtv4">
                        <title>Send Response Error 400</title>
                        <httpStatus>400</httpStatus>
                     </end>
                  </flow>
                  <link id="l7pphtc8" targetId="l7pphtc9" type="containerLink"/>
                  <link id="l7iyymxi" targetId="l7iyymxh"/>
                  <events>
                     <catch faultField="faultInfo" id="l7pphtbz" interrupting="true">
                        <link id="l7pphtcb" targetId="l7pphtcc" type="containerLink"/>
                     </catch>
                  </events>
               </eventContainer>
               <eventContainer id="l81loks4">
                  <subflow id="l81lk3p4">
                     <title>INT-XDM-SpecimenResultMessage</title>
                     <subflowGUID>hGuORobbfKCcJNzGj8vtyX</subflowGUID>
                     <subflowPath>INT-XDM-SpecimenResultMessage</subflowPath>
                     <runForEach>false</runForEach>
                     <input>
                        <parameter name="InOrderUpdateSpecimenResult" source="field" updatable="true">temp.tempSpecimenResultMessage</parameter>
                        <parameter name="InSpecimenResultXml" source="field" updatable="true">input.SpecimenResultMessage</parameter>
                     </input>
                     <outputDef/>
                  </subflow>
                  <flow id="l81loks6">
                     <eventContainer id="l8b845uu">
                        <subflow id="l8b845sv">
                           <title>SP-PackageMesage-ICRTMeassgeLog</title>
                           <subflowGUID>6VqWRm0gjobdlmDacoJtCb</subflowGUID>
                           <subflowPath>SP-PackageMesage-ICRTMeassgeLog</subflowPath>
                           <appliesTo>Salesforce:ICRT_Message_Log__c</appliesTo>
                           <appliesToDataName source="field">output.Created ICRT_Message_Log__c</appliesToDataName>
                           <runForEach>false</runForEach>
                           <input>
                              <parameter name="inlogMessageType" source="constant" updatable="true">success</parameter>
                              <parameter name="inICRTMessageLog" source="field">output.Created ICRT_Message_Log__c</parameter>
                           </input>
                           <outputDef/>
                        </subflow>
                        <flow id="l8b845uw">
                           <link id="l8b845ux" targetId="l8b845uu" type="containerLink"/>
                        </flow>
                        <flow id="l8b845uz">
                           <subflow id="l8b8465n">
                              <title>ER-Create-Error-Log-and-Case 1</title>
                              <subflowGUID>jf1vqQ3IEGmerC3QRAjjaU</subflowGUID>
                              <subflowPath>ER-Create-Error-Log-and-Case</subflowPath>
                              <runForEach>false</runForEach>
                              <input>
                                 <parameter name="infault reason" source="field" updatable="true">output.faultInfo[1]/reason</parameter>
                                 <parameter name="infault Detail" source="field" updatable="true">output.faultInfo[1]/detail</parameter>
                                 <parameter name="infault Code" source="field" updatable="true">output.faultInfo[1]/code</parameter>
                                 <parameter name="In ProcessId" source="formula" updatable="true">
                                    <expression language="XQuery">util:getProcessId()</expression>
                                 </parameter>
                                 <parameter name="In Process Name" source="constant" updatable="true">INT-MP-SpecimenResultMessage</parameter>
                                 <parameter name="In Primary Order" source="field">temp.tempOrder</parameter>
                                 <parameter name="inSkipServiceCallAndThrow" source="constant" updatable="true">true</parameter>
                                 <parameter name="InICRTMessageLogId" source="field">output.Created ICRT_Message_Log__c</parameter>
                              </input>
                              <outputDef/>
                           </subflow>
                           <link id="l8b845v0" targetId="l8b845uu" type="containerLink"/>
                        </flow>
                        <link id="l8b845uv" targetId="l8b845uw" type="containerLink"/>
                        <events>
                           <catch faultField="faultInfo" id="l8b845sw" interrupting="true">
                              <link id="l8b845uy" targetId="l8b845uz" type="containerLink"/>
                           </catch>
                        </events>
                     </eventContainer>
                     <link id="l81loks7" targetId="l81loks4" type="containerLink"/>
                  </flow>
                  <flow id="l81loks9">
                     <eventContainer id="l8cs3c0y">
                        <subflow id="l8cs3c12">
                           <title>SP-PackageMesage-ICRTMeassgeLog 1</title>
                           <subflowGUID>6VqWRm0gjobdlmDacoJtCb</subflowGUID>
                           <subflowPath>SP-PackageMesage-ICRTMeassgeLog</subflowPath>
                           <appliesTo>Salesforce:ICRT_Message_Log__c</appliesTo>
                           <appliesToDataName source="field">output.Created ICRT_Message_Log__c</appliesToDataName>
                           <runForEach>false</runForEach>
                           <input>
                              <parameter name="inlogMessageType" source="constant" updatable="true">failure</parameter>
                              <parameter name="inICRTMessageLog" source="field">output.Created ICRT_Message_Log__c</parameter>
                              <parameter name="inErrorMessage" source="field" updatable="true">output.faultInfo[1]/detail</parameter>
                              <parameter name="inErrorReason" source="field" updatable="true">output.faultInfo[1]/reason</parameter>
                           </input>
                           <outputDef/>
                        </subflow>
                        <flow id="l8cs3c0z">
                           <link id="l8cs3c15" targetId="l8cs3c0y" type="containerLink"/>
                        </flow>
                        <flow id="l8cs3c10">
                           <subflow id="l8cs3c11">
                              <title>ER-Create-Error-Log-and-Case 1 1</title>
                              <subflowGUID>jf1vqQ3IEGmerC3QRAjjaU</subflowGUID>
                              <subflowPath>ER-Create-Error-Log-and-Case</subflowPath>
                              <runForEach>false</runForEach>
                              <input>
                                 <parameter name="infault reason" source="field" updatable="true">output.faultInfo[1]/reason</parameter>
                                 <parameter name="infault Detail" source="field" updatable="true">output.faultInfo[1]/detail</parameter>
                                 <parameter name="infault Code" source="field" updatable="true">output.faultInfo[1]/code</parameter>
                                 <parameter name="In ProcessId" source="formula" updatable="true">
                                    <expression language="XQuery">util:getProcessId()</expression>
                                 </parameter>
                                 <parameter name="In Process Name" source="constant" updatable="true">INT-MP-SpecimenResultMessage</parameter>
                                 <parameter name="In Primary Order" source="field">temp.tempOrder</parameter>
                                 <parameter name="inSkipServiceCallAndThrow" source="constant" updatable="true">true</parameter>
                                 <parameter name="InICRTMessageLogId" source="field">output.Created ICRT_Message_Log__c</parameter>
                              </input>
                              <outputDef/>
                           </subflow>
                           <link id="l8cs3c16" targetId="l8cs3c0y" type="containerLink"/>
                        </flow>
                        <link id="l8cs3c13" targetId="l8cs3c0z" type="containerLink"/>
                        <link id="l8cs3c17" targetId="l81lokx8"/>
                        <events>
                           <catch faultField="faultInfo" id="l8b845sw" interrupting="true">
                              <link id="l8cs3c14" targetId="l8cs3c10" type="containerLink"/>
                           </catch>
                        </events>
                     </eventContainer>
                     <subflow id="l81lokx8">
                        <title>ER-Create-Error-Log-and-Case</title>
                        <subflowGUID>jf1vqQ3IEGmerC3QRAjjaU</subflowGUID>
                        <subflowPath>ER-Create-Error-Log-and-Case</subflowPath>
                        <runForEach>false</runForEach>
                        <input>
                           <parameter name="infault reason" source="field" updatable="true">output.faultInfo[1]/reason</parameter>
                           <parameter name="infault Detail" source="field" updatable="true">output.faultInfo[1]/detail</parameter>
                           <parameter name="infault Code" source="field" updatable="true">output.faultInfo[1]/code</parameter>
                           <parameter name="In ProcessId" source="formula" updatable="true">
                              <expression language="XQuery">util:getProcessId()</expression>
                           </parameter>
                           <parameter name="In Process Name" source="constant" updatable="true">INT-MP-SpecimenResultMessage</parameter>
                           <parameter name="In Primary Order" source="field">temp.tempOrder</parameter>
                           <parameter name="inSkipServiceCallAndThrow" source="constant" updatable="true">true</parameter>
                           <parameter name="InICRTMessageLogId" source="field">output.Created ICRT_Message_Log__c</parameter>
                        </input>
                        <outputDef/>
                     </subflow>
                     <link id="l81loksa" targetId="l81loks4" type="containerLink"/>
                  </flow>
                  <link id="l81loks5" targetId="l81loks6" type="containerLink"/>
                  <link id="l81lol0o" targetId="l7t0v5k5"/>
                  <events>
                     <catch faultField="faultInfo" id="l81lokrv" interrupting="true">
                        <link id="l81loks8" targetId="l81loks9" type="containerLink"/>
                     </catch>
                  </events>
               </eventContainer>
               <milestone id="l7iyymxh">
                  <title>Send Response Success 200</title>
                  <link id="l7pphtwa" targetId="l7pphtw9"/>
               </milestone>
               <end id="l7t0v5k5">
                  <title>End</title>
               </end>
            </flow>
         </process>
      </types1:Entry>
      <types1:GUID>68CK2XanGUAbEAkIwoe1sj</types1:GUID>
      <types1:DisplayName>INT-MP-SpecimenResultMessage</types1:DisplayName>
   </types1:Item>
   <types1:CurrentServerDateTime>2023-05-18T11:14:45.053Z</types1:CurrentServerDateTime>
</aetgt:getResponse>
