<aetgt:getResponse xmlns:aetgt="http://schemas.active-endpoints.com/appmodules/repository/2010/10/avrepository.xsd"
                   xmlns:types1="http://schemas.active-endpoints.com/appmodules/repository/2010/10/avrepository.xsd">
   <types1:Item>
      <types1:EntryId>OC2XZPnE29Em2kV-gt-15161853-2019-03-07T20:34:56.659Z::pd.xml</types1:EntryId>
      <types1:Name>INT-MP-DistributionEvent-Message</types1:Name>
      <types1:ParentFlowIds>3duR55aaabdqpw0-gt-15162243-2019-03-07T20:35:00.588Z::pd.xml</types1:ParentFlowIds>
      <types1:MimeType>application/xml+process</types1:MimeType>
      <types1:Description>117959:FR-PRI-INTEGRATION-102: Distribution Event Inbound Message</types1:Description>
      <types1:AppliesTo/>
      <types1:Tags>117959,Distribution Event Inbound Message,FR-PRI-INTEGRATION-102:</types1:Tags>
      <types1:VersionLabel>1.0</types1:VersionLabel>
      <types1:State>CURRENT</types1:State>
      <types1:ProcessGroup/>
      <types1:CreatedBy>admin@001e08.ghi</types1:CreatedBy>
      <types1:CreationDate>2019-03-07T20:34:56Z</types1:CreationDate>
      <types1:ModifiedBy>admin@par15.ghi</types1:ModifiedBy>
      <types1:ModificationDate>2023-05-15T23:22:43Z</types1:ModificationDate>
      <types1:PublicationStatus>out-of-date</types1:PublicationStatus>
      <types1:PublishedBy>admin@par15.ghi</types1:PublishedBy>
      <types1:PublicationDate>2023-05-15T23:29:54Z</types1:PublicationDate>
      <types1:PublishedContributionId>project:/spi.INT-MP-DistributionEvent-Message/INT-MP-DistributionEvent-Message.pd.xml</types1:PublishedContributionId>
      <types1:AutosaveExists>false</types1:AutosaveExists>
      <types1:Entry>
         <process xmlns="http://schemas.active-endpoints.com/appmodules/screenflow/2010/10/avosScreenflow.xsd"
                  xmlns:tfm="http://schemas.active-endpoints.com/appmodules/screenflow/2021/04/taskflowModel.xsd"
                  xmlns:list="urn:activevos:spi:list:functions"
                  displayName="INT-MP-DistributionEvent-Message"
                  name="INT-MP-DistributionEvent-Message"
                  overrideAPIName="false">
            <parameterSet xmlns="http://schemas.active-endpoints.com/appmodules/screenflow/2021/04/taskflowModel.xsd"/>
            <appliesTo/>
            <description>117959:FR-PRI-INTEGRATION-102: Distribution Event Inbound Message</description>
            <tags>117959,Distribution Event Inbound Message,FR-PRI-INTEGRATION-102:</tags>
            <generator>Informatica Process Designer 11</generator>
            <input>
               <parameter description="" name="DistributionEventMessage" type="xml">
                  <options>
                     <option name="required">false</option>
                  </options>
               </parameter>
            </input>
            <output>
               <field description="" name="outError" type="string">
                  <options>
                     <option name="required">false</option>
                  </options>
               </field>
            </output>
            <tempFields>
               <field description="" name="tempDistributionEventMessage" type="reference">
                  <options>
                     <option name="referenceTo">$po:DistributionEventMessage</option>
                     <option name="required">false</option>
                     <option name="isCopy">true</option>
                     <option name="guid">5V9rGjxjYivkNTCj8qor4H</option>
                  </options>
               </field>
               <field description="" name="processName" type="string">
                  <options>
                     <option name="required">false</option>
                  </options>
               </field>
               <field description="" name="tempOrder" type="reference">
                  <options>
                     <option name="referenceTo">Salesforce:Order</option>
                     <option name="required">false</option>
                     <option name="guid">9rhyRDabNHiiDcOu4c64gK</option>
                  </options>
               </field>
               <field description="" name="tempOrderable" type="string">
                  <options>
                     <option name="required">false</option>
                  </options>
               </field>
            </tempFields>
            <notes>117959:FR-PRI-INTEGRATION-102: Distribution Event Inbound Message</notes>
            <deployment skipIfRunning="false" suspendOnFault="true" tracingLevel="normal">
               <rest>
                  <allowedUsers>
                     <user>biztalk@par15.ghi</user>
                     <user>biztalk@genomichealth.com</user>
                  </allowedUsers>
                  <wholePayload inputWholePayload="true"/>
               </rest>
            </deployment>
            <flow id="a">
               <start id="b">
                  <link id="j720lhky" targetId="j720lhkx"/>
               </start>
               <subflow id="j720lhkx">
                  <title>INT-SP-Throttle-Messages</title>
                  <subflowGUID>jhYNzXaaUYJifeK7rIWQco</subflowGUID>
                  <subflowPath>INT-SP-Throttle-Messages</subflowPath>
                  <runForEach>false</runForEach>
                  <input/>
                  <outputDef>
                     <field name="processMessage" type="boolean">
                        <options>
                           <option name="defaultvalue">false</option>
                           <option name="boolean_show_as">checkbox</option>
                           <option name="required">false</option>
                        </options>
                     </field>
                  </outputDef>
                  <link id="j720lhmm" targetId="j720lhml"/>
               </subflow>
               <container id="j720lhml" type="exclusive">
                  <title>processMessage</title>
                  <flow id="j720lho4">
                     <link id="j720lho5" targetId="j720lhml" type="containerLink"/>
                  </flow>
                  <flow id="j720lho7">
                     <end id="j720lho6">
                        <httpStatus>400</httpStatus>
                     </end>
                  </flow>
                  <link id="j720lho1" targetId="j720lho4" type="containerLink">
                     <condition source="formula">
                        <function name="true">
                           <arg name="field">{$output.processMessage}</arg>
                        </function>
                     </condition>
                  </link>
                  <link id="j720lho2" targetId="j720lho7" type="containerLink">
                     <condition source="formula">
                        <function name="false">
                           <arg name="field">{$output.processMessage}</arg>
                        </function>
                     </condition>
                  </link>
                  <link id="j720lhmn" targetId="iyzenwnk"/>
               </container>
               <container id="kpxzk6iv" type="exclusive">
                  <title>tempOrder</title>
                  <flow id="kpxzk6jf">
                     <assignment id="kpxzk6k5">
                        <title>Assignment to tempOrderable</title>
                        <operation source="field" to="temp.tempOrderable">temp.tempOrder.OSM_Product__c</operation>
                     </assignment>
                     <link id="kpxzk6jg" targetId="kpxzk6iv" type="containerLink"/>
                  </flow>
                  <flow id="kpxzk6jh">
                     <link id="kpxzk6ji" targetId="kpxzk6iv" type="containerLink"/>
                  </flow>
                  <link id="kpxzk6j8" targetId="kpxzk6jf" type="containerLink">
                     <condition source="formula">
                        <function name="set">
                           <arg name="field">{$temp.tempOrder}</arg>
                        </function>
                     </condition>
                  </link>
                  <link id="kpxzk6jb" targetId="kpxzk6jh" type="containerLink">
                     <condition source="formula">
                        <function name="unset">
                           <arg name="field">{$temp.tempOrder}</arg>
                        </function>
                     </condition>
                  </link>
                  <link id="kpxzk6ix" targetId="iznm8i73"/>
               </container>
               <assignment id="iyzenwnk">
                  <title>Assignment to tempDistributionEventMessage</title>
                  <operation source="formula" to="temp.tempDistributionEventMessage">
                     <expression language="XQuery">util:simplifyXml($input.DistributionEventMessage)</expression>
                  </operation>
                  <link id="jaley0ac" targetId="jaley0ab"/>
               </assignment>
               <assignment id="jaley0ab">
                  <title>Assignment to processName, tempOrder</title>
                  <operation source="query" to="temp.tempOrder">
                     <query advanceQuery="false" from="Salesforce:Order">
                        <where>OrderNumber = '{$temp.tempDistributionEventMessage[1]/DistributionEvent[1]/OrderId}' OR (OSM_Legacy_Order_ID__c != '' AND OSM_Legacy_Order_ID__c = '{$temp.tempDistributionEventMessage[1]/DistributionEvent[1]/OrderId}')</where>
                     </query>
                  </operation>
                  <operation source="formula" to="temp.processName">
                     <expression language="XQuery">ipd:setProcessTitle(fn:concat("INT-MP-DistributionEvent-Message-", $temp.tempDistributionEventMessage[1]/DistributionEvent[1]/OrderId))</expression>
                  </operation>
                  <link id="kpxzk6iw" targetId="kpxzk6iv"/>
               </assignment>
               <create id="iznm8i73">
                  <title>ICRT Message Log Inbound</title>
                  <entityName>Salesforce:ICRT_Message_Log__c</entityName>
                  <createInput>
                     <parameter name="ICRT_Create_Process_ID__c" source="formula" updatable="true">
                        <expression language="XQuery">util:getProcessId()</expression>
                     </parameter>
                     <parameter name="ICRT_MW_Message_ID__c" source="field" updatable="true">temp.tempDistributionEventMessage[1]/correlationId</parameter>
                     <parameter name="ICRT_Message_Direction__c" source="constant" updatable="true">Inbound</parameter>
                     <parameter name="ICRT_Message_Status__c" source="constant" updatable="true">New</parameter>
                     <parameter name="ICRT_Message_Type__c" source="constant" updatable="true">DistributionEventMessage</parameter>
                     <parameter name="ICRT_Object_ID__c" source="field" updatable="true">temp.tempDistributionEventMessage[1]/DistributionEvent[1]/OrderId</parameter>
                     <parameter name="ICRT_Object_Name__c" source="constant" updatable="true">Order</parameter>
                     <parameter name="ICRT_Source_Message_ID__c" source="field" updatable="true">temp.tempDistributionEventMessage[1]/messageInstanceId</parameter>
                     <parameter name="ICRT_Order__c" source="field">temp.tempOrder</parameter>
                     <parameter name="ICRT_Orderable__c" source="field" updatable="true">temp.tempOrderable</parameter>
                  </createInput>
                  <link id="iznm8i77" targetId="iznm8i6n"/>
               </create>
               <milestone id="iznm8i6n">
                  <httpStatus>202</httpStatus>
                  <link id="iznm8i6p" targetId="iyzenwnq"/>
               </milestone>
               <eventContainer id="iyzenwnq">
                  <subflow id="iyzenwnw">
                     <title>INT-Process-DistributionEvent-Message</title>
                     <subflowGUID>649ZOUGzrtwgbYP5Ulv9sS</subflowGUID>
                     <subflowPath>INT-Process-DistributionEvent-Message</subflowPath>
                     <runForEach>false</runForEach>
                     <input>
                        <parameter name="inDistributionEventDataMessage"
                                   source="field"
                                   updatable="true">temp.tempDistributionEventMessage</parameter>
                     </input>
                     <outputDef/>
                  </subflow>
                  <flow id="iyzenwnr">
                     <eventContainer id="iznm8i92">
                        <subflow id="iznm8i96">
                           <title>INT-SP-Msg-Ack-Outbound-Message</title>
                           <subflowGUID>1UujInWrmIqcQgL0BfHpCK</subflowGUID>
                           <subflowPath>INT-SP-Msg-Ack-Outbound-Message</subflowPath>
                           <appliesTo>Salesforce:ICRT_Message_Log__c</appliesTo>
                           <appliesToDataName source="field">output.Created ICRT_Message_Log__c</appliesToDataName>
                           <runForEach>false</runForEach>
                           <input>
                              <parameter name="InAckRequired" source="field" updatable="true">temp.tempDistributionEventMessage[1]/ackRequired</parameter>
                              <parameter name="InObjectName" source="constant" updatable="true">Order</parameter>
                              <parameter name="InObjectId" source="formula" updatable="true">
                                 <expression language="XQuery">$temp.tempDistributionEventMessage[1]/DistributionEvent[1]/OrderId</expression>
                              </parameter>
                              <parameter name="InOrigin" source="field" updatable="true">temp.tempDistributionEventMessage[1]/origin</parameter>
                              <parameter name="InOriginalMessageInstanceId" source="field" updatable="true">temp.tempDistributionEventMessage[1]/messageInstanceId</parameter>
                              <parameter name="InCorrelationId" source="field" updatable="true">temp.tempDistributionEventMessage[1]/correlationId</parameter>
                              <parameter name="InActivityId" source="field" updatable="true">temp.tempDistributionEventMessage[1]/activityId</parameter>
                           </input>
                           <outputDef/>
                        </subflow>
                        <flow id="iznm8i93">
                           <link id="iznm8i99" targetId="iznm8i92" type="containerLink"/>
                        </flow>
                        <flow id="iznn3rkg">
                           <subflow id="iznn3rmc">
                              <title>ER-Create-Error-Log-and-Case</title>
                              <subflowGUID>jf1vqQ3IEGmerC3QRAjjaU</subflowGUID>
                              <subflowPath>ER-Create-Error-Log-and-Case</subflowPath>
                              <runForEach>false</runForEach>
                              <runAsUser>$system</runAsUser>
                              <input>
                                 <parameter name="infault reason" source="field" updatable="true">output.faultInfoAck[1]/reason</parameter>
                                 <parameter name="infault Detail" source="field" updatable="true">output.faultInfoAck[1]/detail</parameter>
                                 <parameter name="infault Code" source="field" updatable="true">output.faultInfoAck[1]/code</parameter>
                                 <parameter name="In ProcessId" source="formula" updatable="true">
                                    <expression language="XQuery">util:getProcessId()</expression>
                                 </parameter>
                                 <parameter name="In Process Name" source="constant" updatable="true">INT-MP-DistributionEvent-Message</parameter>
                                 <parameter name="In Primary Order" source="query" updatable="true">
                                    <query advanceQuery="false" from="Salesforce:Order">
                                       <where>OrderNumber = '{$temp.tempDistributionEventMessage[1]/DistributionEvent[1]/OrderId}'</where>
                                    </query>
                                 </parameter>
                                 <parameter name="In Primary OLI Id" source="query" updatable="true">
                                    <query advanceQuery="false" from="Salesforce:OrderItem">
                                       <where>OSM_Order_Line_Item_ID__c = '{$temp.tempDistributionEventMessage[1]/DistributionEvent[1]/OrderLineItemId}'</where>
                                    </query>
                                 </parameter>
                                 <parameter name="In Primary Order Role Id" source="query" updatable="true">
                                    <query advanceQuery="false" from="Salesforce:OSM_Order_Role__c">
                                       <where>OSM_Order_Role_ID__c = '{$temp.tempDistributionEventMessage[1]/DistributionEvent[1]/OrderRoleId}'</where>
                                    </query>
                                 </parameter>
                                 <parameter name="inSkipServiceCallAndThrow" source="constant" updatable="true">true</parameter>
                              </input>
                              <outputDef/>
                           </subflow>
                           <link id="iznn3rkh" targetId="iznm8i92" type="containerLink"/>
                        </flow>
                        <link id="iznm8i97" targetId="iznm8i93" type="containerLink"/>
                        <link id="iznm8i9e" targetId="iyzenwns"/>
                        <events>
                           <catch faultField="faultInfoAck" id="iznn3rk4" interrupting="true">
                              <link id="iznn3rke" targetId="iznn3rkg" type="containerLink"/>
                           </catch>
                        </events>
                     </eventContainer>
                     <end id="iyzenwns"/>
                  </flow>
                  <flow id="iyzenwnt">
                     <eventContainer id="iznm8i9z">
                        <subflow id="iznm8ia3">
                           <title>INT-SP-Msg-Nack-Outbound-Message</title>
                           <subflowGUID>8FVZNm4sSoYfpFAMZSvoie</subflowGUID>
                           <subflowPath>INT-SP-Msg-Nack-Outbound-Message</subflowPath>
                           <appliesTo>Salesforce:ICRT_Message_Log__c</appliesTo>
                           <appliesToDataName source="field">output.Created ICRT_Message_Log__c</appliesToDataName>
                           <runForEach>false</runForEach>
                           <input>
                              <parameter name="inErrorReason" source="field" updatable="true">output.faultInfo[1]/reason</parameter>
                              <parameter name="InErrorMessage" source="constant" updatable="true">Code: {$output.faultInfo[1]/code}  Detail: {$output.faultInfo[1]/detail}</parameter>
                              <parameter name="InObjectId" source="field" updatable="true">temp.tempDistributionEventMessage[1]/DistributionEvent[1]/OrderId</parameter>
                              <parameter name="InNackRequired" source="field" updatable="true">temp.tempDistributionEventMessage[1]/nackRequired</parameter>
                              <parameter name="InObjectName" source="constant" updatable="true">Order</parameter>
                              <parameter name="InOrigin" source="field" updatable="true">temp.tempDistributionEventMessage[1]/origin</parameter>
                              <parameter name="InMessageInstanceId" source="field" updatable="true">temp.tempDistributionEventMessage[1]/messageInstanceId</parameter>
                              <parameter name="InErrorCode" source="field" updatable="true">output.faultInfo[1]/code</parameter>
                              <parameter name="InOrder" source="query" updatable="true">
                                 <query advanceQuery="false" from="Salesforce:Order">
                                    <where>OrderNumber = '{$temp.tempDistributionEventMessage[1]/DistributionEvent[1]/OrderId}'</where>
                                 </query>
                              </parameter>
                              <parameter name="InCorrelationId" source="field" updatable="true">temp.tempDistributionEventMessage[1]/correlationId</parameter>
                              <parameter name="InActivityId" source="field" updatable="true">temp.tempDistributionEventMessage[1]/activityId</parameter>
                              <parameter name="InProcessName" source="constant" updatable="true">INT-MP-DistributionEvent-Message</parameter>
                           </input>
                           <outputDef/>
                        </subflow>
                        <flow id="iznm8ia0">
                           <link id="iznm8ia6" targetId="iznm8i9z" type="containerLink"/>
                        </flow>
                        <flow id="iznn3rlg">
                           <subflow id="iznn3rzx">
                              <title>ER-Create-Error-Log-and-Case</title>
                              <subflowGUID>jf1vqQ3IEGmerC3QRAjjaU</subflowGUID>
                              <subflowPath>ER-Create-Error-Log-and-Case</subflowPath>
                              <runForEach>false</runForEach>
                              <runAsUser>$system</runAsUser>
                              <input>
                                 <parameter name="infault reason" source="field" updatable="true">output.faultInfoNack[1]/reason</parameter>
                                 <parameter name="infault Detail" source="field" updatable="true">output.faultInfoNack[1]/detail</parameter>
                                 <parameter name="infault Code" source="field" updatable="true">output.faultInfoNack[1]/code</parameter>
                                 <parameter name="In ProcessId" source="formula" updatable="true">
                                    <expression language="XQuery">util:getProcessId()</expression>
                                 </parameter>
                                 <parameter name="In Process Name" source="constant" updatable="true">INT-MP-DistributionEvent-Message</parameter>
                                 <parameter name="In Primary Order" source="query" updatable="true">
                                    <query advanceQuery="false" from="Salesforce:Order">
                                       <where>OrderNumber = '{$temp.tempDistributionEventMessage[1]/DistributionEvent[1]/OrderId}'</where>
                                    </query>
                                 </parameter>
                                 <parameter name="In Primary OLI Id" source="query" updatable="true">
                                    <query advanceQuery="false" from="Salesforce:OrderItem">
                                       <where>OSM_Order_Line_Item_ID__c = '{$temp.tempDistributionEventMessage[1]/DistributionEvent[1]/OrderLineItemId}'</where>
                                    </query>
                                 </parameter>
                                 <parameter name="In Primary Order Role Id" source="query" updatable="true">
                                    <query advanceQuery="false" from="Salesforce:OSM_Order_Role__c">
                                       <where>OSM_Order_Role_ID__c = '{$temp.tempDistributionEventMessage[1]/DistributionEvent[1]/OrderRoleId}'</where>
                                    </query>
                                 </parameter>
                                 <parameter name="inSkipServiceCallAndThrow" source="constant" updatable="true">true</parameter>
                              </input>
                              <outputDef/>
                           </subflow>
                           <link id="iznn3rlh" targetId="iznm8i9z" type="containerLink"/>
                        </flow>
                        <link id="iznm8ia4" targetId="iznm8ia0" type="containerLink"/>
                        <link id="iznm8iad" targetId="iyzenwnv"/>
                        <events>
                           <catch faultField="faultInfoNack" id="iznn3rkx" interrupting="true">
                              <link id="iznn3rle" targetId="iznn3rlg" type="containerLink"/>
                           </catch>
                        </events>
                     </eventContainer>
                     <end id="iyzenwnv">
                        <httpStatus>500</httpStatus>
                     </end>
                  </flow>
                  <link id="iyzenwnx" targetId="iyzenwnr" type="containerLink"/>
                  <events>
                     <catch faultField="faultInfo" id="iyxisted" interrupting="true">
                        <link id="iyzenwny" targetId="iyzenwnt" type="containerLink"/>
                     </catch>
                  </events>
               </eventContainer>
            </flow>
         </process>
      </types1:Entry>
      <types1:GUID>l7jH30DkAKejds09kQ8qCX</types1:GUID>
      <types1:DisplayName>INT-MP-DistributionEvent-Message</types1:DisplayName>
   </types1:Item>
   <types1:CurrentServerDateTime>2023-05-18T11:14:45.013Z</types1:CurrentServerDateTime>
</aetgt:getResponse>
