<aetgt:getResponse xmlns:aetgt="http://schemas.active-endpoints.com/appmodules/repository/2010/10/avrepository.xsd"
                   xmlns:types1="http://schemas.active-endpoints.com/appmodules/repository/2010/10/avrepository.xsd">
   <types1:Item>
      <types1:EntryId>Qf4TsrT2htghGZ5-gt-15162579-2019-03-07T20:35:04.869Z::pd.xml</types1:EntryId>
      <types1:Name>INT-MP-SpecimenMessage</types1:Name>
      <types1:ParentFlowIds>3duR55aaabdqpw0-gt-15162243-2019-03-07T20:35:00.588Z::pd.xml</types1:ParentFlowIds>
      <types1:MimeType>application/xml+process</types1:MimeType>
      <types1:Description>User Story 116190:FR-LAB-INTEGRATION-100-8: Order Specimen inbound message (Order Specimen and OS OLI records creation)</types1:Description>
      <types1:AppliesTo/>
      <types1:Tags>116190,FR-LAB-INTEGRATION-100-8</types1:Tags>
      <types1:VersionLabel>1.0</types1:VersionLabel>
      <types1:State>CURRENT</types1:State>
      <types1:ProcessGroup/>
      <types1:CreatedBy>admin@001e08.ghi</types1:CreatedBy>
      <types1:CreationDate>2019-03-07T20:35:04Z</types1:CreationDate>
      <types1:ModifiedBy>admin@par15.ghi</types1:ModifiedBy>
      <types1:ModificationDate>2023-05-03T22:14:53Z</types1:ModificationDate>
      <types1:PublicationStatus>out-of-date</types1:PublicationStatus>
      <types1:PublishedBy>admin@par15.ghi</types1:PublishedBy>
      <types1:PublicationDate>2023-05-03T22:28:19Z</types1:PublicationDate>
      <types1:PublishedContributionId>project:/spi.INT-MP-SpecimenMessage/INT-MP-SpecimenMessage.pd.xml</types1:PublishedContributionId>
      <types1:AutosaveExists>false</types1:AutosaveExists>
      <types1:Entry>
         <process xmlns="http://schemas.active-endpoints.com/appmodules/screenflow/2010/10/avosScreenflow.xsd"
                  xmlns:tfm="http://schemas.active-endpoints.com/appmodules/screenflow/2021/04/taskflowModel.xsd"
                  xmlns:list="urn:activevos:spi:list:functions"
                  displayName="INT-MP-SpecimenMessage"
                  name="INT-MP-SpecimenMessage"
                  overrideAPIName="false">
            <parameterSet xmlns="http://schemas.active-endpoints.com/appmodules/screenflow/2021/04/taskflowModel.xsd"/>
            <appliesTo/>
            <description>User Story 116190:FR-LAB-INTEGRATION-100-8: Order Specimen inbound message (Order Specimen and OS OLI records creation)</description>
            <tags>116190,FR-LAB-INTEGRATION-100-8</tags>
            <generator>Informatica Process Designer 11</generator>
            <input>
               <parameter description="" name="SpecimenDataMessage" type="xml">
                  <options>
                     <option name="required">false</option>
                  </options>
               </parameter>
            </input>
            <tempFields>
               <field description="" name="tempSpecimenDataMessage" type="reference">
                  <options>
                     <option name="referenceTo">$po:SpecimenDataMessage</option>
                     <option name="required">false</option>
                     <option name="isCopy">true</option>
                     <option name="guid">3orTZUqwesZhhN6oMu9jmt</option>
                  </options>
               </field>
               <field description="" name="tempOrderSpecimenId" type="string">
                  <options>
                     <option name="required">false</option>
                  </options>
               </field>
               <field description="" name="tempOrderSpecimen" type="reference">
                  <options>
                     <option name="referenceTo">Salesforce:OSM_Order_Specimen__c</option>
                     <option name="required">false</option>
                     <option name="guid">9rhyRDabNHiiDcOu4c64gK</option>
                  </options>
               </field>
               <field description="" name="tempDate" type="datetime">
                  <options>
                     <option name="thirtyMinutesIncrement">true</option>
                     <option name="required">false</option>
                  </options>
               </field>
               <field description="" name="tempOrderCount" type="int">
                  <options>
                     <option name="required">false</option>
                  </options>
               </field>
               <field description="" name="tempOrderId" type="string">
                  <options>
                     <option name="required">false</option>
                  </options>
               </field>
               <field description="" name="tempOrder" type="reference">
                  <options>
                     <option name="referenceTo">Salesforce:Order</option>
                     <option name="required">false</option>
                     <option name="guid">9rhyRDabNHiiDcOu4c64gK</option>
                  </options>
               </field>
               <field description="" name="processName" type="string">
                  <options>
                     <option name="required">false</option>
                  </options>
               </field>
               <field description="" name="tempSetOrder" type="reference">
                  <options>
                     <option name="referenceTo">Salesforce:Order</option>
                     <option name="required">false</option>
                     <option name="guid">9rhyRDabNHiiDcOu4c64gK</option>
                  </options>
               </field>
               <field description="" name="tempOrderable" type="string">
                  <options>
                     <option name="required">false</option>
                  </options>
               </field>
            </tempFields>
            <notes>US 303197 -FR-LAB-INTEGRATION-100-8</notes>
            <deployment skipIfRunning="false" suspendOnFault="true" tracingLevel="normal">
               <rest>
                  <allowedUsers>
                     <user>biztalk@par15.ghi</user>
                     <user>biztalk@genomichealth.com</user>
                  </allowedUsers>
                  <wholePayload inputWholePayload="true"/>
               </rest>
            </deployment>
            <flow id="a">
               <start id="b">
                  <link id="jepog4av" targetId="jepog4au"/>
               </start>
               <subflow id="jepog4au">
                  <title>INT-SP-Throttle-Messages</title>
                  <subflowGUID>jhYNzXaaUYJifeK7rIWQco</subflowGUID>
                  <subflowPath>INT-SP-Throttle-Messages</subflowPath>
                  <runForEach>false</runForEach>
                  <input/>
                  <outputDef>
                     <field name="processMessage" type="boolean">
                        <options>
                           <option name="defaultvalue">false</option>
                           <option name="boolean_show_as">checkbox</option>
                           <option name="required">false</option>
                        </options>
                     </field>
                  </outputDef>
                  <link id="jepog4ml" targetId="jepog4mk"/>
               </subflow>
               <container id="jepog4mk" type="exclusive">
                  <title>processMessage</title>
                  <flow id="jepog4ow">
                     <link id="jepog4ox" targetId="jepog4mk" type="containerLink"/>
                  </flow>
                  <flow id="jepog4oz">
                     <end id="jepog4vi">
                        <httpStatus>400</httpStatus>
                     </end>
                  </flow>
                  <link id="jepog4ot" targetId="jepog4ow" type="containerLink">
                     <condition source="formula">
                        <function name="true">
                           <arg name="field">{$output.processMessage}</arg>
                        </function>
                     </condition>
                  </link>
                  <link id="jepog4ou" targetId="jepog4oz" type="containerLink">
                     <condition source="formula">
                        <function name="false">
                           <arg name="field">{$output.processMessage}</arg>
                        </function>
                     </condition>
                  </link>
                  <link id="jepog4mm" targetId="iwpl1cac"/>
               </container>
               <container id="j7vsym4j" type="exclusive">
                  <title>tempOrderCount</title>
                  <flow id="j7vsym6a">
                     <assignment id="j7vsym69">
                        <title>Assignment to tempOrderId</title>
                        <operation source="formula" to="temp.tempOrderId">
                           <expression language="XQuery">$temp.tempSpecimenDataMessage[1]/SpecimenGroup[1]/Orders[1]/Order[1]/OrderID</expression>
                        </operation>
                     </assignment>
                     <link id="j7vsym6b" targetId="j7vsym4j" type="containerLink"/>
                  </flow>
                  <flow id="j7vsym6d">
                     <assignment id="j7vsym6c">
                        <title>Assignment to tempOrderId</title>
                        <operation source="formula" to="temp.tempOrderId">
                           <expression language="XQuery">string-join($temp.tempSpecimenDataMessage//SpecimenGroup//Orders//Order//OrderID, "','")

</expression>
                        </operation>
                        <link id="j7vw7n5i" targetId="j7vuoywl"/>
                     </assignment>
                     <container id="j7vuoywl" type="exclusive">
                        <title>tempOrderId</title>
                        <flow id="j7vuoz7v">
                           <assignment id="j7vw7n75">
                              <title>Assignment to tempOrderId</title>
                              <operation source="formula" to="temp.tempOrderId">
                                 <expression language="XQuery">$temp.tempSpecimenDataMessage[1]/SpecimenGroup[1]/Orders[1]/Order[1]/OrderID</expression>
                              </operation>
                           </assignment>
                           <link id="j7vuoz7w" targetId="j7vuoywl" type="containerLink"/>
                        </flow>
                        <flow id="j7vuoz7y">
                           <assignment id="j7vuoz7x">
                              <title>Assignment to tempOrderId</title>
                              <operation source="formula" to="temp.tempOrderId">
                                 <expression language="XQuery">fn:concat("'", $temp.tempOrderId,"'")</expression>
                              </operation>
                              <link id="j7vvnyl3" targetId="j7vuozgr"/>
                           </assignment>
                           <assignment id="j7vuozgr">
                              <title>Assignment to tempOrder</title>
                              <operation source="query" to="temp.tempOrder">
                                 <query advanceQuery="false" from="Salesforce:Order">
                                    <where>(OrderNumber in ({$temp.tempOrderId}) OR (OSM_Legacy_Order_ID__c != '' AND OSM_Legacy_Order_ID__c IN ({$temp.tempOrderId}))) AND Status = 'Active'  ORDER BY CreatedDate DESC Limit 1</where>
                                 </query>
                              </operation>
                              <link id="j7vvnyn3" targetId="j7vvnyn2"/>
                           </assignment>
                           <container id="j7vvnyn2" type="exclusive">
                              <title>tempOrder</title>
                              <flow id="j7vvnyoq">
                                 <assignment id="j7vvnyop">
                                    <title>Assignment to tempOrderId</title>
                                    <operation source="formula" to="temp.tempOrderId">
                                       <expression language="XQuery">$temp.tempOrder.OSM_Main_Order_ID__c  </expression>
                                    </operation>
                                 </assignment>
                                 <link id="j7vvnyor" targetId="j7vvnyn2" type="containerLink"/>
                              </flow>
                              <flow id="j7vvnyot">
                                 <assignment id="j7vvnyos">
                                    <title>Assignment to tempOrder</title>
                                    <operation source="query" to="temp.tempOrder">
                                       <query advanceQuery="false" from="Salesforce:Order">
                                          <where>OrderNumber IN ({$temp.tempOrderId}) OR (OSM_Legacy_Order_ID__c != '' AND OSM_Legacy_Order_ID__c IN ({$temp.tempOrderId})) ORDER BY CreatedDate DESC Limit 1</where>
                                       </query>
                                    </operation>
                                    <link id="j7vvnyuk" targetId="j7vvnyuj"/>
                                 </assignment>
                                 <container id="j7vvnyuj" type="exclusive">
                                    <title>tempOrder</title>
                                    <flow id="j7vvnyw9">
                                       <assignment id="j7vvnyzs">
                                          <title>Assignment to tempOrderId</title>
                                          <operation source="formula" to="temp.tempOrderId">
                                             <expression language="XQuery">$temp.tempOrder.OSM_Main_Order_ID__c  </expression>
                                          </operation>
                                       </assignment>
                                       <link id="j7vvnywa" targetId="j7vvnyuj" type="containerLink"/>
                                    </flow>
                                    <flow id="j7vvnywc">
                                       <assignment id="j7vvnz5h">
                                          <title>Assignment to tempOrderId</title>
                                          <operation source="formula" to="temp.tempOrderId">
                                             <expression language="XQuery">$temp.tempSpecimenDataMessage[1]/SpecimenGroup[1]/Orders[1]/Order[1]/OrderID</expression>
                                          </operation>
                                       </assignment>
                                       <link id="j7vvnywd" targetId="j7vvnyuj" type="containerLink"/>
                                    </flow>
                                    <link id="j7vvnyw6" targetId="j7vvnyw9" type="containerLink">
                                       <condition source="formula">
                                          <function name="set">
                                             <arg name="field">{$temp.tempOrder}</arg>
                                          </function>
                                       </condition>
                                    </link>
                                    <link id="j7vvnyw7" targetId="j7vvnywc" type="containerLink">
                                       <condition source="formula">
                                          <function name="unset">
                                             <arg name="field">{$temp.tempOrder}</arg>
                                          </function>
                                       </condition>
                                    </link>
                                 </container>
                                 <link id="j7vvnyou" targetId="j7vvnyn2" type="containerLink"/>
                              </flow>
                              <link id="j7vvnyon" targetId="j7vvnyoq" type="containerLink">
                                 <condition source="formula">
                                    <function name="set">
                                       <arg name="field">{$temp.tempOrder}</arg>
                                    </function>
                                 </condition>
                              </link>
                              <link id="j7vvnyoo" targetId="j7vvnyot" type="containerLink">
                                 <condition source="formula">
                                    <function name="unset">
                                       <arg name="field">{$temp.tempOrder}</arg>
                                    </function>
                                 </condition>
                              </link>
                           </container>
                           <link id="j7vuoz7z" targetId="j7vuoywl" type="containerLink"/>
                        </flow>
                        <link id="j7vuoz7s" targetId="j7vuoz7v" type="containerLink">
                           <condition source="formula">
                              <function name="string-equals">
                                 <arg name="left">{$temp.tempOrderId}</arg>
                                 <arg name="right"/>
                              </function>
                           </condition>
                        </link>
                        <link id="j7vuoz7t" targetId="j7vuoz7y" type="containerLink"/>
                     </container>
                     <link id="j7vsym6e" targetId="j7vsym4j" type="containerLink"/>
                  </flow>
                  <link id="j7vsym67" targetId="j7vsym6a" type="containerLink">
                     <condition source="formula">
                        <function name="less-or-equals">
                           <arg name="left">{$temp.tempOrderCount}</arg>
                           <arg name="right">{1}</arg>
                        </function>
                     </condition>
                  </link>
                  <link id="j7vsym68" targetId="j7vsym6d" type="containerLink"/>
                  <link id="jale1k36" targetId="jale1k35"/>
               </container>
               <container id="kpy0dxzk" type="exclusive">
                  <title>tempSetOrder</title>
                  <flow id="kpy0dy0l">
                     <assignment id="kpy0dybq">
                        <title>Assignment to tempOrderable</title>
                        <operation source="field" to="temp.tempOrderable">temp.tempSetOrder.OSM_Product__c</operation>
                     </assignment>
                     <link id="kpy0dy0m" targetId="kpy0dxzk" type="containerLink"/>
                  </flow>
                  <flow id="kpy0dy0n">
                     <assignment id="kpz6ok37">
                        <title>Assignment to tempSetOrder</title>
                        <operation source="constant" to="temp.tempSetOrder"/>
                     </assignment>
                     <link id="kpy0dy0o" targetId="kpy0dxzk" type="containerLink"/>
                  </flow>
                  <link id="kpy0dy0e" targetId="kpy0dy0l" type="containerLink">
                     <condition source="formula">
                        <function name="set">
                           <arg name="field">{$temp.tempSetOrder}</arg>
                        </function>
                     </condition>
                  </link>
                  <link id="kpy0dy0h" targetId="kpy0dy0n" type="containerLink">
                     <condition source="formula">
                        <function name="unset">
                           <arg name="field">{$temp.tempSetOrder}</arg>
                        </function>
                     </condition>
                  </link>
                  <link id="kpy0dxzm" targetId="izgjvogp"/>
               </container>
               <assignment id="iwpl1cac">
                  <title>Assignment to tempResultsReadyDataMessage</title>
                  <operation source="formula" to="temp.tempSpecimenDataMessage">
                     <expression language="XQuery">util:simplifyXml($input.SpecimenDataMessage)</expression>
                  </operation>
                  <link id="j7vsym4r" targetId="j7vsylwf"/>
               </assignment>
               <assignment id="j7vsylwf">
                  <title>Assignment to tempOrderCount</title>
                  <operation source="formula" to="temp.tempOrderCount">
                     <expression language="XQuery">count($temp.tempSpecimenDataMessage//SpecimenGroup//Orders//Order)</expression>
                  </operation>
                  <link id="j7vsym4k" targetId="j7vsym4j"/>
               </assignment>
               <assignment id="jale1k35">
                  <title>Assignment to processName, tempSetOrder</title>
                  <operation source="formula" to="temp.processName">
                     <expression language="XQuery">ipd:setProcessTitle(fn:concat('INT-MP-SpecimenMessage-', 
$temp.tempOrderId))
</expression>
                  </operation>
                  <operation source="query" to="temp.tempSetOrder">
                     <query advanceQuery="false" from="Salesforce:Order">
                        <where>OrderNumber = '{$temp.tempOrderId}' OR (OSM_Legacy_Order_ID__c != '' AND OSM_Legacy_Order_ID__c ='{$temp.tempOrderId}')</where>
                     </query>
                  </operation>
                  <link id="kpy0dxzl" targetId="kpy0dxzk"/>
               </assignment>
               <create id="izgjvogp">
                  <title>ICRT Message Log Inbound</title>
                  <entityName>Salesforce:ICRT_Message_Log__c</entityName>
                  <createInput>
                     <parameter name="ICRT_Create_Process_ID__c" source="formula" updatable="true">
                        <expression language="XQuery">util:getProcessId()</expression>
                     </parameter>
                     <parameter name="ICRT_MW_Message_ID__c" source="field" updatable="true">temp.tempSpecimenDataMessage[1]/correlationId</parameter>
                     <parameter name="ICRT_Message_Direction__c" source="constant" updatable="true">Inbound</parameter>
                     <parameter name="ICRT_Message_Status__c" source="constant" updatable="true">New</parameter>
                     <parameter name="ICRT_Message_Type__c" source="constant" updatable="true">SpecimenDataMessage</parameter>
                     <parameter name="ICRT_Object_ID__c" source="formula" updatable="true">
                        <expression language="XQuery">if($temp.tempSetOrder)
then $temp.tempSetOrder.OrderNumber 
else $temp.tempOrderId </expression>
                     </parameter>
                     <parameter name="ICRT_Object_Name__c" source="constant" updatable="true">Order</parameter>
                     <parameter name="ICRT_Source_Message_ID__c" source="field" updatable="true">temp.tempSpecimenDataMessage[1]/messageInstanceId</parameter>
                     <parameter name="ICRT_Order__c" source="field">temp.tempSetOrder</parameter>
                     <parameter name="ICRT_Orderable__c" source="field" updatable="true">temp.tempOrderable</parameter>
                  </createInput>
                  <link id="izgjvogt" targetId="izgjvog8"/>
               </create>
               <milestone id="izgjvog8">
                  <httpStatus>202</httpStatus>
                  <link id="j6hsdjdu" targetId="ixvjpfnt"/>
               </milestone>
               <eventContainer id="ixvjpfnt">
                  <subflow id="iwpl1caj">
                     <title>INT-XDM-SpecimenMessage</title>
                     <subflowGUID>jR9U0EJZeiMdpPsE4STmew</subflowGUID>
                     <subflowPath>INT-XDM-SpecimenMessage</subflowPath>
                     <runForEach>false</runForEach>
                     <input>
                        <parameter name="InSpecimenDataMessage" source="field" updatable="true">input.SpecimenDataMessage</parameter>
                        <parameter name="InProcessingOrderId" source="field" updatable="true">temp.tempOrderId</parameter>
                     </input>
                     <outputDef>
                        <field name="outSpecimenGroupId" type="string">
                           <options>
                              <option name="required">false</option>
                           </options>
                        </field>
                        <field name="outSample" type="objectlist">
                           <options>
                              <option name="referenceTo">Salesforce:Order</option>
                              <option hide="true" name="multiSelect">true</option>
                              <option name="required">false</option>
                              <option name="guid">9rhyRDabNHiiDcOu4c64gK</option>
                           </options>
                        </field>
                        <field name="outTheValue" type="string">
                           <options>
                              <option name="required">false</option>
                           </options>
                        </field>
                        <field name="outOrderSpecimeId" type="string">
                           <options>
                              <option name="required">false</option>
                           </options>
                        </field>
                     </outputDef>
                  </subflow>
                  <flow id="ixvjpfnw">
                     <eventContainer id="izgjvojo">
                        <subflow id="izgjvojs">
                           <title>INT-SP-Msg-Ack-Outbound-Message</title>
                           <subflowGUID>1UujInWrmIqcQgL0BfHpCK</subflowGUID>
                           <subflowPath>INT-SP-Msg-Ack-Outbound-Message</subflowPath>
                           <appliesTo>Salesforce:ICRT_Message_Log__c</appliesTo>
                           <appliesToDataName source="field">output.Created ICRT_Message_Log__c</appliesToDataName>
                           <runForEach>false</runForEach>
                           <input>
                              <parameter name="InAckRequired" source="formula" updatable="true">
                                 <expression language="XQuery">$temp.tempSpecimenDataMessage[1]/ackRequired</expression>
                              </parameter>
                              <parameter name="InObjectName" source="constant" updatable="true">Order</parameter>
                              <parameter name="InObjectId" source="formula" updatable="true">
                                 <expression language="XQuery">$temp.tempOrderId</expression>
                              </parameter>
                              <parameter name="InOrigin" source="field" updatable="true">temp.tempSpecimenDataMessage[1]/origin</parameter>
                              <parameter name="InOriginalMessageInstanceId" source="field" updatable="true">temp.tempSpecimenDataMessage[1]/messageInstanceId</parameter>
                              <parameter name="InCorrelationId" source="field" updatable="true">temp.tempSpecimenDataMessage[1]/correlationId</parameter>
                              <parameter name="InActivityId" source="field" updatable="true">temp.tempSpecimenDataMessage[1]/activityId</parameter>
                           </input>
                           <outputDef/>
                        </subflow>
                        <flow id="izgjvojp">
                           <link id="izgjvojv" targetId="izgjvojo" type="containerLink"/>
                        </flow>
                        <flow id="izgk2qll">
                           <subflow id="izgk2qly">
                              <title>ER-Create-Error-Log-and-Case</title>
                              <subflowGUID>jf1vqQ3IEGmerC3QRAjjaU</subflowGUID>
                              <subflowPath>ER-Create-Error-Log-and-Case</subflowPath>
                              <runForEach>false</runForEach>
                              <input>
                                 <parameter name="infault reason" source="field" updatable="true">output.faultInfoAck[1]/reason</parameter>
                                 <parameter name="infault Detail" source="field" updatable="true">output.faultInfoAck[1]/detail</parameter>
                                 <parameter name="infault Code" source="field" updatable="true">output.faultInfoAck[1]/code</parameter>
                                 <parameter name="In ProcessId" source="formula" updatable="true">
                                    <expression language="XQuery">util:getProcessId()</expression>
                                 </parameter>
                                 <parameter name="In Process Name" source="constant" updatable="true">INT-MP-SpecimenMessage</parameter>
                                 <parameter name="In Primary Order" source="query" updatable="true">
                                    <query advanceQuery="false" from="Salesforce:Order">
                                       <where>OrderNumber = '{$temp.tempOrderId}' OR (OSM_Legacy_Order_ID__c != '' AND OSM_Legacy_Order_ID__c = '{$temp.tempOrderId}')</where>
                                    </query>
                                 </parameter>
                                 <parameter name="inSkipServiceCallAndThrow" source="constant" updatable="true">true</parameter>
                              </input>
                              <outputDef/>
                           </subflow>
                           <link id="izgk2qlm" targetId="izgjvojo" type="containerLink"/>
                        </flow>
                        <link id="izgjvojt" targetId="izgjvojp" type="containerLink"/>
                        <link id="izgjvok0" targetId="ixvjpfo7"/>
                        <events>
                           <catch faultField="faultInfoAck" id="izgk2qkh" interrupting="true">
                              <link id="izgk2qlj" targetId="izgk2qll" type="containerLink"/>
                           </catch>
                        </events>
                     </eventContainer>
                     <end id="ixvjpfo7">
                        <title>Success</title>
                     </end>
                  </flow>
                  <flow id="ixvjpfo0">
                     <eventContainer id="izgkfjg9">
                        <subflow id="izgk2qrp">
                           <title>INT-SP-Msg-Nack-Outbound-Message</title>
                           <subflowGUID>8FVZNm4sSoYfpFAMZSvoie</subflowGUID>
                           <subflowPath>INT-SP-Msg-Nack-Outbound-Message</subflowPath>
                           <appliesTo>Salesforce:ICRT_Message_Log__c</appliesTo>
                           <appliesToDataName source="field">output.Created ICRT_Message_Log__c</appliesToDataName>
                           <runForEach>false</runForEach>
                           <input>
                              <parameter name="inErrorReason" source="field" updatable="true">output.faultInfo[1]/reason</parameter>
                              <parameter name="InErrorMessage" source="constant" updatable="true">&lt;p&gt;Code: {$output.faultInfo[1]/code}&lt;/p&gt;
&lt;p&gt;Detail:&amp;nbsp;{$output.faultInfo[1]/detail}&lt;/p&gt;</parameter>
                              <parameter name="InObjectId" source="field" updatable="true">temp.tempOrderId</parameter>
                              <parameter name="InNackRequired" source="formula" updatable="true">
                                 <expression language="XQuery">$temp.tempSpecimenDataMessage[1]/nackRequired</expression>
                              </parameter>
                              <parameter name="InObjectName" source="constant" updatable="true">Order</parameter>
                              <parameter name="InOrigin" source="field" updatable="true">temp.tempSpecimenDataMessage[1]/origin</parameter>
                              <parameter name="InMessageInstanceId" source="field" updatable="true">temp.tempSpecimenDataMessage[1]/messageInstanceId</parameter>
                              <parameter name="InErrorCode" source="field" updatable="true">output.faultInfo[1]/code</parameter>
                              <parameter name="InOrder" source="query" updatable="true">
                                 <query advanceQuery="false" from="Salesforce:Order">
                                    <where>OrderNumber = '{$temp.tempSpecimenDataMessage[1]/SpecimenGroup[1]/Orders[1]/Order[1]/OrderID}' OR (OSM_Legacy_Order_ID__c != '' AND OSM_Legacy_Order_ID__c = '{$temp.tempSpecimenDataMessage[1]/SpecimenGroup[1]/Orders[1]/Order[1]/OrderID}')</where>
                                 </query>
                              </parameter>
                              <parameter name="InCorrelationId" source="field" updatable="true">temp.tempSpecimenDataMessage[1]/correlationId</parameter>
                              <parameter name="InActivityId" source="field" updatable="true">temp.tempSpecimenDataMessage[1]/activityId</parameter>
                              <parameter name="InProcessName" source="constant" updatable="true">INT-MP-SpecimenMessage</parameter>
                           </input>
                           <outputDef/>
                        </subflow>
                        <flow id="izgkfjgc">
                           <link id="izgkfjgd" targetId="izgkfjg9" type="containerLink"/>
                        </flow>
                        <flow id="izgkfjgg">
                           <subflow id="izgkfjzq">
                              <title>ER-Create-Error-Log-and-Case</title>
                              <subflowGUID>jf1vqQ3IEGmerC3QRAjjaU</subflowGUID>
                              <subflowPath>ER-Create-Error-Log-and-Case</subflowPath>
                              <runForEach>false</runForEach>
                              <input>
                                 <parameter name="infault reason" source="field" updatable="true">output.faultInfoNack[1]/reason</parameter>
                                 <parameter name="infault Detail" source="field" updatable="true">output.faultInfoNack[1]/detail</parameter>
                                 <parameter name="infault Code" source="field" updatable="true">output.faultInfoNack[1]/code</parameter>
                                 <parameter name="In ProcessId" source="formula" updatable="true">
                                    <expression language="XQuery">util:getProcessId()</expression>
                                 </parameter>
                                 <parameter name="In Process Name" source="constant" updatable="true">INT-MP-SpecimenMessage</parameter>
                                 <parameter name="In Primary Order" source="query" updatable="true">
                                    <query advanceQuery="false" from="Salesforce:Order">
                                       <where>OrderNumber = '{$temp.tempOrderId}' OR (OSM_Legacy_Order_ID__c != '' AND OSM_Legacy_Order_ID__c = '{$temp.tempOrderId}')</where>
                                    </query>
                                 </parameter>
                                 <parameter name="inSkipServiceCallAndThrow" source="constant" updatable="true">true</parameter>
                              </input>
                              <outputDef/>
                              <link id="j3bvbn7l" targetId="j3bvbn7k"/>
                           </subflow>
                           <throw id="j3bvbn7k">
                              <title>Custom Throw</title>
                              <throwInput>
                                 <parameter name="code" source="constant" updatable="true">121</parameter>
                              </throwInput>
                           </throw>
                        </flow>
                        <link id="izgkfjga" targetId="izgkfjgc" type="containerLink"/>
                        <link id="izhofbqd" targetId="ixvjpfnz"/>
                        <events>
                           <catch faultField="faultInfoNack" id="izgkfjfn" interrupting="true">
                              <link id="izgkfjge" targetId="izgkfjgg" type="containerLink"/>
                           </catch>
                        </events>
                     </eventContainer>
                     <end id="ixvjpfnz">
                        <title>Failure</title>
                        <httpStatus>500</httpStatus>
                     </end>
                  </flow>
                  <link id="ixvjpfnu" targetId="ixvjpfnw" type="containerLink"/>
                  <events>
                     <catch faultField="faultInfo" id="ixvjpfm6" interrupting="true">
                        <link id="ixvjpfny" targetId="ixvjpfo0" type="containerLink"/>
                     </catch>
                  </events>
               </eventContainer>
            </flow>
         </process>
      </types1:Entry>
      <types1:GUID>61UDU12Mr5HbALvTWQx3yF</types1:GUID>
      <types1:DisplayName>INT-MP-SpecimenMessage</types1:DisplayName>
   </types1:Item>
   <types1:CurrentServerDateTime>2023-05-18T11:14:44.993Z</types1:CurrentServerDateTime>
</aetgt:getResponse>
