<aetgt:getResponse xmlns:aetgt="http://schemas.active-endpoints.com/appmodules/repository/2010/10/avrepository.xsd"
                   xmlns:types1="http://schemas.active-endpoints.com/appmodules/repository/2010/10/avrepository.xsd">
   <types1:Item>
      <types1:EntryId>JnE29Em2kVNKSmv-gt-15163269-2019-03-07T20:35:14.576Z::pd.xml</types1:EntryId>
      <types1:Name>INT-MP-CaseDataMessage</types1:Name>
      <types1:ParentFlowIds>3duR55aaabdqpw0-gt-15162243-2019-03-07T20:35:00.588Z::pd.xml</types1:ParentFlowIds>
      <types1:MimeType>application/xml+process</types1:MimeType>
      <types1:Description>User Story 115043:FR-LAB-INTEGRATION-100-6: Case to Starlims update outbound message</types1:Description>
      <types1:AppliesTo/>
      <types1:Tags>119238,CaseDataMessage,FR-LAB-INTEGRATION-100-6,User Story 115043</types1:Tags>
      <types1:VersionLabel>1.0</types1:VersionLabel>
      <types1:State>CURRENT</types1:State>
      <types1:ProcessGroup/>
      <types1:CreatedBy>admin@001e08.ghi</types1:CreatedBy>
      <types1:CreationDate>2019-03-07T20:35:14Z</types1:CreationDate>
      <types1:ModifiedBy>admin@par15.ghi</types1:ModifiedBy>
      <types1:ModificationDate>2023-05-02T22:16:30Z</types1:ModificationDate>
      <types1:PublicationStatus>out-of-date</types1:PublicationStatus>
      <types1:PublishedBy>admin@par15.ghi</types1:PublishedBy>
      <types1:PublicationDate>2023-05-02T22:30:59Z</types1:PublicationDate>
      <types1:PublishedContributionId>project:/spi.INT-MP-CaseDataMessage/INT-MP-CaseDataMessage.pd.xml</types1:PublishedContributionId>
      <types1:AutosaveExists>false</types1:AutosaveExists>
      <types1:Entry>
         <process xmlns="http://schemas.active-endpoints.com/appmodules/screenflow/2010/10/avosScreenflow.xsd"
                  xmlns:tfm="http://schemas.active-endpoints.com/appmodules/screenflow/2021/04/taskflowModel.xsd"
                  xmlns:list="urn:activevos:spi:list:functions"
                  displayName="INT-MP-CaseDataMessage"
                  name="INT-MP-CaseDataMessage"
                  overrideAPIName="false">
            <parameterSet xmlns="http://schemas.active-endpoints.com/appmodules/screenflow/2021/04/taskflowModel.xsd"/>
            <appliesTo/>
            <description>User Story 115043:FR-LAB-INTEGRATION-100-6: Case to Starlims update outbound message</description>
            <tags>119238,CaseDataMessage,FR-LAB-INTEGRATION-100-6,User Story 115043</tags>
            <generator>Informatica Process Designer 11</generator>
            <input>
               <parameter description="" name="CaseDataMessage" type="xml">
                  <options>
                     <option name="required">false</option>
                  </options>
               </parameter>
            </input>
            <tempFields>
               <field description="" name="simplifiedCaseDataMessage" type="reference">
                  <options>
                     <option name="referenceTo">$po:CaseDataMessage</option>
                     <option name="required">false</option>
                     <option name="isCopy">true</option>
                     <option name="guid">a3ujc0XFbgrjlsXdYaYXyA</option>
                  </options>
               </field>
               <field description="" name="tempCase" type="reference">
                  <options>
                     <option name="referenceTo">Salesforce:Case</option>
                     <option name="required">false</option>
                     <option name="guid">9rhyRDabNHiiDcOu4c64gK</option>
                  </options>
               </field>
               <field description="" name="processName" type="string">
                  <options>
                     <option name="required">false</option>
                  </options>
               </field>
               <field description="" name="tempOrder" type="reference">
                  <options>
                     <option name="referenceTo">Salesforce:Order</option>
                     <option name="required">false</option>
                     <option name="guid">9rhyRDabNHiiDcOu4c64gK</option>
                  </options>
               </field>
               <field description="" name="tempOrderable" type="string">
                  <options>
                     <option name="required">false</option>
                  </options>
               </field>
            </tempFields>
            <notes>User Story 115043:FR-LAB-INTEGRATION-100-6: Case to Starlims update outbound message
User Story 119238:Re-implement: FR-LAB-INTEGRATION-100-5: Case creation/update from Starlims inbound message</notes>
            <deployment skipIfRunning="false" suspendOnFault="true" tracingLevel="normal">
               <rest>
                  <allowedUsers>
                     <user>biztalk@par15.ghi</user>
                     <user>biztalk@genomichealth.com</user>
                  </allowedUsers>
                  <wholePayload inputWholePayload="true"/>
               </rest>
            </deployment>
            <flow id="a">
               <start id="b">
                  <link id="j720wcw5" targetId="j720wcw4"/>
               </start>
               <subflow id="j720wcw4">
                  <title>INT-SP-Throttle-Messages</title>
                  <subflowGUID>jhYNzXaaUYJifeK7rIWQco</subflowGUID>
                  <subflowPath>INT-SP-Throttle-Messages</subflowPath>
                  <runForEach>false</runForEach>
                  <input/>
                  <outputDef>
                     <field name="processMessage" type="boolean">
                        <options>
                           <option name="defaultvalue">false</option>
                           <option name="boolean_show_as">checkbox</option>
                           <option name="required">false</option>
                        </options>
                     </field>
                  </outputDef>
                  <link id="j720wcy9" targetId="j720wcy8"/>
               </subflow>
               <container id="j720wcy8" type="exclusive">
                  <title>processMessage</title>
                  <flow id="j720wd07">
                     <link id="j720wd08" targetId="j720wcy8" type="containerLink"/>
                  </flow>
                  <flow id="j720wd0a">
                     <end id="j720wd09">
                        <httpStatus>400</httpStatus>
                     </end>
                  </flow>
                  <link id="j720wd04" targetId="j720wd07" type="containerLink">
                     <condition source="formula">
                        <function name="true">
                           <arg name="field">{$output.processMessage}</arg>
                        </function>
                     </condition>
                  </link>
                  <link id="j720wd05" targetId="j720wd0a" type="containerLink">
                     <condition source="formula">
                        <function name="false">
                           <arg name="field">{$output.processMessage}</arg>
                        </function>
                     </condition>
                  </link>
                  <link id="j720wcya" targetId="c"/>
               </container>
               <container id="kpxzbpd3" type="exclusive">
                  <title>tempOrder</title>
                  <flow id="kpxzbpg1">
                     <assignment id="kpxzbpwy">
                        <title>Assignment to tempOrderable</title>
                        <operation source="field" to="temp.tempOrderable">temp.tempOrder.OSM_Product__c</operation>
                     </assignment>
                     <link id="kpxzbpg2" targetId="kpxzbpd3" type="containerLink"/>
                  </flow>
                  <flow id="kpxzbpg3">
                     <link id="kpxzbpg4" targetId="kpxzbpd3" type="containerLink"/>
                  </flow>
                  <link id="kpxzbpfu" targetId="kpxzbpg1" type="containerLink">
                     <condition source="formula">
                        <function name="set">
                           <arg name="field">{$temp.tempOrder}</arg>
                        </function>
                     </condition>
                  </link>
                  <link id="kpxzbpfx" targetId="kpxzbpg3" type="containerLink">
                     <condition source="formula">
                        <function name="unset">
                           <arg name="field">{$temp.tempOrder}</arg>
                        </function>
                     </condition>
                  </link>
                  <link id="kpxzbpd5" targetId="izgl4a1v"/>
               </container>
               <assignment id="c">
                  <title>Assignment to simplifiedCaseDataMessage </title>
                  <operation source="formula" to="temp.simplifiedCaseDataMessage">
                     <expression language="XQuery">util:simplifyXml($input.CaseDataMessage)</expression>
                  </operation>
                  <link id="kjy1i5re" targetId="jalf4d2s"/>
               </assignment>
               <assignment id="jalf4d2s">
                  <title>Assignment to processName, tempOrder</title>
                  <operation source="formula" to="temp.processName">
                     <expression language="XQuery">ipd:setProcessTitle(fn:concat("INT-MP-CaseDataMessage-", $temp.simplifiedCaseDataMessage[1]/Case[1]/OrderId))</expression>
                  </operation>
                  <operation source="query" to="temp.tempOrder">
                     <query advanceQuery="false" from="Salesforce:Order">
                        <where>OrderNumber = '{$temp.simplifiedCaseDataMessage[1]/Case[1]/OrderId}' OR (OSM_Legacy_Order_ID__c != '' AND OSM_Legacy_Order_ID__c = '{$temp.simplifiedCaseDataMessage[1]/Case[1]/OrderId}')</where>
                     </query>
                  </operation>
                  <link id="kpxzbpd4" targetId="kpxzbpd3"/>
               </assignment>
               <create id="izgl4a1v">
                  <title>ICRT Message Log Inbound</title>
                  <entityName>Salesforce:ICRT_Message_Log__c</entityName>
                  <createInput>
                     <parameter name="ICRT_Create_Process_ID__c" source="formula" updatable="true">
                        <expression language="XQuery">util:getProcessId()</expression>
                     </parameter>
                     <parameter name="ICRT_MW_Message_ID__c" source="field" updatable="true">temp.simplifiedCaseDataMessage[1]/correlationId</parameter>
                     <parameter name="ICRT_Message_Direction__c" source="constant" updatable="true">Inbound</parameter>
                     <parameter name="ICRT_Message_Status__c" source="constant" updatable="true">New</parameter>
                     <parameter name="ICRT_Message_Type__c" source="constant" updatable="true">CaseDataMessage</parameter>
                     <parameter name="ICRT_Object_ID__c" source="field" updatable="true">temp.simplifiedCaseDataMessage[1]/Case[1]/OrderId</parameter>
                     <parameter name="ICRT_Object_Name__c" source="constant" updatable="true">Order</parameter>
                     <parameter name="ICRT_Source_Message_ID__c" source="field" updatable="true">temp.simplifiedCaseDataMessage[1]/messageInstanceId</parameter>
                     <parameter name="ICRT_Order__c" source="field">temp.tempOrder</parameter>
                     <parameter name="ICRT_Orderable__c" source="field" updatable="true">temp.tempOrderable</parameter>
                  </createInput>
                  <link id="izgl4a1z" targetId="iz5qt4uf"/>
               </create>
               <milestone id="iz5qt4uf">
                  <httpStatus>202</httpStatus>
                  <link id="izk5lm8s" targetId="izk42ryt"/>
               </milestone>
               <eventContainer id="izk42ryt">
                  <subflow id="izk42rz8">
                     <title>INT-Process-CaseDataMessage-CreateCase</title>
                     <subflowGUID>9PNoMmI2sAMkf0VOQFfOIr</subflowGUID>
                     <subflowPath>INT-Process-CaseDataMessage-CreateCase</subflowPath>
                     <runForEach>false</runForEach>
                     <input>
                        <parameter name="CaseDataMessage" source="field" updatable="true">temp.simplifiedCaseDataMessage</parameter>
                     </input>
                     <outputDef>
                        <field name="caseId" type="string">
                           <options>
                              <option name="required">false</option>
                           </options>
                        </field>
                     </outputDef>
                  </subflow>
                  <flow id="izk42ryu">
                     <eventContainer id="izk42ryv">
                        <subflow id="izk42ryz">
                           <title>INT-SP-Msg-Ack-Outbound-Message</title>
                           <subflowGUID>1UujInWrmIqcQgL0BfHpCK</subflowGUID>
                           <subflowPath>INT-SP-Msg-Ack-Outbound-Message</subflowPath>
                           <appliesTo>Salesforce:ICRT_Message_Log__c</appliesTo>
                           <appliesToDataName source="field">output.Created ICRT_Message_Log__c</appliesToDataName>
                           <runForEach>false</runForEach>
                           <input>
                              <parameter name="InAckRequired" source="formula" updatable="true">
                                 <expression language="XQuery">$temp.simplifiedCaseDataMessage[1]/ackRequired</expression>
                              </parameter>
                              <parameter name="InObjectName" source="constant" updatable="true">Case</parameter>
                              <parameter name="InObjectId" source="field" updatable="true">temp.simplifiedCaseDataMessage[1]/Case[1]/CaseId</parameter>
                              <parameter name="InOrigin" source="field" updatable="true">temp.simplifiedCaseDataMessage[1]/origin</parameter>
                              <parameter name="InOriginalMessageInstanceId" source="field" updatable="true">temp.simplifiedCaseDataMessage[1]/messageInstanceId</parameter>
                              <parameter name="InCorrelationId" source="field" updatable="true">temp.simplifiedCaseDataMessage[1]/correlationId</parameter>
                              <parameter name="InActivityId" source="field" updatable="true">temp.simplifiedCaseDataMessage[1]/activityId</parameter>
                           </input>
                           <outputDef/>
                        </subflow>
                        <flow id="izk42ryw">
                           <link id="izk42rze" targetId="izk42ryv" type="containerLink"/>
                        </flow>
                        <flow id="izk42ryx">
                           <subflow id="izk42ryy">
                              <title>ER-Create-Error-Log-and-Case</title>
                              <subflowGUID>jf1vqQ3IEGmerC3QRAjjaU</subflowGUID>
                              <subflowPath>ER-Create-Error-Log-and-Case</subflowPath>
                              <runForEach>false</runForEach>
                              <input>
                                 <parameter name="infault reason" source="field" updatable="true">output.faultInfoAck[1]/reason</parameter>
                                 <parameter name="infault Detail" source="field" updatable="true">output.faultInfoAck[1]/detail</parameter>
                                 <parameter name="infault Code" source="field" updatable="true">output.faultInfoAck[1]/code</parameter>
                                 <parameter name="In ProcessId" source="formula" updatable="true">
                                    <expression language="XQuery">util:getProcessId()</expression>
                                 </parameter>
                                 <parameter name="In Process Name" source="constant" updatable="true">INT-MP-CaseDataMessage</parameter>
                                 <parameter name="In Primary Order" source="query" updatable="true">
                                    <query advanceQuery="false" from="Salesforce:Order">
                                       <where>OrderNumber = '{$temp.simplifiedCaseDataMessage[1]/Case[1]/OrderId}' OR (OSM_Legacy_Order_ID__c != '' AND OSM_Legacy_Order_ID__c = '{$temp.simplifiedCaseDataMessage[1]/Case[1]/OrderId}')</where>
                                    </query>
                                 </parameter>
                                 <parameter name="inSkipServiceCallAndThrow" source="constant" updatable="true">true</parameter>
                              </input>
                              <outputDef/>
                           </subflow>
                           <link id="izk42rzf" targetId="izk42ryv" type="containerLink"/>
                        </flow>
                        <link id="izk42rzb" targetId="izk42ryw" type="containerLink"/>
                        <link id="izk42s6l" targetId="izk42s6k"/>
                        <events>
                           <catch faultField="faultInfoAck" id="izgltt7y" interrupting="true">
                              <link id="izk42rzc" targetId="izk42ryx" type="containerLink"/>
                           </catch>
                        </events>
                     </eventContainer>
                     <eventContainer id="izk5lmen">
                        <subflow id="izk42s2m">
                           <title>INT-XDM-CaseToStarlims-CaseDataMessage</title>
                           <subflowGUID>e6ugabC5b2ojlpDYUPjmuA</subflowGUID>
                           <subflowPath>INT-XDM-CaseToStarlims-CaseDataMessage</subflowPath>
                           <appliesTo>Salesforce:Case</appliesTo>
                           <appliesToDataName source="field">temp.tempCase</appliesToDataName>
                           <runForEach>false</runForEach>
                           <input/>
                           <outputDef/>
                        </subflow>
                        <flow id="izk5lmeq">
                           <link id="izk5lmer" targetId="izk5lmen" type="containerLink"/>
                        </flow>
                        <flow id="izk5lmeu">
                           <subflow id="izk5lmje">
                              <title>ER-Create-Error-Log-and-Case</title>
                              <subflowGUID>jf1vqQ3IEGmerC3QRAjjaU</subflowGUID>
                              <subflowPath>ER-Create-Error-Log-and-Case</subflowPath>
                              <runForEach>false</runForEach>
                              <input>
                                 <parameter name="infault reason" source="field" updatable="true">output.faultInfoOutbound[1]/reason</parameter>
                                 <parameter name="infault Detail" source="field" updatable="true">output.faultInfoOutbound[1]/detail</parameter>
                                 <parameter name="infault Code" source="field" updatable="true">output.faultInfoOutbound[1]/code</parameter>
                                 <parameter name="In ProcessId" source="formula" updatable="true">
                                    <expression language="XQuery">util:getProcessId()</expression>
                                 </parameter>
                                 <parameter name="In Process Name" source="constant" updatable="true">INT-MP-CaseDataMessage</parameter>
                                 <parameter name="In Primary Order" source="query" updatable="true">
                                    <query advanceQuery="false" from="Salesforce:Order">
                                       <where>OrderNumber = '{$temp.simplifiedCaseDataMessage[1]/Case[1]/OrderId}' OR (OSM_Legacy_Order_ID__c != '' AND OSM_Legacy_Order_ID__c = '{$temp.simplifiedCaseDataMessage[1]/Case[1]/OrderId}')</where>
                                    </query>
                                 </parameter>
                                 <parameter name="inSkipServiceCallAndThrow" source="constant" updatable="true">true</parameter>
                              </input>
                              <outputDef/>
                           </subflow>
                           <link id="izk5lmev" targetId="izk5lmen" type="containerLink"/>
                        </flow>
                        <link id="izk5lmeo" targetId="izk5lmeq" type="containerLink"/>
                        <link id="izk42s2o" targetId="izk42rz0"/>
                        <events>
                           <catch faultField="faultInfoOutbound" id="izk5lmel" interrupting="true">
                              <link id="izk5lmes" targetId="izk5lmeu" type="containerLink"/>
                           </catch>
                        </events>
                     </eventContainer>
                     <assignment id="izk42s6k">
                        <title>Assignment to tempCase</title>
                        <operation source="formula" to="temp.tempCase">
                           <expression language="XQuery">$output.caseId</expression>
                        </operation>
                        <link id="izk42s6m" targetId="izk5lmen"/>
                     </assignment>
                     <end id="izk42rz0"/>
                  </flow>
                  <flow id="izk42rz1">
                     <eventContainer id="izk42rz2">
                        <subflow id="izk42rz6">
                           <title>INT-SP-Msg-Nack-Outbound-Message</title>
                           <subflowGUID>8FVZNm4sSoYfpFAMZSvoie</subflowGUID>
                           <subflowPath>INT-SP-Msg-Nack-Outbound-Message</subflowPath>
                           <appliesTo>Salesforce:ICRT_Message_Log__c</appliesTo>
                           <appliesToDataName source="field">output.Created ICRT_Message_Log__c</appliesToDataName>
                           <runForEach>false</runForEach>
                           <input>
                              <parameter name="inErrorReason" source="field" updatable="true">output.faultInfo[1]/reason</parameter>
                              <parameter name="InErrorMessage" source="constant" updatable="true">Code: {$output.faultInfo[1]/code} Detail:;{$output.faultInfo[1]/detail}</parameter>
                              <parameter name="InObjectId" source="field" updatable="true">temp.simplifiedCaseDataMessage[1]/Case[1]/OrderId</parameter>
                              <parameter name="InNackRequired" source="formula" updatable="true">
                                 <expression language="XQuery">$temp.simplifiedCaseDataMessage[1]/nackRequired</expression>
                              </parameter>
                              <parameter name="InObjectName" source="constant" updatable="true">Order</parameter>
                              <parameter name="InOrigin" source="field" updatable="true">temp.simplifiedCaseDataMessage[1]/origin</parameter>
                              <parameter name="InMessageInstanceId" source="field" updatable="true">temp.simplifiedCaseDataMessage[1]/messageInstanceId</parameter>
                              <parameter name="InErrorCode" source="field" updatable="true">output.faultInfo[1]/code</parameter>
                              <parameter name="InOrder" source="query" updatable="true">
                                 <query advanceQuery="false" from="Salesforce:Order">
                                    <where>OrderNumber = '{$temp.simplifiedCaseDataMessage[1]/Case[1]/OrderId}' OR (OSM_Legacy_Order_ID__c != '' AND OSM_Legacy_Order_ID__c = '{$temp.simplifiedCaseDataMessage[1]/Case[1]/OrderId}')</where>
                                 </query>
                              </parameter>
                              <parameter name="InCorrelationId" source="field" updatable="true">temp.simplifiedCaseDataMessage[1]/correlationId</parameter>
                              <parameter name="InActivityId" source="field" updatable="true">temp.simplifiedCaseDataMessage[1]/activityId</parameter>
                              <parameter name="InProcessName" source="constant" updatable="true">INT-MP-CaseDataMessage</parameter>
                           </input>
                           <outputDef/>
                        </subflow>
                        <flow id="izk42rz3">
                           <link id="izk42rzj" targetId="izk42rz2" type="containerLink"/>
                        </flow>
                        <flow id="izk42rz4">
                           <subflow id="izk42rz5">
                              <title>ER-Create-Error-Log-and-Case</title>
                              <subflowGUID>jf1vqQ3IEGmerC3QRAjjaU</subflowGUID>
                              <subflowPath>ER-Create-Error-Log-and-Case</subflowPath>
                              <runForEach>false</runForEach>
                              <input>
                                 <parameter name="infault reason" source="field" updatable="true">output.faultInfoNack[1]/reason</parameter>
                                 <parameter name="infault Detail" source="field" updatable="true">output.faultInfoNack[1]/detail</parameter>
                                 <parameter name="infault Code" source="field" updatable="true">output.faultInfoNack[1]/code</parameter>
                                 <parameter name="In ProcessId" source="formula" updatable="true">
                                    <expression language="XQuery">util:getProcessId()</expression>
                                 </parameter>
                                 <parameter name="In Process Name" source="constant" updatable="true">INT-MP-CaseDataMessage</parameter>
                                 <parameter name="In Primary Order" source="query" updatable="true">
                                    <query advanceQuery="false" from="Salesforce:Order">
                                       <where>OrderNumber = '{$temp.simplifiedCaseDataMessage[1]/Case[1]/OrderId}' OR (OSM_Legacy_Order_ID__c != '' AND OSM_Legacy_Order_ID__c = '{$temp.simplifiedCaseDataMessage[1]/Case[1]/OrderId}')</where>
                                    </query>
                                 </parameter>
                                 <parameter name="inSkipServiceCallAndThrow" source="constant" updatable="true">true</parameter>
                              </input>
                              <outputDef/>
                           </subflow>
                           <link id="izk42rzk" targetId="izk42rz2" type="containerLink"/>
                        </flow>
                        <link id="izk42rzg" targetId="izk42rz3" type="containerLink"/>
                        <link id="izk42rzi" targetId="izk42rz7"/>
                        <events>
                           <catch faultField="faultInfoNack" id="izgltt97" interrupting="true">
                              <link id="izk42rzh" targetId="izk42rz4" type="containerLink"/>
                           </catch>
                        </events>
                     </eventContainer>
                     <end id="izk42rz7"/>
                  </flow>
                  <link id="izk42rz9" targetId="izk42ryu" type="containerLink"/>
                  <events>
                     <catch faultField="faultInfo" id="iwpg6oss" interrupting="true">
                        <link id="izk42rza" targetId="izk42rz1" type="containerLink"/>
                     </catch>
                  </events>
               </eventContainer>
            </flow>
         </process>
      </types1:Entry>
      <types1:GUID>8wq3MwCVXCsf9onu4oKyK5</types1:GUID>
      <types1:DisplayName>INT-MP-CaseDataMessage</types1:DisplayName>
   </types1:Item>
   <types1:CurrentServerDateTime>2023-05-18T11:14:44.955Z</types1:CurrentServerDateTime>
</aetgt:getResponse>
