<aetgt:getResponse xmlns:aetgt="http://schemas.active-endpoints.com/appmodules/repository/2010/10/avrepository.xsd"
                   xmlns:types1="http://schemas.active-endpoints.com/appmodules/repository/2010/10/avrepository.xsd">
   <types1:Item>
      <types1:EntryId>rm2FNBeNTYglxbd-gt-15163791-2019-03-07T20:35:23.286Z::pd.xml</types1:EntryId>
      <types1:Name>MPDataRetrievalForLIMS</types1:Name>
      <types1:ParentFlowIds>3duR55aaabdqpw0-gt-15162243-2019-03-07T20:35:00.588Z::pd.xml</types1:ParentFlowIds>
      <types1:MimeType>application/xml+process</types1:MimeType>
      <types1:Description>Retrieve Data for Star Lims for given OLI ID
need to add starlims user access</types1:Description>
      <types1:AppliesTo/>
      <types1:Tags>User Story 127037</types1:Tags>
      <types1:VersionLabel>1.0</types1:VersionLabel>
      <types1:State>CURRENT</types1:State>
      <types1:ProcessGroup/>
      <types1:CreatedBy>admin@001e08.ghi</types1:CreatedBy>
      <types1:CreationDate>2019-03-07T20:35:23Z</types1:CreationDate>
      <types1:ModifiedBy>admin@par15.ghi</types1:ModifiedBy>
      <types1:ModificationDate>2023-05-03T22:43:31Z</types1:ModificationDate>
      <types1:PublicationStatus>published</types1:PublicationStatus>
      <types1:PublishedBy>admin@par15.ghi</types1:PublishedBy>
      <types1:PublicationDate>2023-05-03T22:43:37Z</types1:PublicationDate>
      <types1:PublishedContributionId>project:/spi.MPDataRetrievalForLIMS/MPDataRetrievalForLIMS.pd.xml</types1:PublishedContributionId>
      <types1:AutosaveExists>false</types1:AutosaveExists>
      <types1:Entry>
         <process xmlns="http://schemas.active-endpoints.com/appmodules/screenflow/2010/10/avosScreenflow.xsd"
                  xmlns:tfm="http://schemas.active-endpoints.com/appmodules/screenflow/2021/04/taskflowModel.xsd"
                  xmlns:list="urn:activevos:spi:list:functions"
                  displayName="MPDataRetrievalForLIMS"
                  name="MPDataRetrievalForLIMS"
                  overrideAPIName="false">
            <parameterSet xmlns="http://schemas.active-endpoints.com/appmodules/screenflow/2021/04/taskflowModel.xsd"/>
            <appliesTo/>
            <description>Retrieve Data for Star Lims for given OLI ID
need to add starlims user access</description>
            <tags>User Story 127037</tags>
            <generator>Informatica Process Designer 11</generator>
            <input>
               <parameter description="" name="inputOLIIDFromLIMS" type="string">
                  <options>
                     <option name="required">false</option>
                  </options>
               </parameter>
            </input>
            <output>
               <field description="" name="out_orderPatientID" type="string">
                  <options>
                     <option name="required">false</option>
                  </options>
               </field>
               <field description="" name="out_orderPatientDOB" type="string">
                  <options>
                     <option name="required">false</option>
                  </options>
               </field>
               <field description=""
                      name="out_orderPatientMedicalRecordNum"
                      type="string">
                  <options>
                     <option name="required">false</option>
                  </options>
               </field>
               <field description="" name="out_orderPatientCountry" type="string">
                  <options>
                     <option name="required">false</option>
                  </options>
               </field>
               <field description="" name="out_orderPatientPostalCode" type="string">
                  <options>
                     <option name="required">false</option>
                  </options>
               </field>
               <field description="" name="out_orderPatientGender" type="string">
                  <options>
                     <option name="required">false</option>
                  </options>
               </field>
               <field description="" name="out_orderRolePartnerAccountname" type="string">
                  <options>
                     <option name="required">false</option>
                  </options>
               </field>
               <field description=""
                      name="out_orderRoleOrderingContactName"
                      type="string">
                  <options>
                     <option name="required">false</option>
                  </options>
               </field>
               <field description=""
                      name="out_orderRoleAdditionalContactName"
                      type="string">
                  <options>
                     <option name="required">false</option>
                  </options>
               </field>
               <field description="" name="out_orderItemLiquidSelDiagnosis" type="string">
                  <options>
                     <option name="required">false</option>
                  </options>
               </field>
               <field description=""
                      name="out_orderItemLiqSelClinical Stage"
                      type="string">
                  <options>
                     <option name="required">false</option>
                  </options>
               </field>
               <field description="" name="out_orderItemTestSpecimenType" type="string">
                  <options>
                     <option name="required">false</option>
                  </options>
               </field>
               <field description=""
                      name="out_orderStudyNameDisplayedonReport"
                      type="string">
                  <options>
                     <option name="required">false</option>
                  </options>
               </field>
               <field description="" name="out_orderPatientFirstName" type="string">
                  <options>
                     <option name="required">false</option>
                  </options>
               </field>
               <field description="" name="out_orderPatientLastName" type="string">
                  <options>
                     <option name="required">false</option>
                  </options>
               </field>
               <field description="" name="out_orderPatientMiddleName" type="string">
                  <options>
                     <option name="required">false</option>
                  </options>
               </field>
               <field description="" name="out_orderPatientSuffix" type="string">
                  <options>
                     <option name="required">false</option>
                  </options>
               </field>
               <field description=""
                      name="out_orderRoleOrderingContactPostalCode"
                      type="string">
                  <options>
                     <option name="required">false</option>
                  </options>
               </field>
               <field description="" name="out_resultGHIReportNumber" type="string">
                  <options>
                     <option name="required">false</option>
                  </options>
               </field>
               <field description="" name="out_resultDateReported" type="string">
                  <options>
                     <option name="required">false</option>
                  </options>
               </field>
               <field description="" name="out_resultExternalReportId" type="string">
                  <options>
                     <option name="required">false</option>
                  </options>
               </field>
            </output>
            <tempFields>
               <field description="" name="tempOrderRec" type="reference">
                  <options>
                     <option name="referenceTo">Salesforce:Order</option>
                     <option name="required">false</option>
                     <option name="guid">9rhyRDabNHiiDcOu4c64gK</option>
                  </options>
               </field>
               <field description="" name="tempOrderItemRec" type="reference">
                  <options>
                     <option name="referenceTo">Salesforce:OrderItem</option>
                     <option name="required">false</option>
                     <option name="guid">9rhyRDabNHiiDcOu4c64gK</option>
                  </options>
               </field>
               <field description="" name="templistofOrderRoleRec" type="objectlist">
                  <options>
                     <option name="referenceTo">Salesforce:OSM_Order_Role__c</option>
                     <option hide="true" name="multiSelect">true</option>
                     <option name="required">false</option>
                     <option name="guid">9rhyRDabNHiiDcOu4c64gK</option>
                  </options>
               </field>
               <field description="" name="tempHead_Order role" type="reference">
                  <options>
                     <option name="referenceTo">Salesforce:OSM_Order_Role__c</option>
                     <option name="required">false</option>
                     <option name="guid">9rhyRDabNHiiDcOu4c64gK</option>
                  </options>
               </field>
               <field description=""
                      name="check_partnerAccountlistonReport"
                      type="boolean">
                  <options>
                     <option name="defaultvalue">false</option>
                     <option name="boolean_show_as">checkbox</option>
                     <option name="required">false</option>
                  </options>
               </field>
               <field description="" name="tempFinalOliId" type="string">
                  <options>
                     <option name="required">false</option>
                  </options>
               </field>
            </tempFields>
            <notes>User Story 145292: OM - Encryption Phase 2: Encrypt Patient Personal Information</notes>
            <deployment skipIfRunning="false" suspendOnFault="false" tracingLevel="verbose">
               <rest>
                  <allowedUsers>
                     <user>icrtstarlimsintegration@genomichealth.com</user>
                     <user>icrtstarlimsintegration@par15.ghi</user>
                  </allowedUsers>
               </rest>
            </deployment>
            <flow id="a">
               <start id="b">
                  <link id="link1" targetId="c"/>
               </start>
               <container id="c" type="exclusive">
                  <title>Check OLI ID </title>
                  <flow id="j4g3js7w">
                     <throw id="j4g3js7v">
                        <throwInput>
                           <parameter name="code" source="constant" updatable="true">OLI ID is Empty</parameter>
                        </throwInput>
                     </throw>
                  </flow>
                  <flow id="j4g3js7z">
                     <assignment id="lgos4v90">
                        <title>Assignment to tempFinalOliId</title>
                        <operation source="formula" to="temp.tempFinalOliId">
                           <expression language="XQuery">fn:replace(fn:replace($input.inputOLIIDFromLIMS,"OLE","0"),"OL","0")</expression>
                        </operation>
                        <link id="lgos4v91" targetId="j4g3js7y"/>
                     </assignment>
                     <assignment id="j4g3js7y">
                        <title>Assignment to OrderItem</title>
                        <operation source="query" to="temp.tempOrderItemRec">
                           <query advanceQuery="false" from="Salesforce:OrderItem">
                              <where>(OrderItemNumber = '{$temp.tempFinalOliId}' OR (OSM_Legacy_Order_Line_Item_ID__c != '' AND OSM_Legacy_Order_Line_Item_ID__c = '{$input.inputOLIIDFromLIMS}'))</where>
                           </query>
                        </operation>
                        <link id="j4h9fqbk" targetId="j4h9fqbj"/>
                     </assignment>
                     <container id="j4h9fqbj" type="exclusive">
                        <title>Check if Order Item Rec is NULL</title>
                        <flow id="j4h9fqbv">
                           <container id="j4helx44" type="parallel">
                              <title>Order Item fields and Order Assignment </title>
                              <flow id="j4helx4d">
                                 <assignment id="j4helx4s">
                                    <title>Order Assignment</title>
                                    <operation source="query" to="temp.tempOrderRec">
                                       <query advanceQuery="false" from="Salesforce:Order">
                                          <where>Id = '{$temp.tempOrderItemRec.OrderId}'</where>
                                       </query>
                                    </operation>
                                    <link id="j4helx7n" targetId="j4helx76"/>
                                 </assignment>
                                 <container id="j4helx76" type="exclusive">
                                    <title>Check Order Rec is NULL</title>
                                    <flow id="j4helx77">
                                       <container id="j4helxfa" type="parallel">
                                          <title>Assign Order Fields and Order Roles</title>
                                          <flow id="j4helxfs">
                                             <assignment id="j4helxg5">
                                                <title>Order Roles Assignment</title>
                                                <operation source="list" to="temp.templistofOrderRoleRec">
                                                   <query advanceQuery="false" from="Salesforce:OSM_Order_Role__c">
                                                      <where>OSM_Order__c = '{$temp.tempOrderRec.Id}'</where>
                                                   </query>
                                                </operation>
                                                <link id="j4helxhh" targetId="j4helxh9"/>
                                             </assignment>
                                             <container id="j4helxh9" type="exclusive">
                                                <title>Order Roles are Not Empty</title>
                                                <flow id="j4helxha">
                                                   <assignment id="j4helxhb">
                                                      <title>Get Head of Order Role</title>
                                                      <operation source="formula" to="temp.tempHead_Order role">
                                                         <expression language="XQuery">list:head($temp.templistofOrderRoleRec)</expression>
                                                      </operation>
                                                      <link id="j4helxle" targetId="j4helxld"/>
                                                   </assignment>
                                                   <container id="j4helxld" type="exclusive">
                                                      <title>Check Head of Order Role</title>
                                                      <flow id="j4helxmm">
                                                         <container id="j4io2avu" type="exclusive">
                                                            <title>Check Roles</title>
                                                            <flow id="j4io2avv">
                                                               <container id="j4io2avw" type="exclusive">
                                                                  <title>Check if list on report = true</title>
                                                                  <flow id="j4io2avx">
                                                                     <assignment id="j4io2avy">
                                                                        <title>Assign PartnerAccount Name</title>
                                                                        <operation source="field" to="output.out_orderRolePartnerAccountname">temp.tempHead_Order role.OSM_Account_Name__c</operation>
                                                                        <operation source="constant" to="temp.check_partnerAccountlistonReport">true</operation>
                                                                     </assignment>
                                                                     <link id="j4io2awj" targetId="j4io2avw" type="containerLink"/>
                                                                  </flow>
                                                                  <flow id="j4io2avz">
                                                                     <assignment id="j4iz4ob2">
                                                                        <title>Account flag check</title>
                                                                        <operation source="constant" to="temp.check_partnerAccountlistonReport">false</operation>
                                                                     </assignment>
                                                                     <link id="j4io2awk" targetId="j4io2avw" type="containerLink"/>
                                                                  </flow>
                                                                  <link id="j4io2awh" targetId="j4io2avx" type="containerLink">
                                                                     <condition source="formula">
                                                                        <function name="true">
                                                                           <arg name="field">{$temp.tempHead_Orderrole.OSM_Account_Listed_On_Report__c}</arg>
                                                                        </function>
                                                                     </condition>
                                                                  </link>
                                                                  <link id="j4io2awi" targetId="j4io2avz" type="containerLink">
                                                                     <condition source="formula">
                                                                        <function name="false">
                                                                           <arg name="field">{$temp.tempHead_Orderrole.OSM_Account_Listed_On_Report__c}</arg>
                                                                        </function>
                                                                     </condition>
                                                                  </link>
                                                               </container>
                                                               <link id="j4io2awg" targetId="j4io2avu" type="containerLink"/>
                                                            </flow>
                                                            <flow id="j4io2aw0">
                                                               <assignment id="j4iz4o11">
                                                                  <title>Assign Ordering COntact Name</title>
                                                                  <operation source="formula" to="output.out_orderRoleOrderingContactName">
                                                                     <expression language="XQuery">if(fn:string-length($temp.tempHead_Orderrole.OSM_Contact__r.Salutation)&gt; 0)
then(
fn:concat($temp.tempHead_Orderrole.OSM_Contact__r.Salutation,' ',$temp.tempHead_Orderrole.OSM_Contact__r.Name)
)
else(
$temp.tempHead_Orderrole.OSM_Contact__r.Name
)
																				</expression>
                                                                  </operation>
                                                                  <operation source="field" to="output.out_orderRoleOrderingContactPostalCode">temp.tempHead_Order role.OSM_Contact__r.MailingPostalCode</operation>
                                                                  <link id="j4iz4o88" targetId="j4iz4o25"/>
                                                               </assignment>
                                                               <container id="j4iz4o25" type="exclusive">
                                                                  <title>Check Account Flag</title>
                                                                  <flow id="j4iz4o26">
                                                                     <link id="j4iz4o2b" targetId="j4iz4o25" type="containerLink"/>
                                                                  </flow>
                                                                  <flow id="j4iz4o27">
                                                                     <assignment id="j4iz4o28">
                                                                        <title>Assign ordering Account name for Partner</title>
                                                                        <operation source="field" to="output.out_orderRolePartnerAccountname">temp.tempHead_Order role.OSM_Account_Name__c</operation>
                                                                     </assignment>
                                                                     <link id="j4iz4o2c" targetId="j4iz4o25" type="containerLink"/>
                                                                  </flow>
                                                                  <link id="j4iz4o29" targetId="j4iz4o26" type="containerLink">
                                                                     <condition source="formula">
                                                                        <function name="true">
                                                                           <arg name="field">{$temp.check_partnerAccountlistonReport}</arg>
                                                                        </function>
                                                                     </condition>
                                                                  </link>
                                                                  <link id="j4iz4o2a" targetId="j4iz4o27" type="containerLink">
                                                                     <condition source="formula">
                                                                        <function name="false">
                                                                           <arg name="field">{$temp.check_partnerAccountlistonReport}</arg>
                                                                        </function>
                                                                     </condition>
                                                                  </link>
                                                               </container>
                                                               <link id="j4io2awl" targetId="j4io2avu" type="containerLink"/>
                                                            </flow>
                                                            <flow id="j4io2aw9">
                                                               <assignment id="j4io2awa">
                                                                  <title>Assign Additional Contact name</title>
                                                                  <operation source="formula" to="output.out_orderRoleAdditionalContactName">
                                                                     <expression language="XQuery">if(fn:string-length($temp.tempHead_Orderrole.OSM_Contact__r.Salutation)&gt; 0)
then(
fn:concat($temp.tempHead_Orderrole.OSM_Contact__r.Salutation,' ',$temp.tempHead_Orderrole.OSM_Contact__r.Name)
)
else(
$temp.tempHead_Orderrole.OSM_Contact__r.Name
)
																				</expression>
                                                                  </operation>
                                                               </assignment>
                                                               <link id="j4io2awu" targetId="j4io2avu" type="containerLink"/>
                                                            </flow>
                                                            <flow id="j4io2awb">
                                                               <link id="j4io2awv" targetId="j4io2avu" type="containerLink"/>
                                                            </flow>
                                                            <link id="j4io2awc" targetId="j4io2avv" type="containerLink">
                                                               <condition source="formula">
                                                                  <function name="string-equals">
                                                                     <arg name="left">{$temp.tempHead_Orderrole.OSM_Role__c}</arg>
                                                                     <arg name="right">Partner</arg>
                                                                  </function>
                                                               </condition>
                                                            </link>
                                                            <link id="j4io2awd" targetId="j4io2aw0" type="containerLink">
                                                               <condition source="formula">
                                                                  <function name="string-equals">
                                                                     <arg name="left">{$temp.tempHead_Orderrole.OSM_Role__c}</arg>
                                                                     <arg name="right">Ordering</arg>
                                                                  </function>
                                                               </condition>
                                                            </link>
                                                            <link id="j4io2awe" targetId="j4io2aw9" type="containerLink">
                                                               <condition source="formula">
                                                                  <function name="string-equals">
                                                                     <arg name="left">{$temp.tempHead_Orderrole.OSM_Role__c}</arg>
                                                                     <arg name="right">Additional</arg>
                                                                  </function>
                                                               </condition>
                                                            </link>
                                                            <link id="j4io2awf" targetId="j4io2awb" type="containerLink"/>
                                                            <link id="j4io2ayc" targetId="j4helxqx"/>
                                                         </container>
                                                         <assignment id="j4helxqx">
                                                            <title>Get tail of Order role List</title>
                                                            <operation source="formula" to="temp.templistofOrderRoleRec">
                                                               <expression language="XQuery">list:tail($temp.templistofOrderRoleRec)</expression>
                                                            </operation>
                                                            <link id="j4imj4ly" targetId="j4imj4lx"/>
                                                         </assignment>
                                                         <jumpTo id="j4imj4lx">
                                                            <link id="j4imj4n6" targetId="j4helxhb"/>
                                                         </jumpTo>
                                                      </flow>
                                                      <flow id="j4helxmp">
                                                         <link id="j4imj4w4" targetId="j4helxld" type="containerLink"/>
                                                      </flow>
                                                      <link id="j4helxmj" targetId="j4helxmm" type="containerLink">
                                                         <condition source="formula">
                                                            <function name="set">
                                                               <arg name="field">{$temp.tempHead_Orderrole}</arg>
                                                            </function>
                                                         </condition>
                                                      </link>
                                                      <link id="j4helxmk" targetId="j4helxmp" type="containerLink">
                                                         <condition source="formula">
                                                            <function name="unset">
                                                               <arg name="field">{$temp.tempHead_Orderrole}</arg>
                                                            </function>
                                                         </condition>
                                                      </link>
                                                   </container>
                                                   <link id="j4imj4w5" targetId="j4helxh9" type="containerLink"/>
                                                </flow>
                                                <flow id="j4helxhc">
                                                   <link id="j4iu80c8" targetId="j4helxh9" type="containerLink"/>
                                                </flow>
                                                <link id="j4helxhe" targetId="j4helxha" type="containerLink">
                                                   <condition source="formula">
                                                      <function name="not-empty">
                                                         <arg name="field">{$temp.templistofOrderRoleRec}</arg>
                                                      </function>
                                                   </condition>
                                                </link>
                                                <link id="j4helxhf" targetId="j4helxhc" type="containerLink">
                                                   <condition source="formula">
                                                      <function name="empty">
                                                         <arg name="field">{$temp.templistofOrderRoleRec}</arg>
                                                      </function>
                                                   </condition>
                                                </link>
                                             </container>
                                             <link id="j4imj4w6" targetId="j4helxfa" type="containerLink"/>
                                          </flow>
                                          <flow id="j4helxfv">
                                             <assignment id="j4helxfu">
                                                <title>Assign Order Fields</title>
                                                <operation source="field" to="output.out_orderPatientCountry">temp.tempOrderRec.OSM_Patient_Country__c</operation>
                                                <operation source="formula" to="output.out_orderPatientDOB">
                                                   <expression language="XQuery">let $monthNames := ('Jan', 'Feb', 'Mar', 'Apr', 'May', 'Jun', 'Jul', 'Aug', 'Sepr', 'Oct', 'Nov', 'Dec') 
return fn:concat(
	fn:day-from-date($temp.tempOrderRec.OSM_Patient_DOB__c),'-',
	$monthNames[fn:month-from-date($temp.tempOrderRec.OSM_Patient_DOB__c)],'-',
    fn:year-from-date($temp.tempOrderRec.OSM_Patient_DOB__c)
)
														</expression>
                                                </operation>
                                                <operation source="field" to="output.out_orderPatientGender">temp.tempOrderRec.OSM_Patient__r.OSM_Gender__c</operation>
                                                <operation source="field" to="output.out_orderPatientMedicalRecordNum">temp.tempOrderRec.OSM_Patient_MRN__c</operation>
                                                <operation source="field" to="output.out_orderPatientID">temp.tempOrderRec.OSM_Patient__r.OSM_Main_Patient_ID__c</operation>
                                                <operation source="field" to="output.out_orderPatientPostalCode">temp.tempOrderRec.OSM_Patient_Postal_Code__c</operation>
                                                <operation source="field" to="output.out_orderStudyNameDisplayedonReport">temp.tempOrderRec.OSM_Study_Name_as_Displayed_on_Report__c</operation>
                                                <operation source="field" to="output.out_orderPatientLastName">temp.tempOrderRec.OSM_Patient__r.GHI_Last_Name_Prot__c</operation>
                                                <operation source="field" to="output.out_orderPatientMiddleName">temp.tempOrderRec.OSM_Patient__r.GHI_Middle_Name_Prot__c</operation>
                                                <operation source="field" to="output.out_orderPatientFirstName">temp.tempOrderRec.OSM_Patient__r.GHI_First_Name_Prot__c</operation>
                                                <operation source="field" to="output.out_orderPatientSuffix">temp.tempOrderRec.OSM_Patient__r.OSM_Suffix__c</operation>
                                             </assignment>
                                             <link id="j4helxfw" targetId="j4helxfa" type="containerLink"/>
                                          </flow>
                                          <link id="j4helxfp" targetId="j4helxfs" type="containerLink"/>
                                          <link id="j4helxfq" targetId="j4helxfv" type="containerLink"/>
                                       </container>
                                       <link id="j4helx7i" targetId="j4helx76" type="containerLink"/>
                                    </flow>
                                    <flow id="j4helx7e">
                                       <throw id="j4helx7f">
                                          <throwInput>
                                             <parameter name="code" source="constant" updatable="true">-2</parameter>
                                             <parameter name="detail" source="constant" updatable="true">Order Rec is Not Set</parameter>
                                             <parameter name="reason" source="constant" updatable="true">Order ID : {$temp.tempOrderItemRec.OrderId}</parameter>
                                          </throwInput>
                                       </throw>
                                    </flow>
                                    <link id="j4helx7g" targetId="j4helx77" type="containerLink">
                                       <condition source="formula">
                                          <function name="set">
                                             <arg name="field">{$temp.tempOrderRec}</arg>
                                          </function>
                                       </condition>
                                    </link>
                                    <link id="j4helx7h" targetId="j4helx7e" type="containerLink">
                                       <condition source="formula">
                                          <function name="unset">
                                             <arg name="field">{$temp.tempOrderRec}</arg>
                                          </function>
                                       </condition>
                                    </link>
                                 </container>
                                 <link id="j4helx4e" targetId="j4helx44" type="containerLink"/>
                              </flow>
                              <flow id="j4helx4k">
                                 <assignment id="j4helx4j">
                                    <title>Assign OLI fields</title>
                                    <operation source="field" to="output.out_orderItemLiqSelClinical Stage">temp.tempOrderItemRec.OSM_Liq_Sel_Clinical_Stage__c</operation>
                                    <operation source="field" to="output.out_orderItemLiquidSelDiagnosis">temp.tempOrderItemRec.OSM_Liq_Sel_Diagnosis__c</operation>
                                    <operation source="field" to="output.out_orderItemTestSpecimenType">temp.tempOrderItemRec.PricebookEntry.Product2.Specimen_Type__c</operation>
                                    <link id="j94nr49h" targetId="j94nr49g"/>
                                 </assignment>
                                 <container id="j94nr49g" type="exclusive">
                                    <title>Check if Current result Exists</title>
                                    <flow id="j94o03cn">
                                       <assignment id="j94o03cm">
                                          <title>Assign  the Report Number,External Report Id</title>
                                          <operation source="field" to="output.out_resultGHIReportNumber">temp.tempOrderItemRec.OSM_Result_Current__r.OSM_Report_ID__c</operation>
                                          <operation source="field" to="output.out_resultExternalReportId">temp.tempOrderItemRec.OSM_Result_Current__r.External_Report_ID__c</operation>
                                          <link id="j97buvn2" targetId="j97buvn1"/>
                                       </assignment>
                                       <container id="j97buvn1" type="exclusive">
                                          <title>Report date Check </title>
                                          <flow id="j97buvpt">
                                             <assignment id="j97buvps">
                                                <title>Assign Reported Date</title>
                                                <operation source="formula" to="output.out_resultDateReported">
                                                   <expression language="XQuery">let $monthNames := ('Jan', 'Feb', 'Mar', 'Apr', 'May', 'Jun', 'Jul', 'Aug', 'Sepr', 'Oct', 'Nov', 'Dec') 
return fn:concat(
	fn:day-from-date($temp.tempOrderItemRec.OSM_Result_Current__r.OSM_Report_Date__c),'-',
	$monthNames[fn:month-from-date($temp.tempOrderItemRec.OSM_Result_Current__r.OSM_Report_Date__c)],'-',
    fn:year-from-date($temp.tempOrderItemRec.OSM_Result_Current__r.OSM_Report_Date__c)
)</expression>
                                                </operation>
                                             </assignment>
                                             <link id="j97buvpu" targetId="j97buvn1" type="containerLink"/>
                                          </flow>
                                          <flow id="j97buvpw">
                                             <link id="j97buvpx" targetId="j97buvn1" type="containerLink"/>
                                          </flow>
                                          <link id="j97buvpq" targetId="j97buvpt" type="containerLink">
                                             <condition source="formula">
                                                <function name="set">
                                                   <arg name="field">{$temp.tempOrderItemRec.OSM_Result_Current__r.OSM_Report_Date__c}</arg>
                                                </function>
                                             </condition>
                                          </link>
                                          <link id="j97buvpr" targetId="j97buvpw" type="containerLink">
                                             <condition source="formula">
                                                <function name="unset">
                                                   <arg name="field">{$temp.tempOrderItemRec.OSM_Result_Current__r.OSM_Report_Date__c}</arg>
                                                </function>
                                             </condition>
                                          </link>
                                       </container>
                                       <link id="j94o03co" targetId="j94nr49g" type="containerLink"/>
                                    </flow>
                                    <flow id="j94o03cq">
                                       <link id="j94o03cr" targetId="j94nr49g" type="containerLink"/>
                                    </flow>
                                    <link id="j94o03ck" targetId="j94o03cn" type="containerLink">
                                       <condition source="formula">
                                          <function name="set">
                                             <arg name="field">{$temp.tempOrderItemRec.OSM_Result_Current__c}</arg>
                                          </function>
                                       </condition>
                                    </link>
                                    <link id="j94o03cl" targetId="j94o03cq" type="containerLink">
                                       <condition source="formula">
                                          <function name="unset">
                                             <arg name="field">{$temp.tempOrderItemRec.OSM_Result_Current__c}</arg>
                                          </function>
                                       </condition>
                                    </link>
                                 </container>
                                 <link id="j4helx4l" targetId="j4helx44" type="containerLink"/>
                              </flow>
                              <link id="j4helx4b" targetId="j4helx4d" type="containerLink"/>
                              <link id="j4helx4i" targetId="j4helx4k" type="containerLink"/>
                              <link id="j4helx7u" targetId="j4helx0x"/>
                           </container>
                           <end id="j4helx0x"/>
                        </flow>
                        <flow id="j4h9fqby">
                           <throw id="j4helwtn">
                              <throwInput>
                                 <parameter name="code" source="constant" updatable="true"> -2</parameter>
                                 <parameter name="detail" source="constant" updatable="true">OrderItem Rec is Not Set</parameter>
                                 <parameter name="reason" source="constant" updatable="true">Order Item ID: {$input.inputOLIIDFromLIMS}</parameter>
                              </throwInput>
                           </throw>
                        </flow>
                        <link id="j4h9fqbs" targetId="j4h9fqbv" type="containerLink">
                           <condition source="formula">
                              <function name="set">
                                 <arg name="field">{$temp.tempOrderItemRec}</arg>
                              </function>
                           </condition>
                        </link>
                        <link id="j4h9fqbt" targetId="j4h9fqby" type="containerLink">
                           <condition source="formula">
                              <function name="unset">
                                 <arg name="field">{$temp.tempOrderItemRec}</arg>
                              </function>
                           </condition>
                        </link>
                     </container>
                  </flow>
                  <link id="j4g3js7t" targetId="j4g3js7w" type="containerLink">
                     <condition source="formula">
                        <function name="string-equals">
                           <arg name="left">{$input.inputOLIIDFromLIMS}</arg>
                           <arg name="right"/>
                        </function>
                     </condition>
                  </link>
                  <link id="j4g3js7u" targetId="j4g3js7z" type="containerLink"/>
               </container>
            </flow>
         </process>
      </types1:Entry>
      <types1:GUID>5Vp0mapQdDIbNb2BsUnP0j</types1:GUID>
      <types1:DisplayName>MPDataRetrievalForLIMS</types1:DisplayName>
   </types1:Item>
   <types1:CurrentServerDateTime>2023-05-18T11:14:45.034Z</types1:CurrentServerDateTime>
</aetgt:getResponse>
