<aetgt:getResponse xmlns:aetgt="http://schemas.active-endpoints.com/appmodules/repository/2010/10/avrepository.xsd"
                   xmlns:types1="http://schemas.active-endpoints.com/appmodules/repository/2010/10/avrepository.xsd">
   <types1:Item>
      <types1:EntryId>lTonQYWeIssjqlu-gt-15161799-2019-03-07T20:34:56.193Z::pd.xml</types1:EntryId>
      <types1:Name>MPPathDataRetrieval</types1:Name>
      <types1:ParentFlowIds>3duR55aaabdqpw0-gt-15162243-2019-03-07T20:35:00.588Z::pd.xml</types1:ParentFlowIds>
      <types1:MimeType>application/xml+process</types1:MimeType>
      <types1:Description>Retrieve data for path lab review.</types1:Description>
      <types1:AppliesTo/>
      <types1:Tags>94458,Lab,Protea</types1:Tags>
      <types1:VersionLabel>1.0</types1:VersionLabel>
      <types1:State>CURRENT</types1:State>
      <types1:ProcessGroup/>
      <types1:CreatedBy>admin@001e08.ghi</types1:CreatedBy>
      <types1:CreationDate>2019-03-07T20:34:56Z</types1:CreationDate>
      <types1:ModifiedBy>admin@par15.ghi</types1:ModifiedBy>
      <types1:ModificationDate>2023-05-03T22:42:46Z</types1:ModificationDate>
      <types1:PublicationStatus>published</types1:PublicationStatus>
      <types1:PublishedBy>admin@par15.ghi</types1:PublishedBy>
      <types1:PublicationDate>2023-05-03T22:42:49Z</types1:PublicationDate>
      <types1:PublishedContributionId>project:/spi.MPPathDataRetrieval/MPPathDataRetrieval.pd.xml</types1:PublishedContributionId>
      <types1:AutosaveExists>false</types1:AutosaveExists>
      <types1:Entry>
         <process xmlns="http://schemas.active-endpoints.com/appmodules/screenflow/2010/10/avosScreenflow.xsd"
                  xmlns:tfm="http://schemas.active-endpoints.com/appmodules/screenflow/2021/04/taskflowModel.xsd"
                  xmlns:list="urn:activevos:spi:list:functions"
                  displayName="MPPathDataRetrieval"
                  name="MPPathDataRetrieval"
                  overrideAPIName="false">
            <parameterSet xmlns="http://schemas.active-endpoints.com/appmodules/screenflow/2021/04/taskflowModel.xsd"/>
            <appliesTo/>
            <description>Retrieve data for path lab review.</description>
            <tags>94458,Lab,Protea</tags>
            <generator>Informatica Process Designer 11</generator>
            <input>
               <parameter description="" name="orderID" type="string">
                  <options>
                     <option name="required">false</option>
                  </options>
               </parameter>
            </input>
            <output>
               <field description="" name="patientName" type="string">
                  <options>
                     <option name="required">true</option>
                  </options>
               </field>
               <field description="" name="patientDOB" type="string">
                  <options>
                     <option name="required">false</option>
                  </options>
               </field>
               <field description="" name="orderingHCPName" type="string">
                  <options>
                     <option name="required">false</option>
                  </options>
               </field>
               <field description="" name="orderingHCOName" type="string">
                  <options>
                     <option name="required">false</option>
                  </options>
               </field>
            </output>
            <tempFields>
               <field description="" name="order" type="reference">
                  <options>
                     <option name="referenceTo">Salesforce:Order</option>
                     <option name="required">false</option>
                     <option name="guid">9rhyRDabNHiiDcOu4c64gK</option>
                  </options>
               </field>
            </tempFields>
            <notes/>
            <deployment skipIfRunning="false" suspendOnFault="false" tracingLevel="verbose">
               <rest>
                  <allowedUsers>
                     <user>icrtstarlimsintegration@par15.ghi</user>
                     <user>icrtstarlimsintegration@genomichealth.com</user>
                  </allowedUsers>
               </rest>
            </deployment>
            <flow id="a">
               <start id="b">
                  <link id="ippy0pfp" targetId="ipofcnap"/>
               </start>
               <container id="ipofcnap" type="exclusive">
                  <title>Is Order ID provided?</title>
                  <flow id="ipofcnb2">
                     <throw id="ipofcnb1">
                        <title>Throw "OrderID is empty" exception</title>
                        <throwInput>
                           <parameter name="code" source="constant" updatable="true">-1</parameter>
                           <parameter name="detail" source="constant" updatable="true">OrderID input parameter is empty</parameter>
                           <parameter name="reason" source="constant" updatable="true"/>
                        </throwInput>
                     </throw>
                  </flow>
                  <flow id="ipofcnb5">
                     <assignment id="ipofcnb4">
                        <title>Assignment to order</title>
                        <operation source="query" to="temp.order">
                           <query advanceQuery="false" from="Salesforce:Order">
                              <where>OrderNumber = '{$input.orderID}' OR (OSM_Legacy_Order_ID__c != ''  AND OSM_Legacy_Order_ID__c = '{$input.orderID}')</where>
                           </query>
                        </operation>
                        <link id="ipohmk0h" targetId="ipohmk0g"/>
                     </assignment>
                     <container id="ipohmk0g" type="exclusive">
                        <title>Was Order Found?</title>
                        <flow id="ipohmk0q">
                           <assignment id="ipohmk0p">
                              <title>Assignment to patientName, patientDOB, etc.</title>
                              <operation source="field" to="output.patientName">temp.order.OSM_Patient__r.GHI_Full_Name_Prot__c</operation>
                              <operation source="field" to="output.patientDOB">temp.order.OSM_Patient_DOB__c</operation>
                              <operation source="field" to="output.orderingHCPName">temp.order.OSM_Ordering_HCP_Name__c</operation>
                              <operation source="field" to="output.orderingHCOName">temp.order.OSM_Ordering_HCO__r.Name</operation>
                           </assignment>
                           <link id="ipohmk0r" targetId="ipohmk0g" type="containerLink"/>
                        </flow>
                        <flow id="ipohmk0t">
                           <throw id="ipohmk0s">
                              <throwInput>
                                 <parameter name="code" source="constant" updatable="true">-2</parameter>
                                 <parameter name="detail" source="constant" updatable="true">Order was not found</parameter>
                                 <parameter name="reason" source="constant" updatable="true">Order ID: {$input.orderID}</parameter>
                              </throwInput>
                           </throw>
                        </flow>
                        <link id="ipohmk0n" targetId="ipohmk0q" type="containerLink">
                           <condition source="formula">
                              <function name="set">
                                 <arg name="field">{$temp.order}</arg>
                              </function>
                           </condition>
                        </link>
                        <link id="ipohmk0o" targetId="ipohmk0t" type="containerLink">
                           <condition source="formula">
                              <function name="unset">
                                 <arg name="field">{$temp.order}</arg>
                              </function>
                           </condition>
                        </link>
                        <link id="ippy0pf6" targetId="ippy0pf5"/>
                     </container>
                     <end id="ippy0pf5"/>
                  </flow>
                  <link id="ipofcnaz" targetId="ipofcnb2" type="containerLink">
                     <condition source="formula">
                        <function name="string-equals">
                           <arg name="left">{$input.orderID}</arg>
                           <arg name="right"/>
                        </function>
                     </condition>
                  </link>
                  <link id="ipofcnb0" targetId="ipofcnb5" type="containerLink"/>
               </container>
            </flow>
         </process>
      </types1:Entry>
      <types1:GUID>2e9gp92qHcAeGrj6kKbFq4</types1:GUID>
      <types1:DisplayName>MPPathDataRetrieval</types1:DisplayName>
   </types1:Item>
   <types1:CurrentServerDateTime>2023-05-18T11:14:44.974Z</types1:CurrentServerDateTime>
</aetgt:getResponse>
