{
  "name" : "IICSConnections",
  "sourceOrgId" : "7XV6mxK1Y4xf4Jo7PjqJcg",
  "sourceOrgName" : "2021-Pur par15 (admin@001e08.ghi)",
  "exportedObjects" : [ {
    "objectGuid" : "0EHT7Yh1ssIcNV3nLTqv8e",
    "objectName" : "GHI-ESB-Shilo-REST",
    "objectType" : "AI_CONNECTION",
    "path" : "/Explore/Default",
    "metadata" : {
      "modelVersion" : {
        "major" : 1,
        "minor" : 0
      },
      "repoInfo" : {
        "repoHandle" : "2Tk3Yn5Smbduaa-gt-31667198-2023-04-27T21:55:34.864Z::conn.xml"
      },
      "objectRefs" : [ "2OdUpKrc8GLhCdOwq63RIr" ],
      "contextAttributes" : null,
      "additionalInfo" : {
        "description" : "SFDC outbound messages to ESB",
        "contentType" : "application/json; charset=utf-8",
        "documentState" : "VALID"
      }
    }
  }, {
    "objectGuid" : "2OdUpKrc8GLhCdOwq63RIr",
    "objectName" : "GHI-CRM-Outbound-Shilo-REST",
    "objectType" : "AI_SERVICE_CONNECTOR",
    "path" : "/Explore/Default",
    "metadata" : {
      "modelVersion" : {
        "major" : 1,
        "minor" : 0
      },
      "repoInfo" : {
        "repoHandle" : "Q0mu6lS01BchMYe-gt-4803002-2023-04-27T21:55:02.268Z::svc.xml"
      },
      "objectRefs" : [ ],
      "contextAttributes" : null,
      "additionalInfo" : {
        "description" : "Service connector for SFDC to ESB outbound messages.",
        "contentType" : "application/json; charset=utf-8",
        "documentState" : "VALID"
      }
    }
  }, {
    "objectGuid" : "27wNpX1f5yUelfC3vekKis",
    "objectName" : "Default",
    "objectType" : "Project",
    "path" : "/Explore",
    "metadata" : {
      "modelVersion" : {
        "major" : 0,
        "minor" : 0
      },
      "repoInfo" : null,
      "objectRefs" : [ ],
      "contextAttributes" : [ {
        "name" : "IS_DEF_LOC",
        "value" : "true"
      } ],
      "additionalInfo" : {
        "description" : "Auto-generated Default Project",
        "contentType" : null,
        "documentState" : "COMPLETE"
      }
    }
  } ]
}