objectPath,objectName,objectType,id
/Explore/Default,INT-MP-SpecimenMessage,PROCESS,61UDU12Mr5HbALvTWQx3yF
/Explore/Default,INT-MP-ResultsReadyData-Message,PROCESS,4oKSPpNOoDTdijc9pT6g29
/Explore/Default,INT-MP-Order-Information-Retrieval,PROCESS,eSoKHWr0MaogjraHiNyPIV
/Explore/Default,INT-MP-DistributionEvent-Message,PROCESS,l7jH30DkAKejds09kQ8qCX
/Explore,Default,Project,27wNpX1f5yUelfC3vekKis
/Explore/Default,INT-MP-QueryMessage,PROCESS,5Gw20yI6zsNejQNEhsJ4QW
/Explore/Default,MPDataRetrievalForLIMS,PROCESS,5Vp0mapQdDIbNb2BsUnP0j
/Explore/Default,INT-MP-CaseDataMessage,PROCESS,8wq3MwCVXCsf9onu4oKyK5
/Explore/Default,MPPathDataRetrieval,PROCESS,2e9gp92qHcAeGrj6kKbFq4
/Explore/Default,INT-MP-SpecimenResultMessage,PROCESS,68CK2XanGUAbEAkIwoe1sj