{
  "name" : "IICSComponentsWithAccessSettings",
  "sourceOrgId" : "7XV6mxK1Y4xf4Jo7PjqJcg",
  "sourceOrgName" : "2021-Pur par15 (admin@001e08.ghi)",
  "exportedObjects" : [ {
    "objectGuid" : "2FXONxTvUMYd3s2dfdimmi",
    "objectName" : "INT-SP-QueryResponseMessage",
    "objectType" : "PROCESS",
    "path" : "/Explore/Default",
    "metadata" : {
      "modelVersion" : {
        "major" : 1,
        "minor" : 0
      },
      "repoInfo" : {
        "repoHandle" : "O47EkWoKeERhKGX-gt-15163209-2019-03-07T20:35:13.647Z::pd.xml"
      },
      "objectRefs" : [ ],
      "contextAttributes" : null,
      "additionalInfo" : {
        "description" : "Send Outbound Material Return Address Query Response Message",
        "contentType" : "application/json; charset=utf-8",
        "documentState" : "VALID"
      }
    }
  }, {
    "objectGuid" : "6VqWRm0gjobdlmDacoJtCb",
    "objectName" : "SP-PackageMesage-ICRTMeassgeLog",
    "objectType" : "PROCESS",
    "path" : "/Explore/Default",
    "metadata" : {
      "modelVersion" : {
        "major" : 1,
        "minor" : 0
      },
      "repoInfo" : {
        "repoHandle" : "peFRqXpIW7WHK80-gt-214043301-2023-01-26T20:47:57.246Z::pd.xml"
      },
      "objectRefs" : [ ],
      "contextAttributes" : null,
      "additionalInfo" : {
        "description" : "User Story 290457: OM: Package Object Integration - Process Inbound Package Object Message",
        "contentType" : "application/json; charset=utf-8",
        "documentState" : "VALID"
      }
    }
  }, {
    "objectGuid" : "61UDU12Mr5HbALvTWQx3yF",
    "objectName" : "INT-MP-SpecimenMessage",
    "objectType" : "PROCESS",
    "path" : "/Explore/Default",
    "metadata" : {
      "modelVersion" : {
        "major" : 1,
        "minor" : 0
      },
      "repoInfo" : {
        "repoHandle" : "Qf4TsrT2htghGZ5-gt-15162579-2019-03-07T20:35:04.869Z::pd.xml"
      },
      "objectRefs" : [ "1UujInWrmIqcQgL0BfHpCK", "8FVZNm4sSoYfpFAMZSvoie", "3orTZUqwesZhhN6oMu9jmt", "jf1vqQ3IEGmerC3QRAjjaU", "9rhyRDabNHiiDcOu4c64gK", "jR9U0EJZeiMdpPsE4STmew", "jhYNzXaaUYJifeK7rIWQco" ],
      "contextAttributes" : null,
      "additionalInfo" : {
        "description" : "User Story 116190:FR-LAB-INTEGRATION-100-8: Order Specimen inbound message (Order Specimen and OS OLI records creation)",
        "contentType" : "application/json; charset=utf-8",
        "documentState" : "VALID"
      }
    }
  }, {
    "objectGuid" : "04fR9piQEr8jbmyLWN9SwT",
    "objectName" : "GHI-ESB-REST",
    "objectType" : "AI_CONNECTION",
    "path" : "/Explore/Default",
    "metadata" : {
      "modelVersion" : {
        "major" : 1,
        "minor" : 0
      },
      "repoInfo" : {
        "repoHandle" : "Uyaaaaa-gt-15149977-2019-03-07T20:10:41.75Z::conn.xml"
      },
      "objectRefs" : [ ],
      "contextAttributes" : null,
      "additionalInfo" : {
        "description" : "SFDC outbound messages to ESB",
        "contentType" : "application/json; charset=utf-8",
        "documentState" : "VALID"
      }
    }
  }, {
    "objectGuid" : "4oKSPpNOoDTdijc9pT6g29",
    "objectName" : "INT-MP-ResultsReadyData-Message",
    "objectType" : "PROCESS",
    "path" : "/Explore/Default",
    "metadata" : {
      "modelVersion" : {
        "major" : 1,
        "minor" : 0
      },
      "repoInfo" : {
        "repoHandle" : "p21PsxKlFmVSciY-gt-15162981-2019-03-07T20:35:10.242Z::pd.xml"
      },
      "objectRefs" : [ "7m107YZtWyDcFKWeghtfMe", "1UujInWrmIqcQgL0BfHpCK", "5K79atOfKt6cDLU7mtK3CZ", "8FVZNm4sSoYfpFAMZSvoie", "jf1vqQ3IEGmerC3QRAjjaU", "9rhyRDabNHiiDcOu4c64gK" ],
      "contextAttributes" : null,
      "additionalInfo" : {
        "description" : "User Story 115050:FR-PRI-INTEGRATION-101: Results Ready inbound message",
        "contentType" : "application/json; charset=utf-8",
        "documentState" : "VALID"
      }
    }
  }, {
    "objectGuid" : "eSoKHWr0MaogjraHiNyPIV",
    "objectName" : "INT-MP-Order-Information-Retrieval",
    "objectType" : "PROCESS",
    "path" : "/Explore/Default",
    "metadata" : {
      "modelVersion" : {
        "major" : 1,
        "minor" : 0
      },
      "repoInfo" : {
        "repoHandle" : "6tMFyglsO7RY6pk-gt-9633185-2023-05-02T21:43:21.934Z::pd.xml"
      },
      "objectRefs" : [ "gnmzlBsMsg2e35nmb1C9UZ", "9rhyRDabNHiiDcOu4c64gK" ],
      "contextAttributes" : null,
      "additionalInfo" : {
        "description" : "User Story 303985: OM : [Mayo ExTra + Riskguard] - Create API for PG to access required fields based on Order ID\nSRS 0043 Order Data Entry: FR-ODE-API-100-1",
        "contentType" : "application/json; charset=utf-8",
        "documentState" : "VALID"
      }
    }
  }, {
    "objectGuid" : "a3ujc0XFbgrjlsXdYaYXyA",
    "objectName" : "CaseDataMessage",
    "objectType" : "PROCESS_OBJECT",
    "path" : "/Explore/Default",
    "metadata" : {
      "modelVersion" : {
        "major" : 1,
        "minor" : 0
      },
      "repoInfo" : {
        "repoHandle" : "X4109cjIw8jIw8j-gt-15160492-2019-03-07T20:32:28.799Z::po.xml"
      },
      "objectRefs" : [ ],
      "contextAttributes" : null,
      "additionalInfo" : {
        "description" : "Used for inbound case messages",
        "contentType" : "application/json; charset=utf-8",
        "documentState" : "VALID"
      }
    }
  }, {
    "objectGuid" : "5K79atOfKt6cDLU7mtK3CZ",
    "objectName" : "INT-Process-ResultsReadyData-Message",
    "objectType" : "PROCESS",
    "path" : "/Explore/Default",
    "metadata" : {
      "modelVersion" : {
        "major" : 1,
        "minor" : 0
      },
      "repoInfo" : {
        "repoHandle" : "BPWrRfRW8UBM7zs-gt-15162723-2019-03-07T20:35:06.744Z::pd.xml"
      },
      "objectRefs" : [ ],
      "contextAttributes" : null,
      "additionalInfo" : {
        "description" : "User Story 115050:FR-PRI-INTEGRATION-101: Results Ready inbound message",
        "contentType" : "application/json; charset=utf-8",
        "documentState" : "VALID"
      }
    }
  }, {
    "objectGuid" : "e6ugabC5b2ojlpDYUPjmuA",
    "objectName" : "INT-XDM-CaseToStarlims-CaseDataMessage",
    "objectType" : "PROCESS",
    "path" : "/Explore/Default",
    "metadata" : {
      "modelVersion" : {
        "major" : 1,
        "minor" : 0
      },
      "repoInfo" : {
        "repoHandle" : "lnMQoPVm5Y6tMFy-gt-15164211-2019-03-07T20:35:31.179Z::pd.xml"
      },
      "objectRefs" : [ ],
      "contextAttributes" : null,
      "additionalInfo" : {
        "description" : "System shall send a case message to starlims when certain conditions meet",
        "contentType" : "application/json; charset=utf-8",
        "documentState" : "VALID"
      }
    }
  }, {
    "objectGuid" : "5V9rGjxjYivkNTCj8qor4H",
    "objectName" : "DistributionEventMessage",
    "objectType" : "PROCESS_OBJECT",
    "path" : "/Explore/Default",
    "metadata" : {
      "modelVersion" : {
        "major" : 1,
        "minor" : 0
      },
      "repoInfo" : {
        "repoHandle" : "Pq3xgjATO9pH8sV-gt-15160816-2019-03-07T20:32:30.665Z::po.xml"
      },
      "objectRefs" : [ ],
      "contextAttributes" : null,
      "additionalInfo" : {
        "description" : "The DistributionEventMessageProcess Object represents a logical representation of the hierarchical outbound XML message, comprising multiple levels of embedded Process Object lists.  Please note: if a fieldname is prefixed with an @ symbol, it means the field is an attribute of the process object element.",
        "contentType" : "application/json; charset=utf-8",
        "documentState" : "VALID"
      }
    }
  }, {
    "objectGuid" : "3orTZUqwesZhhN6oMu9jmt",
    "objectName" : "SpecimenDataMessage",
    "objectType" : "PROCESS_OBJECT",
    "path" : "/Explore/Default",
    "metadata" : {
      "modelVersion" : {
        "major" : 1,
        "minor" : 0
      },
      "repoInfo" : {
        "repoHandle" : "1XmgaabclvAhrsw-gt-15160684-2019-03-07T20:32:29.85Z::po.xml"
      },
      "objectRefs" : [ ],
      "contextAttributes" : null,
      "additionalInfo" : {
        "description" : "Process object for SpecimenDataMessage",
        "contentType" : "application/json; charset=utf-8",
        "documentState" : "VALID"
      }
    }
  }, {
    "objectGuid" : "l7jH30DkAKejds09kQ8qCX",
    "objectName" : "INT-MP-DistributionEvent-Message",
    "objectType" : "PROCESS",
    "path" : "/Explore/Default",
    "metadata" : {
      "modelVersion" : {
        "major" : 1,
        "minor" : 0
      },
      "repoInfo" : {
        "repoHandle" : "OC2XZPnE29Em2kV-gt-15161853-2019-03-07T20:34:56.659Z::pd.xml"
      },
      "objectRefs" : [ "1UujInWrmIqcQgL0BfHpCK", "8FVZNm4sSoYfpFAMZSvoie", "5V9rGjxjYivkNTCj8qor4H", "649ZOUGzrtwgbYP5Ulv9sS", "jf1vqQ3IEGmerC3QRAjjaU", "9rhyRDabNHiiDcOu4c64gK", "jhYNzXaaUYJifeK7rIWQco" ],
      "contextAttributes" : null,
      "additionalInfo" : {
        "description" : "117959:FR-PRI-INTEGRATION-102: Distribution Event Inbound Message",
        "contentType" : "application/json; charset=utf-8",
        "documentState" : "VALID"
      }
    }
  }, {
    "objectGuid" : "l4srhfOIvKLgD3l4HRWAyQ",
    "objectName" : "ER-Get GHI ICRT Retry Settings",
    "objectType" : "PROCESS",
    "path" : "/Explore/Default",
    "metadata" : {
      "modelVersion" : {
        "major" : 1,
        "minor" : 0
      },
      "repoInfo" : {
        "repoHandle" : "xaaaaaaaaaaaaaa-gt-15162141-2019-03-07T20:34:59.374Z::pd.xml"
      },
      "objectRefs" : [ ],
      "contextAttributes" : null,
      "additionalInfo" : {
        "description" : "Get Informatica Cloud Retry setting",
        "contentType" : "application/json; charset=utf-8",
        "documentState" : "VALID"
      }
    }
  }, {
    "objectGuid" : "27wNpX1f5yUelfC3vekKis",
    "objectName" : "Default",
    "objectType" : "Project",
    "path" : "/Explore",
    "metadata" : {
      "modelVersion" : {
        "major" : 0,
        "minor" : 0
      },
      "repoInfo" : null,
      "objectRefs" : [ ],
      "contextAttributes" : [ {
        "name" : "IS_DEF_LOC",
        "value" : "true"
      } ],
      "additionalInfo" : {
        "description" : "Auto-generated Default Project",
        "contentType" : null,
        "documentState" : "COMPLETE"
      }
    }
  }, {
    "objectGuid" : "4ONGlDfAukvgVLMFPBAs2N",
    "objectName" : "INT-XDM-QueryMessage",
    "objectType" : "PROCESS",
    "path" : "/Explore/Default",
    "metadata" : {
      "modelVersion" : {
        "major" : 1,
        "minor" : 0
      },
      "repoInfo" : {
        "repoHandle" : "fRLdqcgm8lnCmp6-gt-15162549-2019-03-07T20:35:04.408Z::pd.xml"
      },
      "objectRefs" : [ ],
      "contextAttributes" : null,
      "additionalInfo" : {
        "description" : "",
        "contentType" : "application/json; charset=utf-8",
        "documentState" : "VALID"
      }
    }
  }, {
    "objectGuid" : "4SVHK83n1KQfqa1VusLeUC",
    "objectName" : "QueryMessage",
    "objectType" : "PROCESS_OBJECT",
    "path" : "/Explore/Default",
    "metadata" : {
      "modelVersion" : {
        "major" : 1,
        "minor" : 0
      },
      "repoInfo" : {
        "repoHandle" : "rpC18ypmaaa-gt-15160756-2019-03-07T20:32:30.287Z::po.xml"
      },
      "objectRefs" : [ ],
      "contextAttributes" : null,
      "additionalInfo" : {
        "description" : "",
        "contentType" : "application/json; charset=utf-8",
        "documentState" : "VALID"
      }
    }
  }, {
    "objectGuid" : "5Gw20yI6zsNejQNEhsJ4QW",
    "objectName" : "INT-MP-QueryMessage",
    "objectType" : "PROCESS",
    "path" : "/Explore/Default",
    "metadata" : {
      "modelVersion" : {
        "major" : 1,
        "minor" : 0
      },
      "repoInfo" : {
        "repoHandle" : "AfW90LK2D86CjqF-gt-15163563-2019-03-07T20:35:19.425Z::pd.xml"
      },
      "objectRefs" : [ "0EHT7Yh1ssIcNV3nLTqv8e", "1UujInWrmIqcQgL0BfHpCK", "8FVZNm4sSoYfpFAMZSvoie", "2FXONxTvUMYd3s2dfdimmi", "aB8vKx0YZ4pfyJuwqqzXcw", "7A6q75K89Kck5HEBlAmWgN", "04fR9piQEr8jbmyLWN9SwT", "jf1vqQ3IEGmerC3QRAjjaU", "4ONGlDfAukvgVLMFPBAs2N", "9rhyRDabNHiiDcOu4c64gK", "4SVHK83n1KQfqa1VusLeUC", "jhYNzXaaUYJifeK7rIWQco" ],
      "contextAttributes" : null,
      "additionalInfo" : {
        "description" : "Process inbound Query message and send Outbound Material Return Address Query response message",
        "contentType" : "application/json; charset=utf-8",
        "documentState" : "VALID"
      }
    }
  }, {
    "objectGuid" : "0EHT7Yh1ssIcNV3nLTqv8e",
    "objectName" : "GHI-ESB-Shilo-REST",
    "objectType" : "AI_CONNECTION",
    "path" : "/Explore/Default",
    "metadata" : {
      "modelVersion" : {
        "major" : 1,
        "minor" : 0
      },
      "repoInfo" : {
        "repoHandle" : "2Tk3Yn5Smbduaa-gt-31667198-2023-04-27T21:55:34.864Z::conn.xml"
      },
      "objectRefs" : [ ],
      "contextAttributes" : null,
      "additionalInfo" : {
        "description" : "SFDC outbound messages to ESB",
        "contentType" : "application/json; charset=utf-8",
        "documentState" : "VALID"
      }
    }
  }, {
    "objectGuid" : "1UujInWrmIqcQgL0BfHpCK",
    "objectName" : "INT-SP-Msg-Ack-Outbound-Message",
    "objectType" : "PROCESS",
    "path" : "/Explore/Default",
    "metadata" : {
      "modelVersion" : {
        "major" : 1,
        "minor" : 0
      },
      "repoInfo" : {
        "repoHandle" : "YhJmojDXJqEhynz-gt-15163647-2019-03-07T20:35:20.819Z::pd.xml"
      },
      "objectRefs" : [ ],
      "contextAttributes" : null,
      "additionalInfo" : {
        "description" : "Log Message Error and send Nack Message",
        "contentType" : "application/json; charset=utf-8",
        "documentState" : "VALID"
      }
    }
  }, {
    "objectGuid" : "8FVZNm4sSoYfpFAMZSvoie",
    "objectName" : "INT-SP-Msg-Nack-Outbound-Message",
    "objectType" : "PROCESS",
    "path" : "/Explore/Default",
    "metadata" : {
      "modelVersion" : {
        "major" : 1,
        "minor" : 0
      },
      "repoInfo" : {
        "repoHandle" : "Ik3aaa-gt-15163329-2019-03-07T20:35:15.558Z::pd.xml"
      },
      "objectRefs" : [ ],
      "contextAttributes" : null,
      "additionalInfo" : {
        "description" : "Log Message Error and send Nack Message",
        "contentType" : "application/json; charset=utf-8",
        "documentState" : "VALID"
      }
    }
  }, {
    "objectGuid" : "aB8vKx0YZ4pfyJuwqqzXcw",
    "objectName" : "INT-XDM-QueryMessage-Shilo",
    "objectType" : "PROCESS",
    "path" : "/Explore/Default",
    "metadata" : {
      "modelVersion" : {
        "major" : 1,
        "minor" : 0
      },
      "repoInfo" : {
        "repoHandle" : "11LOwD0wWcn6Hbf-gt-31668925-2023-04-27T21:55:59.853Z::pd.xml"
      },
      "objectRefs" : [ ],
      "contextAttributes" : null,
      "additionalInfo" : {
        "description" : "",
        "contentType" : "application/json; charset=utf-8",
        "documentState" : "VALID"
      }
    }
  }, {
    "objectGuid" : "649ZOUGzrtwgbYP5Ulv9sS",
    "objectName" : "INT-Process-DistributionEvent-Message",
    "objectType" : "PROCESS",
    "path" : "/Explore/Default",
    "metadata" : {
      "modelVersion" : {
        "major" : 1,
        "minor" : 0
      },
      "repoInfo" : {
        "repoHandle" : "4XUxQ2Tp5OjG4ab-gt-15161985-2019-03-07T20:34:57.893Z::pd.xml"
      },
      "objectRefs" : [ ],
      "contextAttributes" : null,
      "additionalInfo" : {
        "description" : "117959:FR-PRI-INTEGRATION-102: Distribution Event Inbound Message",
        "contentType" : "application/json; charset=utf-8",
        "documentState" : "VALID"
      }
    }
  }, {
    "objectGuid" : "5Vp0mapQdDIbNb2BsUnP0j",
    "objectName" : "MPDataRetrievalForLIMS",
    "objectType" : "PROCESS",
    "path" : "/Explore/Default",
    "metadata" : {
      "modelVersion" : {
        "major" : 1,
        "minor" : 0
      },
      "repoInfo" : {
        "repoHandle" : "rm2FNBeNTYglxbd-gt-15163791-2019-03-07T20:35:23.286Z::pd.xml"
      },
      "objectRefs" : [ "9rhyRDabNHiiDcOu4c64gK" ],
      "contextAttributes" : null,
      "additionalInfo" : {
        "description" : "Retrieve Data for Star Lims for given OLI ID\nneed to add starlims user access",
        "contentType" : "application/json; charset=utf-8",
        "documentState" : "VALID"
      }
    }
  }, {
    "objectGuid" : "7A6q75K89Kck5HEBlAmWgN",
    "objectName" : "NackMessage",
    "objectType" : "PROCESS_OBJECT",
    "path" : "/Explore/Default",
    "metadata" : {
      "modelVersion" : {
        "major" : 1,
        "minor" : 0
      },
      "repoInfo" : {
        "repoHandle" : "gk0m0zFMi4tciSr-gt-15160552-2019-03-07T20:32:29.108Z::po.xml"
      },
      "objectRefs" : [ ],
      "contextAttributes" : null,
      "additionalInfo" : {
        "description" : "Nack Message Layout",
        "contentType" : "application/json; charset=utf-8",
        "documentState" : "VALID"
      }
    }
  }, {
    "objectGuid" : "hGuORobbfKCcJNzGj8vtyX",
    "objectName" : "INT-XDM-SpecimenResultMessage",
    "objectType" : "PROCESS",
    "path" : "/Explore/Default",
    "metadata" : {
      "modelVersion" : {
        "major" : 1,
        "minor" : 0
      },
      "repoInfo" : {
        "repoHandle" : "ti4WDjz8Uuopz4K-gt-214895230-2023-01-26T20:47:59.318Z::pd.xml"
      },
      "objectRefs" : [ ],
      "contextAttributes" : null,
      "additionalInfo" : {
        "description" : "User Story 304584:FR-CASE-NYSPECIMEN-100-1, FR-CASE-NYSPECIMEN-100-2, FR-CASE-NYSPECIMEN-100-3: OncoExTra - Case Creation Logic Update for ExTra in NYS",
        "contentType" : "application/json; charset=utf-8",
        "documentState" : "VALID"
      }
    }
  }, {
    "objectGuid" : "8wq3MwCVXCsf9onu4oKyK5",
    "objectName" : "INT-MP-CaseDataMessage",
    "objectType" : "PROCESS",
    "path" : "/Explore/Default",
    "metadata" : {
      "modelVersion" : {
        "major" : 1,
        "minor" : 0
      },
      "repoInfo" : {
        "repoHandle" : "JnE29Em2kVNKSmv-gt-15163269-2019-03-07T20:35:14.576Z::pd.xml"
      },
      "objectRefs" : [ "1UujInWrmIqcQgL0BfHpCK", "e6ugabC5b2ojlpDYUPjmuA", "8FVZNm4sSoYfpFAMZSvoie", "9PNoMmI2sAMkf0VOQFfOIr", "jf1vqQ3IEGmerC3QRAjjaU", "9rhyRDabNHiiDcOu4c64gK", "a3ujc0XFbgrjlsXdYaYXyA", "jhYNzXaaUYJifeK7rIWQco" ],
      "contextAttributes" : null,
      "additionalInfo" : {
        "description" : "User Story 115043:FR-LAB-INTEGRATION-100-6: Case to Starlims update outbound message",
        "contentType" : "application/json; charset=utf-8",
        "documentState" : "VALID"
      }
    }
  }, {
    "objectGuid" : "gnmzlBsMsg2e35nmb1C9UZ",
    "objectName" : "OrderInformationRetrieval",
    "objectType" : "PROCESS_OBJECT",
    "path" : "/Explore/Default",
    "metadata" : {
      "modelVersion" : {
        "major" : 1,
        "minor" : 0
      },
      "repoInfo" : {
        "repoHandle" : "p21PsxKlFmVSciY-gt-51315276-2023-05-01T22:23:04.24Z::po.xml"
      },
      "objectRefs" : [ ],
      "contextAttributes" : null,
      "additionalInfo" : {
        "description" : "",
        "contentType" : "application/json; charset=utf-8",
        "documentState" : "VALID"
      }
    }
  }, {
    "objectGuid" : "7m107YZtWyDcFKWeghtfMe",
    "objectName" : "ResultsReadyDataMessage",
    "objectType" : "PROCESS_OBJECT",
    "path" : "/Explore/Default",
    "metadata" : {
      "modelVersion" : {
        "major" : 1,
        "minor" : 0
      },
      "repoInfo" : {
        "repoHandle" : "4TsrT2htghGZ5i4-gt-15160690-2019-03-07T20:32:29.887Z::po.xml"
      },
      "objectRefs" : [ ],
      "contextAttributes" : null,
      "additionalInfo" : {
        "description" : "Used for inbound ResultsReady messages",
        "contentType" : "application/json; charset=utf-8",
        "documentState" : "VALID"
      }
    }
  }, {
    "objectGuid" : "2e9gp92qHcAeGrj6kKbFq4",
    "objectName" : "MPPathDataRetrieval",
    "objectType" : "PROCESS",
    "path" : "/Explore/Default",
    "metadata" : {
      "modelVersion" : {
        "major" : 1,
        "minor" : 0
      },
      "repoInfo" : {
        "repoHandle" : "lTonQYWeIssjqlu-gt-15161799-2019-03-07T20:34:56.193Z::pd.xml"
      },
      "objectRefs" : [ "9rhyRDabNHiiDcOu4c64gK" ],
      "contextAttributes" : null,
      "additionalInfo" : {
        "description" : "Retrieve data for path lab review.",
        "contentType" : "application/json; charset=utf-8",
        "documentState" : "VALID"
      }
    }
  }, {
    "objectGuid" : "68CK2XanGUAbEAkIwoe1sj",
    "objectName" : "INT-MP-SpecimenResultMessage",
    "objectType" : "PROCESS",
    "path" : "/Explore/Default",
    "metadata" : {
      "modelVersion" : {
        "major" : 1,
        "minor" : 0
      },
      "repoInfo" : {
        "repoHandle" : "8Yp6GcoiRu5V1Fy-gt-215298041-2023-01-26T20:48:46.963Z::pd.xml"
      },
      "objectRefs" : [ "l4srhfOIvKLgD3l4HRWAyQ", "6VqWRm0gjobdlmDacoJtCb", "hGuORobbfKCcJNzGj8vtyX", "jf1vqQ3IEGmerC3QRAjjaU", "9rhyRDabNHiiDcOu4c64gK", "hzrKFQlwwu0gQ7ibO63XMm" ],
      "contextAttributes" : null,
      "additionalInfo" : {
        "description" : "US 290286",
        "contentType" : "application/json; charset=utf-8",
        "documentState" : "VALID"
      }
    }
  }, {
    "objectGuid" : "9PNoMmI2sAMkf0VOQFfOIr",
    "objectName" : "INT-Process-CaseDataMessage-CreateCase",
    "objectType" : "PROCESS",
    "path" : "/Explore/Default",
    "metadata" : {
      "modelVersion" : {
        "major" : 1,
        "minor" : 0
      },
      "repoInfo" : {
        "repoHandle" : "KnbeErhNzUzeA8r-gt-15162471-2019-03-07T20:35:03.459Z::pd.xml"
      },
      "objectRefs" : [ ],
      "contextAttributes" : null,
      "additionalInfo" : {
        "description" : "Create Case from inbound CaseDataMessage",
        "contentType" : "application/json; charset=utf-8",
        "documentState" : "VALID"
      }
    }
  }, {
    "objectGuid" : "jf1vqQ3IEGmerC3QRAjjaU",
    "objectName" : "ER-Create-Error-Log-and-Case",
    "objectType" : "PROCESS",
    "path" : "/Explore/Default",
    "metadata" : {
      "modelVersion" : {
        "major" : 1,
        "minor" : 0
      },
      "repoInfo" : {
        "repoHandle" : "EoJ49ARJi4tciSr-gt-15161295-2019-03-07T20:34:52.492Z::pd.xml"
      },
      "objectRefs" : [ ],
      "contextAttributes" : null,
      "additionalInfo" : {
        "description" : "Create  Error Log and System Error case with given information",
        "contentType" : "application/json; charset=utf-8",
        "documentState" : "VALID"
      }
    }
  }, {
    "objectGuid" : "9rhyRDabNHiiDcOu4c64gK",
    "objectName" : "Salesforce",
    "objectType" : "AI_CONNECTION",
    "path" : "/Explore/Default",
    "metadata" : {
      "modelVersion" : {
        "major" : 1,
        "minor" : 0
      },
      "repoInfo" : {
        "repoHandle" : "AMvMUdsnSDg8SOl-gt-159703-2016-05-17T22:15:30.43Z::conn.xml"
      },
      "objectRefs" : [ ],
      "contextAttributes" : null,
      "additionalInfo" : {
        "description" : "Informatica Cloud Real Time - Guide Setup created this Salesforce connection. Enter proper password and security token if you want to use this connection outside of Salesforce.",
        "contentType" : "application/json; charset=utf-8",
        "documentState" : "VALID"
      }
    }
  }, {
    "objectGuid" : "jR9U0EJZeiMdpPsE4STmew",
    "objectName" : "INT-XDM-SpecimenMessage",
    "objectType" : "PROCESS",
    "path" : "/Explore/Default",
    "metadata" : {
      "modelVersion" : {
        "major" : 1,
        "minor" : 0
      },
      "repoInfo" : {
        "repoHandle" : "cgqRQciSrZMSPfX-gt-15162567-2019-03-07T20:35:04.703Z::pd.xml"
      },
      "objectRefs" : [ ],
      "contextAttributes" : null,
      "additionalInfo" : {
        "description" : "User Story 116190:FR-LAB-INTEGRATION-100-8: Order Specimen inbound message (Order Specimen and OS OLI records creation)",
        "contentType" : "application/json; charset=utf-8",
        "documentState" : "VALID"
      }
    }
  }, {
    "objectGuid" : "hzrKFQlwwu0gQ7ibO63XMm",
    "objectName" : "OrderResultSpecimenMessage",
    "objectType" : "PROCESS_OBJECT",
    "path" : "/Explore/Default",
    "metadata" : {
      "modelVersion" : {
        "major" : 1,
        "minor" : 0
      },
      "repoInfo" : {
        "repoHandle" : "yNmumf6S3wOLIFv-gt-214022736-2023-01-26T20:45:58.395Z::po.xml"
      },
      "objectRefs" : [ ],
      "contextAttributes" : null,
      "additionalInfo" : {
        "description" : "User Story 290286: OM: Oncomap ExTra Integrations - Create New End Point for New Message: Order Update Message",
        "contentType" : "application/json; charset=utf-8",
        "documentState" : "VALID"
      }
    }
  }, {
    "objectGuid" : "jhYNzXaaUYJifeK7rIWQco",
    "objectName" : "INT-SP-Throttle-Messages",
    "objectType" : "PROCESS",
    "path" : "/Explore/Default",
    "metadata" : {
      "modelVersion" : {
        "major" : 1,
        "minor" : 0
      },
      "repoInfo" : {
        "repoHandle" : "QSBi9zhFtybduaa-gt-15162249-2019-03-07T20:35:00.68Z::pd.xml"
      },
      "objectRefs" : [ ],
      "contextAttributes" : null,
      "additionalInfo" : {
        "description" : "",
        "contentType" : "application/json; charset=utf-8",
        "documentState" : "VALID"
      }
    }
  } ]
}