<aetgt:getResponse xmlns:aetgt="http://schemas.active-endpoints.com/appmodules/repository/2010/10/avrepository.xsd"
                   xmlns:types1="http://schemas.active-endpoints.com/appmodules/repository/2010/10/avrepository.xsd">
   <types1:Item>
      <types1:EntryId>Q0mu6lS01BchMYe-gt-4803002-2023-04-27T21:55:02.268Z::svc.xml</types1:EntryId>
      <types1:Name>GHI-CRM-Outbound-Shilo-REST</types1:Name>
      <types1:ParentFlowIds>2Tk3Yn5Smbduaa-gt-31667198-2023-04-27T21:55:34.864Z::conn.xml</types1:ParentFlowIds>
      <types1:MimeType>application/xml+businesssconnector</types1:MimeType>
      <types1:Description>Service connector for SFDC to ESB outbound messages.</types1:Description>
      <types1:AppliesTo/>
      <types1:Tags/>
      <types1:VersionLabel>1.0</types1:VersionLabel>
      <types1:State>CURRENT</types1:State>
      <types1:ProcessGroup/>
      <types1:CreatedBy>admin@par15.ghi</types1:CreatedBy>
      <types1:CreationDate>2023-04-27T21:55:02Z</types1:CreationDate>
      <types1:ModifiedBy>admin@par15.ghi</types1:ModifiedBy>
      <types1:ModificationDate>2023-05-01T22:22:34Z</types1:ModificationDate>
      <types1:PublicationStatus>published</types1:PublicationStatus>
      <types1:PublishedBy>admin@par15.ghi</types1:PublishedBy>
      <types1:PublicationDate>2023-05-01T22:22:36Z</types1:PublicationDate>
      <types1:PublishedContributionId>project:/rt.connector/GHI_CRM_Outbound_Shilo_REST/GHI_CRM_Outbound_Shilo_REST_svcDef.xml</types1:PublishedContributionId>
      <types1:AutosaveExists>false</types1:AutosaveExists>
      <types1:Entry>
         <businessConnector xmlns="http://schemas.informatica.com/socrates/data-services/2014/05/business-connector-model.xsd"
                            agentOnly="false"
                            debug="false"
                            displayName="GHI-CRM-Outbound-Shilo-REST"
                            label=""
                            name="GHI-CRM-Outbound-Shilo-REST"
                            uuid="54bdb6cc-1a62-4f0a-ab35-693c5ea27d19">
            <description>Service connector for SFDC to ESB outbound messages.</description>
            <tags/>
            <connectionAttributes xmlns="http://schemas.informatica.com/appmodules/screenflow/2014/04/avosConnectors.xsd">
               <connectionAttribute description="Base integration endpoint"
                                    masked="false"
                                    name="BaseURL"
                                    required="false"
                                    testWith="https://4294f4c1-2ff0-4c41-a491-8bf1d626e780.mock.pstmn.io/proceedexml"
                                    type="string"/>
            </connectionAttributes>
            <actions>
               <action category=""
                       failOnError="true"
                       forSearch="false"
                       isAbstract="true"
                       label="BaseAction"
                       maxRedirects="100"
                       name="BaseAction"
                       preemptiveAuth="true"
                       responseEncoding="">
                  <description/>
                  <input/>
                  <binding>
                     <restSimpleBinding multiUsing="semicolonSeparated" url="{$BaseURL}" verb="POST">
                        <mutualAuth enabled="false">
                           <keyStore mode="file"/>
                           <keyStorePassword/>
                        </mutualAuth>
                        <httpHeaders>
                           <header name="Content-Type">text/xml; charset=utf-8</header>
                           <header name="User-Agent">Mozilla/5.0 (Windows NT 10.0; WOW64) AppleWebKit/537.36 (KHTML, like Gecko) Chrome/52.0.2743.116 Safari/537.36</header>
                        </httpHeaders>
                        <body/>
                     </restSimpleBinding>
                  </binding>
                  <output/>
               </action>
               <action category=""
                       failOnError="true"
                       forSearch="false"
                       inherits="BaseAction"
                       label="MaterialAddressReturn"
                       maxRedirects="100"
                       name="MaterialAddressReturn"
                       preemptiveAuth="true"
                       responseEncoding="">
                  <description/>
                  <inheritanceMetadata>
                     <section type="output">
                        <section type="outputFields"/>
                     </section>
                     <section type="restSimpleBinding">
                        <attribute inherit="inherit" name="url" type="url"/>
                        <section type="body">
                           <attribute inherit="overwrite" name="content" type="content"/>
                        </section>
                        <section type="httpHeaders">
                           <attribute inherit="inherit" name="Content-Type" type="header"/>
                           <attribute inherit="inherit" name="User-Agent" type="header"/>
                        </section>
                        <section type="otherParams"/>
                     </section>
                  </inheritanceMetadata>
                  <input>
                     <parameter name="MaterialReturnAddressQueryResponseMessage"
                                required="false"
                                testWith=""
                                type="reference">
                        <options>
                           <option name="referenceTo">MaterialReturnAddressQueryResponseMessage_AnonymousType</option>
                        </options>
                     </parameter>
                  </input>
                  <binding>
                     <restSimpleBinding url="{$BaseURL}" verb="POST">
                        <mutualAuth enabled="false">
                           <keyStore/>
                           <keyStorePassword/>
                        </mutualAuth>
                        <body>&lt;n1:MaterialReturnAddressQueryResponseMessage xmlns:xsi="http://www.w3.org/2001/XMLSchema-instance" 
											xmlns:n1="http://schemas.genomichealth.com/Internal/Crm/v1/MaterialReturnAddressQueryResponseMessage.xsd" 
											ackRequired="{$MaterialReturnAddressQueryResponseMessage/ackRequired/text()}" 
											activityId="{$MaterialReturnAddressQueryResponseMessage/activityId/text()}" 
											batchId="{$MaterialReturnAddressQueryResponseMessage/batchId/text()}" 
											batchMessageIndex="{$MaterialReturnAddressQueryResponseMessage/batchMessageIndex/text()}" 
											batchSize="{$MaterialReturnAddressQueryResponseMessage/batchSize/text()}" 
											consumeBatchAtTarget="{$MaterialReturnAddressQueryResponseMessage/consumeBatchAtTarget/text()}" 
											correlationId="{$MaterialReturnAddressQueryResponseMessage/correlationId/text()}" 
											destination="{$MaterialReturnAddressQueryResponseMessage/destination/text()}" 
											expires="{$MaterialReturnAddressQueryResponseMessage/expires/text()}" 
											failBatchOnError="{$MaterialReturnAddressQueryResponseMessage/failBatchOnError/text()}" 
											messageInstanceId="{$MaterialReturnAddressQueryResponseMessage/messageInstanceId/text()}" 
											nackRequired="{$MaterialReturnAddressQueryResponseMessage/nackRequired/text()}" 
											origin="{$MaterialReturnAddressQueryResponseMessage/origin/text()}" 
											resendAttempt="{$MaterialReturnAddressQueryResponseMessage/resendAttempt/text()}" 
											timestamp="{$MaterialReturnAddressQueryResponseMessage/timestamp/text()}" 
											xsi:schemaLocation="http://schemas.genomichealth.com/Internal/Crm/v1/MaterialReturnAddressQueryResponseMessage.xsd"&gt;
	&lt;Response&gt;
		&lt;InventoryCode&gt;{$MaterialReturnAddressQueryResponseMessage/Response/InventoryCode/text()}&lt;/InventoryCode&gt;
		&lt;OrderId&gt;{$MaterialReturnAddressQueryResponseMessage/Response/OrderId/text()}&lt;/OrderId&gt;
		&lt;ReturnAccountAddress 
			PostalAddressType="{$MaterialReturnAddressQueryResponseMessage/Response/ReturnAccountAddress/PostalAddressType/text()}" 
			PostalAddressId="{$MaterialReturnAddressQueryResponseMessage/Response/ReturnAccountAddress/PostalAddressType/text()}"&gt;
			{if ($MaterialReturnAddressQueryResponseMessage/Response/ReturnAccountAddress/AddressContactName != '') then
			&lt;AddressContactName&gt;{$MaterialReturnAddressQueryResponseMessage/Response/ReturnAccountAddress/AddressContactName/text()}&lt;/AddressContactName&gt;
			else()}
			&lt;AddressLine1&gt;{$MaterialReturnAddressQueryResponseMessage/Response/ReturnAccountAddress/AddressLine1/text()}&lt;/AddressLine1&gt;
			{if ($MaterialReturnAddressQueryResponseMessage/Response/ReturnAccountAddress/AddressLine2 != '') then
			&lt;AddressLine2&gt;{$MaterialReturnAddressQueryResponseMessage/Response/ReturnAccountAddress/AddressLine2/text()}&lt;/AddressLine2&gt;
			else()}
			{if ($MaterialReturnAddressQueryResponseMessage/Response/ReturnAccountAddress/AttentionTo != '') then
			&lt;AttentionTo&gt;{$MaterialReturnAddressQueryResponseMessage/Response/ReturnAccountAddress/AttentionTo/text()}&lt;/AttentionTo&gt;
			else()}
			&lt;City&gt;{$MaterialReturnAddressQueryResponseMessage/Response/ReturnAccountAddress/City/text()}&lt;/City&gt;
			{if ($MaterialReturnAddressQueryResponseMessage/Response/ReturnAccountAddress/AccountName != '') then
			&lt;AccountName&gt;{$MaterialReturnAddressQueryResponseMessage/Response/ReturnAccountAddress/AccountName/text()}&lt;/AccountName&gt;
			else()}
			&lt;Country&gt;{$MaterialReturnAddressQueryResponseMessage/Response/ReturnAccountAddress/Country/text()}&lt;/Country&gt;
			{if ($MaterialReturnAddressQueryResponseMessage/Response/ReturnAccountAddress/CountryISOAlphaCode != '') then
			&lt;CountryISOAlphaCode&gt;{$MaterialReturnAddressQueryResponseMessage/Response/ReturnAccountAddress/CountryISOAlphaCode/text()}&lt;/CountryISOAlphaCode&gt;
			else()}
			{if ($MaterialReturnAddressQueryResponseMessage/Response/ReturnAccountAddress/Fax != '') then
			&lt;Fax&gt;{$MaterialReturnAddressQueryResponseMessage/Response/ReturnAccountAddress/Fax/text()}&lt;/Fax&gt;
			else()}
			{if ($MaterialReturnAddressQueryResponseMessage/Response/ReturnAccountAddress/Phone != '') then
			&lt;Phone&gt;{$MaterialReturnAddressQueryResponseMessage/Response/ReturnAccountAddress/Phone/text()}&lt;/Phone&gt;
			else()}
			&lt;PostalCode&gt;{$MaterialReturnAddressQueryResponseMessage/Response/ReturnAccountAddress/PostalCode/text()}&lt;/PostalCode&gt;
			{if ($MaterialReturnAddressQueryResponseMessage/Response/ReturnAccountAddress/State != '') then
			&lt;State&gt;{$MaterialReturnAddressQueryResponseMessage/Response/ReturnAccountAddress/State/text()}&lt;/State&gt;
			else()}
			{if ($MaterialReturnAddressQueryResponseMessage/Response/ReturnAccountAddress/StateCode != '') then
			&lt;StateCode&gt;{$MaterialReturnAddressQueryResponseMessage/Response/ReturnAccountAddress/StateCode/text()}&lt;/StateCode&gt;
			else()}
		&lt;/ReturnAccountAddress&gt;
	&lt;/Response&gt;
&lt;/n1:MaterialReturnAddressQueryResponseMessage&gt;</body>
                     </restSimpleBinding>
                  </binding>
                  <output>
                     <field description="" name="GenericResponse" type="reference">
                        <options>
                           <option name="referenceTo">GenericResponse_AnonymousType</option>
                        </options>
                        <xquery>{util:simplifyXml(//*[local-name()='GenericResponse'])}</xquery>
                     </field>
                  </output>
               </action>
            </actions>
            <objects>
               <processObject xmlns="http://schemas.active-endpoints.com/appmodules/screenflow/2011/06/avosHostEnvironment.xsd"
                              isByCopy="true"
                              name="PostalAddressType">
                  <description/>
                  <detail>
                     <field name="PostalAddressType"
                            nullable="true"
                            required="false"
                            type="string"/>
                     <field name="PostalAddressId"
                            nullable="true"
                            required="false"
                            type="string"/>
                     <field name="AddressContactName"
                            nullable="true"
                            required="false"
                            type="string"/>
                     <field name="AddressLine1"
                            nullable="true"
                            required="false"
                            type="string"/>
                     <field name="AddressLine2"
                            nullable="true"
                            required="false"
                            type="string"/>
                     <field name="AlternatePhone"
                            nullable="true"
                            required="false"
                            type="string"/>
                     <field name="AttentionTo"
                            nullable="true"
                            required="false"
                            type="string"/>
                     <field name="City" nullable="true" required="false" type="string"/>
                     <field name="AccountName"
                            nullable="true"
                            required="false"
                            type="string"/>
                     <field name="Country" nullable="true" required="false" type="string"/>
                     <field name="CountryISOAlphaCode"
                            nullable="true"
                            required="false"
                            type="string"/>
                     <field name="Department"
                            nullable="true"
                            required="false"
                            type="string"/>
                     <field name="Email" nullable="true" required="false" type="string"/>
                     <field name="Fax" nullable="true" required="false" type="string"/>
                     <field name="Phone" nullable="true" required="false" type="string"/>
                     <field name="PostalCode"
                            nullable="true"
                            required="false"
                            type="string"/>
                     <field name="State" nullable="true" required="false" type="string"/>
                     <field name="StateCode" nullable="true" required="false" type="string"/>
                  </detail>
               </processObject>
               <processObject xmlns="http://schemas.active-endpoints.com/appmodules/screenflow/2011/06/avosHostEnvironment.xsd"
                              isByCopy="true"
                              name="MaterialReturnAddressQueryResponseMessage_AnonymousType">
                  <description/>
                  <detail>
                     <field name="ackRequired"
                            nullable="true"
                            required="false"
                            type="boolean"/>
                     <field name="activityId"
                            nullable="true"
                            required="false"
                            type="string"/>
                     <field name="batchId" nullable="true" required="false" type="string"/>
                     <field name="batchMessageIndex"
                            nullable="true"
                            required="false"
                            type="double"/>
                     <field name="batchSize" nullable="true" required="false" type="double"/>
                     <field name="consumeBatchAtTarget"
                            nullable="true"
                            required="false"
                            type="boolean"/>
                     <field name="correlationId"
                            nullable="true"
                            required="false"
                            type="string"/>
                     <field name="destination"
                            nullable="true"
                            required="false"
                            type="string"/>
                     <field name="expires" nullable="true" required="false" type="datetime"/>
                     <field name="failBatchOnError"
                            nullable="true"
                            required="false"
                            type="boolean"/>
                     <field name="messageInstanceId"
                            nullable="true"
                            required="false"
                            type="string"/>
                     <field name="nackRequired"
                            nullable="true"
                            required="false"
                            type="boolean"/>
                     <field name="origin" nullable="true" required="false" type="string"/>
                     <field name="resendAttempt"
                            nullable="true"
                            required="false"
                            type="double"/>
                     <field name="timestamp"
                            nullable="true"
                            required="false"
                            type="datetime"/>
                     <field name="Response"
                            nullable="true"
                            required="false"
                            type="reference">
                        <options>
                           <option name="referenceTo">QueryResponseType_AnonymousType</option>
                           <option name="relationshipName">Child</option>
                        </options>
                     </field>
                  </detail>
               </processObject>
               <processObject xmlns="http://schemas.active-endpoints.com/appmodules/screenflow/2011/06/avosHostEnvironment.xsd"
                              isByCopy="true"
                              name="QueryResponseType_AnonymousType">
                  <description/>
                  <detail>
                     <field name="InventoryCode"
                            nullable="true"
                            required="false"
                            type="string"/>
                     <field name="OrderId" nullable="true" required="false" type="string"/>
                     <field name="Status" nullable="true" required="false" type="string"/>
                     <field name="ReturnAccountAddress"
                            nullable="true"
                            required="false"
                            type="reference">
                        <options>
                           <option name="referenceTo">PostalAddressType</option>
                           <option name="relationshipName">Child</option>
                        </options>
                     </field>
                  </detail>
               </processObject>
            </objects>
         </businessConnector>
      </types1:Entry>
      <types1:GUID>2OdUpKrc8GLhCdOwq63RIr</types1:GUID>
      <types1:DisplayName>GHI-CRM-Outbound-Shilo-REST</types1:DisplayName>
   </types1:Item>
   <types1:CurrentServerDateTime>2023-05-18T11:18:41.635Z</types1:CurrentServerDateTime>
</aetgt:getResponse>
