objectPath,objectName,objectType,id
/Explore/Default,INT-EU-Portal-SXDM-Order,PROCESS,ej9lyMWMmkQg4LtHeI7P0K
/Explore/Default,SP-EU-Portal-OrderRole-Create,PROCESS,7iw7gi5NKbpioZ6jeiMwE0
/Explore/Default,INT-SXDM-OrderLineItem,PROCESS,aJEWL3m9TPseGtHacKtAgQ
/Explore/Default,INT-XDM-QueryMessage-Shilo,PROCESS,aB8vKx0YZ4pfyJuwqqzXcw
/Explore/Default,SP-Clone-OLI,PROCESS,1DQjCcTePcAbWdm2jGx3ed
/Explore/Default,SP-EU-Portal-BillAccount-BillAccount-V2,PROCESS,1jouWxHcQeYlt93vHc4wID
/Explore/Default,INT-EU-Portal-SXDM-OrderLineItem,PROCESS,6GbXjfYuVXFbhZ40NDb1CD
/Explore/Default,CloneOrderRoleOLI,PROCESS,0gK7ytiGiHXcFLZZ9OIjQJ
/Explore/Default,SP-Missing-Data-Case-Creation,PROCESS,5i0D0Ut9VK4f6A7VuV54QY
/Explore/Default,INT-SXDM-Order,PROCESS,30Hykgf3e7hjUMYEvAk9Ux
/Explore/Default,INT-SP-ReportIdGenertion,PROCESS,5ZFsbWFlPjvcK9zmVRdIE0
/Explore/Default,INT-XDM-EU-Portal-OrderMessage-V2,PROCESS,gNPSjLlVDkGdZAhzkk4fsF
/Explore/Default,INT-XDM-AdhocDistributeDataMessage,PROCESS,07WmdXnpQC1kSlLwvlV6Ov
/Explore/Default,SP-NY-Specimen-Issue-Case-Creation,PROCESS,8u3ywHK6lOahh2Zk7ArEyS
/Explore/Default,INT-SXDM-Order-MuleSoft,PROCESS,1upNtL0yc2OjScllDkiZIg
/Explore/Default,INT-XDM-CaseToStarlims-CaseDataMessage,PROCESS,e6ugabC5b2ojlpDYUPjmuA
/Explore/Default,INT-Process-ResultsReadyData-Message,PROCESS,5K79atOfKt6cDLU7mtK3CZ
/Explore/Default,INT-SXDM-OrderRole-MuleSoft,PROCESS,0uQ39B4cuzSlROAovEV3CW
/Explore/Default,SP-EU-Portal-OrderRole-Delegate-Association,PROCESS,8LBmXoa8YoPk5bzQAjRgcR
/Explore/Default,INT-SXDM-OrderRole,PROCESS,0gO59yDrat9cMjRRqCzOaO
/Explore/Default,INT-Process-DistributionEvent-Message,PROCESS,649ZOUGzrtwgbYP5Ulv9sS
/Explore/Default,SP-Order-Role-Missing-Data-Case,PROCESS,3IrxY7R3gsahEw3qcwj54u
/Explore/Default,INT-XDM-SpecimenMessage,PROCESS,jR9U0EJZeiMdpPsE4STmew
/Explore/Default,INT-MP-Send-Billing-Message-Main,PROCESS,kVa44e4MKYsedUmM6xp0Mi
/Explore/Default,INT-SXDM-OrderLineItem-MuleSoft,PROCESS,hKDqbo3Ewielx4g6iSMfuq
/Explore/Default,INT-SP-QueryResponseMessage,PROCESS,2FXONxTvUMYd3s2dfdimmi
/Explore/Default,INT-Process-SpecimenResultMessage-Order-Update,PROCESS,aHMzYu3ROJKfFJdfkGvLYB
/Explore/Default,INT-XDM-EU-Portal-ProcessedOrderDataMessage,PROCESS,2hyxxBVnbeMglnaiWWSka9
/Explore/Default,SP-SA-Case-AutoDetermination,PROCESS,5wBnrf58tgKkMf9sMKChCB
/Explore,Default,Project,27wNpX1f5yUelfC3vekKis
/Explore/Default,INT-SXDM-OrderRole-AdHoc-Mulesoft,PROCESS,67Qs1HXaN0QloBXAWJEXW0
/Explore/Default,INT-SXDM-OrderRole-AdHoc,PROCESS,5aMp2nsUXVxfBISpWR0hQc
/Explore/Default,Clone Order Role Sub Process,PROCESS,1C3Tgbk6yKMeLjD8N8OeeU
/Explore/Default,INT-Process-EU-Portal-OrderSpecimenRetrievalUpdate V2,PROCESS,doCwGn0IUuNkmsOoVyrFEx
/Explore/Default,INT-XDM-SpecimenResultMessage,PROCESS,hGuORobbfKCcJNzGj8vtyX
/Explore/Default,INT-XDM-RenderAndDistributeDataMessage,PROCESS,iv0wovKuA4EeUL6V99vOwo
/Explore/Default,INT-XDM-OrderDataMessage,PROCESS,eyvmGoyGqmEhYoVGnnTeCC
/Explore/Default,INT-Process-CaseDataMessage-CreateCase,PROCESS,9PNoMmI2sAMkf0VOQFfOIr