{
  "name" : "IICSComponents",
  "sourceOrgId" : "7XV6mxK1Y4xf4Jo7PjqJcg",
  "sourceOrgName" : "2021-Pur par15 (admin@001e08.ghi)",
  "exportedObjects" : [ {
    "objectGuid" : "83HH1qeIlGNlg41WMQg5EM",
    "objectName" : "SP-Set-SpecimenStorageDuration",
    "objectType" : "PROCESS",
    "path" : "/Explore/Default",
    "metadata" : {
      "modelVersion" : {
        "major" : 1,
        "minor" : 0
      },
      "repoInfo" : {
        "repoHandle" : "Ir6CFquUHukfRLd-gt-15164181-2019-03-07T20:35:30.559Z::pd.xml"
      },
      "objectRefs" : [ ],
      "contextAttributes" : null,
      "additionalInfo" : {
        "description" : "116184\tFR-LAB-DDS-100-16: Specimen Storage Duration determination",
        "contentType" : "application/json; charset=utf-8",
        "documentState" : "VALID"
      }
    }
  }, {
    "objectGuid" : "1opv2gwrx00knkqmDE0ROY",
    "objectName" : "INT-SP-Gene-Curve-Approval-Result",
    "objectType" : "PROCESS",
    "path" : "/Explore/Default",
    "metadata" : {
      "modelVersion" : {
        "major" : 1,
        "minor" : 0
      },
      "repoInfo" : {
        "repoHandle" : "q3GZkL0jmu6lS01-gt-9708954-2020-02-06T10:27:55.262Z::pd.xml"
      },
      "objectRefs" : [ ],
      "contextAttributes" : null,
      "additionalInfo" : {
        "description" : "User Story 175155: JP Portal OM: Render and Distribute",
        "contentType" : "application/json; charset=utf-8",
        "documentState" : "VALID"
      }
    }
  }, {
    "objectGuid" : "2WZUc8xQZYEe3HSjRj1Pa3",
    "objectName" : "SP-Order-Missing-Data-Case",
    "objectType" : "PROCESS",
    "path" : "/Explore/Default",
    "metadata" : {
      "modelVersion" : {
        "major" : 1,
        "minor" : 0
      },
      "repoInfo" : {
        "repoHandle" : "beN8jIw8jIw8jIw-gt-15161895-2019-03-07T20:34:57.028Z::pd.xml"
      },
      "objectRefs" : [ ],
      "contextAttributes" : null,
      "additionalInfo" : {
        "description" : "Process Order Data for Missing Data Case",
        "contentType" : "application/json; charset=utf-8",
        "documentState" : "VALID"
      }
    }
  }, {
    "objectGuid" : "04fR9piQEr8jbmyLWN9SwT",
    "objectName" : "GHI-ESB-REST",
    "objectType" : "AI_CONNECTION",
    "path" : "/Explore/Default",
    "metadata" : {
      "modelVersion" : {
        "major" : 1,
        "minor" : 0
      },
      "repoInfo" : {
        "repoHandle" : "Uyaaaaa-gt-15149977-2019-03-07T20:10:41.75Z::conn.xml"
      },
      "objectRefs" : [ ],
      "contextAttributes" : null,
      "additionalInfo" : {
        "description" : "SFDC outbound messages to ESB",
        "contentType" : "application/json; charset=utf-8",
        "documentState" : "VALID"
      }
    }
  }, {
    "objectGuid" : "ceT3eTjFrM1kN4ZlvNV8el",
    "objectName" : "Action",
    "objectType" : "PROCESS_OBJECT",
    "path" : "/Explore/Default",
    "metadata" : {
      "modelVersion" : {
        "major" : 1,
        "minor" : 0
      },
      "repoInfo" : {
        "repoHandle" : "0qZF3a-gt-15160708-2019-03-07T20:32:29.996Z::po.xml"
      },
      "objectRefs" : [ ],
      "contextAttributes" : null,
      "additionalInfo" : {
        "description" : "Action",
        "contentType" : "application/json; charset=utf-8",
        "documentState" : "VALID"
      }
    }
  }, {
    "objectGuid" : "dmNxQJZKZEQeTZfMAe518T",
    "objectName" : "SP-Order-Lab-Ready",
    "objectType" : "PROCESS",
    "path" : "/Explore/Default",
    "metadata" : {
      "modelVersion" : {
        "major" : 1,
        "minor" : 0
      },
      "repoInfo" : {
        "repoHandle" : "FHyabdvhxiQLnzY-gt-15162999-2019-03-07T20:35:10.505Z::pd.xml"
      },
      "objectRefs" : [ ],
      "contextAttributes" : null,
      "additionalInfo" : {
        "description" : "US116173 FR-LAB-RF-101",
        "contentType" : "application/json; charset=utf-8",
        "documentState" : "VALID"
      }
    }
  }, {
    "objectGuid" : "a3ujc0XFbgrjlsXdYaYXyA",
    "objectName" : "CaseDataMessage",
    "objectType" : "PROCESS_OBJECT",
    "path" : "/Explore/Default",
    "metadata" : {
      "modelVersion" : {
        "major" : 1,
        "minor" : 0
      },
      "repoInfo" : {
        "repoHandle" : "X4109cjIw8jIw8j-gt-15160492-2019-03-07T20:32:28.799Z::po.xml"
      },
      "objectRefs" : [ ],
      "contextAttributes" : null,
      "additionalInfo" : {
        "description" : "Used for inbound case messages",
        "contentType" : "application/json; charset=utf-8",
        "documentState" : "VALID"
      }
    }
  }, {
    "objectGuid" : "9ubdcqkHMwwj60z9rwTGKZ",
    "objectName" : "INT-SXDM-TestCriteria",
    "objectType" : "PROCESS",
    "path" : "/Explore/Default",
    "metadata" : {
      "modelVersion" : {
        "major" : 1,
        "minor" : 0
      },
      "repoInfo" : {
        "repoHandle" : "Kcn8dzWztZK0CYy-gt-15162495-2019-03-07T20:35:03.758Z::pd.xml"
      },
      "objectRefs" : [ ],
      "contextAttributes" : null,
      "additionalInfo" : {
        "description" : "This will generate the XML Body for TestCriteria Node",
        "contentType" : "application/json; charset=utf-8",
        "documentState" : "VALID"
      }
    }
  }, {
    "objectGuid" : "aDKhlc5HnCQbEYxH0Sjs8E",
    "objectName" : "SP-Set-SpecimenDisplayOnExternalPortal",
    "objectType" : "PROCESS",
    "path" : "/Explore/Default",
    "metadata" : {
      "modelVersion" : {
        "major" : 1,
        "minor" : 0
      },
      "repoInfo" : {
        "repoHandle" : "3duR55aaabdqpw0-gt-15162933-2019-03-07T20:35:09.588Z::pd.xml"
      },
      "objectRefs" : [ ],
      "contextAttributes" : null,
      "additionalInfo" : {
        "description" : "User Story 146429:Set 'Display on External Portal' flag on Order Specimen per OLI",
        "contentType" : "application/json; charset=utf-8",
        "documentState" : "VALID"
      }
    }
  }, {
    "objectGuid" : "ej9lyMWMmkQg4LtHeI7P0K",
    "objectName" : "INT-EU-Portal-SXDM-Order",
    "objectType" : "PROCESS",
    "path" : "/Explore/Default",
    "metadata" : {
      "modelVersion" : {
        "major" : 1,
        "minor" : 0
      },
      "repoInfo" : {
        "repoHandle" : "dypLK2D86CjqFVN-gt-15163779-2019-03-07T20:35:23.06Z::pd.xml"
      },
      "objectRefs" : [ "6GbXjfYuVXFbhZ40NDb1CD", "04fR9piQEr8jbmyLWN9SwT", "9rhyRDabNHiiDcOu4c64gK" ],
      "contextAttributes" : null,
      "additionalInfo" : {
        "description" : "This will generate the XML Body for Order Node",
        "contentType" : "application/json; charset=utf-8",
        "documentState" : "VALID"
      }
    }
  }, {
    "objectGuid" : "7iw7gi5NKbpioZ6jeiMwE0",
    "objectName" : "SP-EU-Portal-OrderRole-Create",
    "objectType" : "PROCESS",
    "path" : "/Explore/Default",
    "metadata" : {
      "modelVersion" : {
        "major" : 1,
        "minor" : 0
      },
      "repoInfo" : {
        "repoHandle" : "YjhBjop81V4Adyp-gt-15164241-2019-03-07T20:35:31.813Z::pd.xml"
      },
      "objectRefs" : [ "3vDpYyhVy7LcdxsQA9pJe4", "hYoeYea0NE8cOdnUGoEF6u", "8LBmXoa8YoPk5bzQAjRgcR", "l4srhfOIvKLgD3l4HRWAyQ", "9rhyRDabNHiiDcOu4c64gK" ],
      "contextAttributes" : null,
      "additionalInfo" : {
        "description" : "",
        "contentType" : "application/json; charset=utf-8",
        "documentState" : "VALID"
      }
    }
  }, {
    "objectGuid" : "9VtWL8dbxH0kUZfnqBcQeV",
    "objectName" : "ER-Get RandomInt",
    "objectType" : "PROCESS",
    "path" : "/Explore/Default",
    "metadata" : {
      "modelVersion" : {
        "major" : 1,
        "minor" : 0
      },
      "repoInfo" : {
        "repoHandle" : "AADvGFaaaaaaaaa-gt-15161829-2019-03-07T20:34:56.429Z::pd.xml"
      },
      "objectRefs" : [ ],
      "contextAttributes" : null,
      "additionalInfo" : {
        "description" : "",
        "contentType" : "application/json; charset=utf-8",
        "documentState" : "VALID"
      }
    }
  }, {
    "objectGuid" : "aJEWL3m9TPseGtHacKtAgQ",
    "objectName" : "INT-SXDM-OrderLineItem",
    "objectType" : "PROCESS",
    "path" : "/Explore/Default",
    "metadata" : {
      "modelVersion" : {
        "major" : 1,
        "minor" : 0
      },
      "repoInfo" : {
        "repoHandle" : "uhEuHWvJ4rswVYx-gt-15162879-2019-03-07T20:35:08.833Z::pd.xml"
      },
      "objectRefs" : [ "04fR9piQEr8jbmyLWN9SwT", "9rhyRDabNHiiDcOu4c64gK", "ceT3eTjFrM1kN4ZlvNV8el", "1BYXentRMjvbdDnC96xFmF", "9ubdcqkHMwwj60z9rwTGKZ" ],
      "contextAttributes" : null,
      "additionalInfo" : {
        "description" : "This will generate the XML Body for OrderLineItem Node",
        "contentType" : "application/json; charset=utf-8",
        "documentState" : "VALID"
      }
    }
  }, {
    "objectGuid" : "4SVHK83n1KQfqa1VusLeUC",
    "objectName" : "QueryMessage",
    "objectType" : "PROCESS_OBJECT",
    "path" : "/Explore/Default",
    "metadata" : {
      "modelVersion" : {
        "major" : 1,
        "minor" : 0
      },
      "repoInfo" : {
        "repoHandle" : "rpC18ypmaaa-gt-15160756-2019-03-07T20:32:30.287Z::po.xml"
      },
      "objectRefs" : [ ],
      "contextAttributes" : null,
      "additionalInfo" : {
        "description" : "",
        "contentType" : "application/json; charset=utf-8",
        "documentState" : "VALID"
      }
    }
  }, {
    "objectGuid" : "0EHT7Yh1ssIcNV3nLTqv8e",
    "objectName" : "GHI-ESB-Shilo-REST",
    "objectType" : "AI_CONNECTION",
    "path" : "/Explore/Default",
    "metadata" : {
      "modelVersion" : {
        "major" : 1,
        "minor" : 0
      },
      "repoInfo" : {
        "repoHandle" : "2Tk3Yn5Smbduaa-gt-31667198-2023-04-27T21:55:34.864Z::conn.xml"
      },
      "objectRefs" : [ ],
      "contextAttributes" : null,
      "additionalInfo" : {
        "description" : "SFDC outbound messages to ESB",
        "contentType" : "application/json; charset=utf-8",
        "documentState" : "VALID"
      }
    }
  }, {
    "objectGuid" : "aB8vKx0YZ4pfyJuwqqzXcw",
    "objectName" : "INT-XDM-QueryMessage-Shilo",
    "objectType" : "PROCESS",
    "path" : "/Explore/Default",
    "metadata" : {
      "modelVersion" : {
        "major" : 1,
        "minor" : 0
      },
      "repoInfo" : {
        "repoHandle" : "11LOwD0wWcn6Hbf-gt-31668925-2023-04-27T21:55:59.853Z::pd.xml"
      },
      "objectRefs" : [ "0EHT7Yh1ssIcNV3nLTqv8e", "9p3cHbqmMrAbqt9fJX09gJ", "9rhyRDabNHiiDcOu4c64gK", "3gTBtpXtEeviZDN1JtRxOr", "4SVHK83n1KQfqa1VusLeUC" ],
      "contextAttributes" : null,
      "additionalInfo" : {
        "description" : "",
        "contentType" : "application/json; charset=utf-8",
        "documentState" : "VALID"
      }
    }
  }, {
    "objectGuid" : "1DQjCcTePcAbWdm2jGx3ed",
    "objectName" : "SP-Clone-OLI",
    "objectType" : "PROCESS",
    "path" : "/Explore/Default",
    "metadata" : {
      "modelVersion" : {
        "major" : 1,
        "minor" : 0
      },
      "repoInfo" : {
        "repoHandle" : "5WlD2pHALVYxWPQ-gt-15164043-2019-03-07T20:35:27.904Z::pd.xml"
      },
      "objectRefs" : [ "l4srhfOIvKLgD3l4HRWAyQ", "9rhyRDabNHiiDcOu4c64gK" ],
      "contextAttributes" : null,
      "additionalInfo" : {
        "description" : "",
        "contentType" : "application/json; charset=utf-8",
        "documentState" : "VALID"
      }
    }
  }, {
    "objectGuid" : "5DVmfKd6l63ekKjqYEyzcP",
    "objectName" : "SP-SA-Case-AutoDetermination-Update",
    "objectType" : "PROCESS",
    "path" : "/Explore/Default",
    "metadata" : {
      "modelVersion" : {
        "major" : 1,
        "minor" : 0
      },
      "repoInfo" : {
        "repoHandle" : "3bcnfXjISUXL86z-gt-15162195-2019-03-07T20:34:59.883Z::pd.xml"
      },
      "objectRefs" : [ ],
      "contextAttributes" : null,
      "additionalInfo" : {
        "description" : "US116191: FR-LAB-DDS-100-12: SA Case auto-determination on Specimen",
        "contentType" : "application/json; charset=utf-8",
        "documentState" : "VALID"
      }
    }
  }, {
    "objectGuid" : "1jouWxHcQeYlt93vHc4wID",
    "objectName" : "SP-EU-Portal-BillAccount-BillAccount-V2",
    "objectType" : "PROCESS",
    "path" : "/Explore/Default",
    "metadata" : {
      "modelVersion" : {
        "major" : 1,
        "minor" : 0
      },
      "repoInfo" : {
        "repoHandle" : "f4UEWglH8n55Erh-gt-9051906-2021-10-08T22:05:41.094Z::pd.xml"
      },
      "objectRefs" : [ "hYoeYea0NE8cOdnUGoEF6u", "9rhyRDabNHiiDcOu4c64gK" ],
      "contextAttributes" : null,
      "additionalInfo" : {
        "description" : "",
        "contentType" : "application/json; charset=utf-8",
        "documentState" : "VALID"
      }
    }
  }, {
    "objectGuid" : "hYoeYea0NE8cOdnUGoEF6u",
    "objectName" : "orderRequest",
    "objectType" : "PROCESS_OBJECT",
    "path" : "/Explore/Default",
    "metadata" : {
      "modelVersion" : {
        "major" : 1,
        "minor" : 0
      },
      "repoInfo" : {
        "repoHandle" : "AKVlDjAqQHhwq9b-gt-133524678-2021-10-08T22:04:52.419Z::po.xml"
      },
      "objectRefs" : [ ],
      "contextAttributes" : null,
      "additionalInfo" : {
        "description" : "US:196157 Order request message V2",
        "contentType" : "application/json; charset=utf-8",
        "documentState" : "VALID"
      }
    }
  }, {
    "objectGuid" : "3mhTr2D70p6fWzcMNx3W2b",
    "objectName" : "SP-Lab-Hold-Status-Case",
    "objectType" : "PROCESS",
    "path" : "/Explore/Default",
    "metadata" : {
      "modelVersion" : {
        "major" : 1,
        "minor" : 0
      },
      "repoInfo" : {
        "repoHandle" : "KxcjIw8jIw8jIw8-gt-15163923-2019-03-07T20:35:25.586Z::pd.xml"
      },
      "objectRefs" : [ ],
      "contextAttributes" : null,
      "additionalInfo" : {
        "description" : "System shall set the report hold on the Order is any case with Lab Hold is created",
        "contentType" : "application/json; charset=utf-8",
        "documentState" : "VALID"
      }
    }
  }, {
    "objectGuid" : "98aSI2EHZ9IeTpUvnGDZar",
    "objectName" : "INT-EU-Portal-OrderUpdate-V2",
    "objectType" : "PROCESS",
    "path" : "/Explore/Default",
    "metadata" : {
      "modelVersion" : {
        "major" : 1,
        "minor" : 0
      },
      "repoInfo" : {
        "repoHandle" : "50BAWa-gt-133529997-2021-10-08T22:05:39.16Z::pd.xml"
      },
      "objectRefs" : [ ],
      "contextAttributes" : null,
      "additionalInfo" : {
        "description" : "",
        "contentType" : "application/json; charset=utf-8",
        "documentState" : "VALID"
      }
    }
  }, {
    "objectGuid" : "9rhyRDabNHiiDcOu4c64gK",
    "objectName" : "Salesforce",
    "objectType" : "AI_CONNECTION",
    "path" : "/Explore/Default",
    "metadata" : {
      "modelVersion" : {
        "major" : 1,
        "minor" : 0
      },
      "repoInfo" : {
        "repoHandle" : "AMvMUdsnSDg8SOl-gt-159703-2016-05-17T22:15:30.43Z::conn.xml"
      },
      "objectRefs" : [ ],
      "contextAttributes" : null,
      "additionalInfo" : {
        "description" : "Informatica Cloud Real Time - Guide Setup created this Salesforce connection. Enter proper password and security token if you want to use this connection outside of Salesforce.",
        "contentType" : "application/json; charset=utf-8",
        "documentState" : "VALID"
      }
    }
  }, {
    "objectGuid" : "1T9rMbogutEfhF0cbO4qCF",
    "objectName" : "SP-Report-Ready-Main",
    "objectType" : "PROCESS",
    "path" : "/Explore/Default",
    "metadata" : {
      "modelVersion" : {
        "major" : 1,
        "minor" : 0
      },
      "repoInfo" : {
        "repoHandle" : "mkbclopz4KhPVEQ-gt-15163611-2019-03-07T20:35:20.204Z::pd.xml"
      },
      "objectRefs" : [ ],
      "contextAttributes" : null,
      "additionalInfo" : {
        "description" : "User Story 116193:FR-PRI-RF-101: Report Distribution Ready Flag",
        "contentType" : "application/json; charset=utf-8",
        "documentState" : "VALID"
      }
    }
  }, {
    "objectGuid" : "2bsd1OmfnubhKpihoIw7S5",
    "objectName" : "Update Order Role Address",
    "objectType" : "PROCESS",
    "path" : "/Explore/Default",
    "metadata" : {
      "modelVersion" : {
        "major" : 1,
        "minor" : 0
      },
      "repoInfo" : {
        "repoHandle" : "tUSptM9hOznKKvv-gt-15163737-2019-03-07T20:35:22.312Z::pd.xml"
      },
      "objectRefs" : [ ],
      "contextAttributes" : null,
      "additionalInfo" : {
        "description" : "",
        "contentType" : "application/json; charset=utf-8",
        "documentState" : "VALID"
      }
    }
  }, {
    "objectGuid" : "6GbXjfYuVXFbhZ40NDb1CD",
    "objectName" : "INT-EU-Portal-SXDM-OrderLineItem",
    "objectType" : "PROCESS",
    "path" : "/Explore/Default",
    "metadata" : {
      "modelVersion" : {
        "major" : 1,
        "minor" : 0
      },
      "repoInfo" : {
        "repoHandle" : "DkSSHCwkNmumf6S-gt-15164319-2019-03-07T20:35:33.481Z::pd.xml"
      },
      "objectRefs" : [ "aDKhlc5HnCQbEYxH0Sjs8E", "1Dwd70qj2IOcfq3sEVloEf", "04fR9piQEr8jbmyLWN9SwT", "9rhyRDabNHiiDcOu4c64gK", "ceT3eTjFrM1kN4ZlvNV8el" ],
      "contextAttributes" : null,
      "additionalInfo" : {
        "description" : "This will generate the XML Body for OrderLineItem Node",
        "contentType" : "application/json; charset=utf-8",
        "documentState" : "VALID"
      }
    }
  }, {
    "objectGuid" : "6OSs1iSJZWtkjf5lHIcYuq",
    "objectName" : "SP-Order-Populate-LabSite-OutboundMessage",
    "objectType" : "PROCESS",
    "path" : "/Explore/Default",
    "metadata" : {
      "modelVersion" : {
        "major" : 1,
        "minor" : 0
      },
      "repoInfo" : {
        "repoHandle" : "PKUyaaaaa-gt-7761988-2021-10-29T21:52:07.167Z::pd.xml"
      },
      "objectRefs" : [ ],
      "contextAttributes" : null,
      "additionalInfo" : {
        "description" : "US 244996 : [OM] GLab- Autopopulate Lab Site ID on Order before sending any outbound message\nSRS-0043 ODE:  FR-ODE-DDS-100-85",
        "contentType" : "application/json; charset=utf-8",
        "documentState" : "VALID"
      }
    }
  }, {
    "objectGuid" : "awWgtuRDrfyj0bKOP6GV0E",
    "objectName" : "SP-Distribution-Failure-Case-Creation",
    "objectType" : "PROCESS",
    "path" : "/Explore/Default",
    "metadata" : {
      "modelVersion" : {
        "major" : 1,
        "minor" : 0
      },
      "repoInfo" : {
        "repoHandle" : "aa-gt-15161997-2019-03-07T20:34:58.002Z::pd.xml"
      },
      "objectRefs" : [ ],
      "contextAttributes" : null,
      "additionalInfo" : {
        "description" : "Create Distribution Failure Case upon create of Distribution Event record where Distribution Failure Reason is populated",
        "contentType" : "application/json; charset=utf-8",
        "documentState" : "VALID"
      }
    }
  }, {
    "objectGuid" : "l4srhfOIvKLgD3l4HRWAyQ",
    "objectName" : "ER-Get GHI ICRT Retry Settings",
    "objectType" : "PROCESS",
    "path" : "/Explore/Default",
    "metadata" : {
      "modelVersion" : {
        "major" : 1,
        "minor" : 0
      },
      "repoInfo" : {
        "repoHandle" : "xaaaaaaaaaaaaaa-gt-15162141-2019-03-07T20:34:59.374Z::pd.xml"
      },
      "objectRefs" : [ ],
      "contextAttributes" : null,
      "additionalInfo" : {
        "description" : "Get Informatica Cloud Retry setting",
        "contentType" : "application/json; charset=utf-8",
        "documentState" : "VALID"
      }
    }
  }, {
    "objectGuid" : "43hp268ln0DbWXj3Nw7byM",
    "objectName" : "SP-Publish-On-EMR",
    "objectType" : "PROCESS",
    "path" : "/Explore/Default",
    "metadata" : {
      "modelVersion" : {
        "major" : 1,
        "minor" : 0
      },
      "repoInfo" : {
        "repoHandle" : "MxgjATO9pH8sVYx-gt-37490523-2023-02-02T22:50:17.627Z::pd.xml"
      },
      "objectRefs" : [ ],
      "contextAttributes" : null,
      "additionalInfo" : {
        "description" : "",
        "contentType" : "application/json; charset=utf-8",
        "documentState" : "VALID"
      }
    }
  }, {
    "objectGuid" : "dZYFqHX0Te3fRVhdOdrJAD",
    "objectName" : "INT-Process-SpecimenResultMessage-OLI-Update",
    "objectType" : "PROCESS",
    "path" : "/Explore/Default",
    "metadata" : {
      "modelVersion" : {
        "major" : 1,
        "minor" : 0
      },
      "repoInfo" : {
        "repoHandle" : "QjF5CJljxcghuIm-gt-30187320-2023-01-26T20:47:49.679Z::pd.xml"
      },
      "objectRefs" : [ ],
      "contextAttributes" : null,
      "additionalInfo" : {
        "description" : "",
        "contentType" : "application/json; charset=utf-8",
        "documentState" : "VALID"
      }
    }
  }, {
    "objectGuid" : "eokSpNvDUU2lBjBrCSIIAZ",
    "objectName" : "INT-Process-Specimen-Message-UpdateOS",
    "objectType" : "PROCESS",
    "path" : "/Explore/Default",
    "metadata" : {
      "modelVersion" : {
        "major" : 1,
        "minor" : 0
      },
      "repoInfo" : {
        "repoHandle" : "uCNgbcggaaaaa-gt-15162669-2019-03-07T20:35:06.032Z::pd.xml"
      },
      "objectRefs" : [ ],
      "contextAttributes" : null,
      "additionalInfo" : {
        "description" : "User Story 116190:FR-LAB-INTEGRATION-100-8: Order Specimen inbound message (Order Specimen and OS OLI records creation)",
        "contentType" : "application/json; charset=utf-8",
        "documentState" : "VALID"
      }
    }
  }, {
    "objectGuid" : "2q225a6RJCqkRRd33jvuYT",
    "objectName" : "SP-EU-Portal-OrderLineItems-V2",
    "objectType" : "PROCESS",
    "path" : "/Explore/Default",
    "metadata" : {
      "modelVersion" : {
        "major" : 1,
        "minor" : 0
      },
      "repoInfo" : {
        "repoHandle" : "MFyglsO7RY6pkTj-gt-133709284-2021-10-08T22:06:20.628Z::pd.xml"
      },
      "objectRefs" : [ ],
      "contextAttributes" : null,
      "additionalInfo" : {
        "description" : "",
        "contentType" : "application/json; charset=utf-8",
        "documentState" : "VALID"
      }
    }
  }, {
    "objectGuid" : "kr8L0kMWQKLbTnpYVoHUAy",
    "objectName" : "SP-Estimated-Report-Date-V1-Stamping",
    "objectType" : "PROCESS",
    "path" : "/Explore/Default",
    "metadata" : {
      "modelVersion" : {
        "major" : 1,
        "minor" : 0
      },
      "repoInfo" : {
        "repoHandle" : "YZ06NYcmYsGuDoW-gt-8868568-2021-10-08T22:05:48.17Z::pd.xml"
      },
      "objectRefs" : [ ],
      "contextAttributes" : null,
      "additionalInfo" : {
        "description" : "User Story 199568: Pilot: Calculate Pilot ERD Fields",
        "contentType" : "application/json; charset=utf-8",
        "documentState" : "VALID"
      }
    }
  }, {
    "objectGuid" : "3eq5NgFbC46hTlupdrKRWQ",
    "objectName" : "INT-SP-BillingPolicyQualification-OLI",
    "objectType" : "PROCESS",
    "path" : "/Explore/Default",
    "metadata" : {
      "modelVersion" : {
        "major" : 1,
        "minor" : 0
      },
      "repoInfo" : {
        "repoHandle" : "dxhtycotFgpKi9z-gt-15162111-2019-03-07T20:34:59.061Z::pd.xml"
      },
      "objectRefs" : [ ],
      "contextAttributes" : null,
      "additionalInfo" : {
        "description" : "",
        "contentType" : "application/json; charset=utf-8",
        "documentState" : "VALID"
      }
    }
  }, {
    "objectGuid" : "g97P8pbqrUAhKfjtxdQemK",
    "objectName" : "SP-ODMSent-Update",
    "objectType" : "PROCESS",
    "path" : "/Explore/Default",
    "metadata" : {
      "modelVersion" : {
        "major" : 1,
        "minor" : 0
      },
      "repoInfo" : {
        "repoHandle" : "cggaaaaa-gt-320185-2022-07-12T22:47:16.032Z::pd.xml"
      },
      "objectRefs" : [ ],
      "contextAttributes" : null,
      "additionalInfo" : {
        "description" : "",
        "contentType" : "application/json; charset=utf-8",
        "documentState" : "VALID"
      }
    }
  }, {
    "objectGuid" : "9YkWWpFPosUhS3OsAXaYg6",
    "objectName" : "SP-Clinical-Experience-Order-Specimen-Case-Creation",
    "objectType" : "PROCESS",
    "path" : "/Explore/Default",
    "metadata" : {
      "modelVersion" : {
        "major" : 1,
        "minor" : 0
      },
      "repoInfo" : {
        "repoHandle" : "STu0kMVX3cjk91p-gt-15162177-2019-03-07T20:34:59.712Z::pd.xml"
      },
      "objectRefs" : [ ],
      "contextAttributes" : null,
      "additionalInfo" : {
        "description" : "Create Clinical Experience Case for Order Specimen when Age of Specimen is out of criteria",
        "contentType" : "application/json; charset=utf-8",
        "documentState" : "VALID"
      }
    }
  }, {
    "objectGuid" : "h23ij4ngR6wlPif1TnZuWi",
    "objectName" : "SP-OLI-Post-Distribution-Stamping-Primary-Payor",
    "objectType" : "PROCESS",
    "path" : "/Explore/Default",
    "metadata" : {
      "modelVersion" : {
        "major" : 1,
        "minor" : 0
      },
      "repoInfo" : {
        "repoHandle" : "v0CR3aaa-gt-15163377-2019-03-07T20:35:16.346Z::pd.xml"
      },
      "objectRefs" : [ ],
      "contextAttributes" : null,
      "additionalInfo" : {
        "description" : "User Story 117957:FR-PRI-DDS-100-4: Post Distribution Stamping – Primary Payor",
        "contentType" : "application/json; charset=utf-8",
        "documentState" : "VALID"
      }
    }
  }, {
    "objectGuid" : "0gK7ytiGiHXcFLZZ9OIjQJ",
    "objectName" : "CloneOrderRoleOLI",
    "objectType" : "PROCESS",
    "path" : "/Explore/Default",
    "metadata" : {
      "modelVersion" : {
        "major" : 1,
        "minor" : 0
      },
      "repoInfo" : {
        "repoHandle" : "7Hdy8NTYglxbdyp-gt-15164247-2019-03-07T20:35:31.946Z::pd.xml"
      },
      "objectRefs" : [ "1C3Tgbk6yKMeLjD8N8OeeU", "l4srhfOIvKLgD3l4HRWAyQ", "9rhyRDabNHiiDcOu4c64gK", "00BxnsZsoF7hQPCSFvt3i6", "2xPiLVqyfOie2j2k1LHHo6" ],
      "contextAttributes" : null,
      "additionalInfo" : {
        "description" : "",
        "contentType" : "application/json; charset=utf-8",
        "documentState" : "VALID"
      }
    }
  }, {
    "objectGuid" : "5i0D0Ut9VK4f6A7VuV54QY",
    "objectName" : "SP-Missing-Data-Case-Creation",
    "objectType" : "PROCESS",
    "path" : "/Explore/Default",
    "metadata" : {
      "modelVersion" : {
        "major" : 1,
        "minor" : 0
      },
      "repoInfo" : {
        "repoHandle" : "XJvQHqlGwm7iUQb-gt-15163341-2019-03-07T20:35:15.797Z::pd.xml"
      },
      "objectRefs" : [ "3vDpYyhVy7LcdxsQA9pJe4", "j0NaXj1sdiudvdPY9KevUi", "3IrxY7R3gsahEw3qcwj54u", "3mhTr2D70p6fWzcMNx3W2b", "2WZUc8xQZYEe3HSjRj1Pa3", "9rhyRDabNHiiDcOu4c64gK", "eXNPMt0lMOYf98t8HRXMeH" ],
      "contextAttributes" : null,
      "additionalInfo" : {
        "description" : "Create Missing Data Case by validating Order, OLI and Order Role Data when  Order status is moved from non processing to Processing",
        "contentType" : "application/json; charset=utf-8",
        "documentState" : "VALID"
      }
    }
  }, {
    "objectGuid" : "7m107YZtWyDcFKWeghtfMe",
    "objectName" : "ResultsReadyDataMessage",
    "objectType" : "PROCESS_OBJECT",
    "path" : "/Explore/Default",
    "metadata" : {
      "modelVersion" : {
        "major" : 1,
        "minor" : 0
      },
      "repoInfo" : {
        "repoHandle" : "4TsrT2htghGZ5i4-gt-15160690-2019-03-07T20:32:29.887Z::po.xml"
      },
      "objectRefs" : [ ],
      "contextAttributes" : null,
      "additionalInfo" : {
        "description" : "Used for inbound ResultsReady messages",
        "contentType" : "application/json; charset=utf-8",
        "documentState" : "VALID"
      }
    }
  }, {
    "objectGuid" : "2JwOBzuAITvlPcyzsvqhgE",
    "objectName" : "SP-EU-Portal-OrderUpdateV2",
    "objectType" : "PROCESS",
    "path" : "/Explore/Default",
    "metadata" : {
      "modelVersion" : {
        "major" : 1,
        "minor" : 0
      },
      "repoInfo" : {
        "repoHandle" : "Qf4TsrT2htghGZ5-gt-9051564-2021-10-08T22:05:23.693Z::pd.xml"
      },
      "objectRefs" : [ ],
      "contextAttributes" : null,
      "additionalInfo" : {
        "description" : "",
        "contentType" : "application/json; charset=utf-8",
        "documentState" : "VALID"
      }
    }
  }, {
    "objectGuid" : "30Hykgf3e7hjUMYEvAk9Ux",
    "objectName" : "INT-SXDM-Order",
    "objectType" : "PROCESS",
    "path" : "/Explore/Default",
    "metadata" : {
      "modelVersion" : {
        "major" : 1,
        "minor" : 0
      },
      "repoInfo" : {
        "repoHandle" : "Pm74fTlGUGeFRqX-gt-15163521-2019-03-07T20:35:18.672Z::pd.xml"
      },
      "objectRefs" : [ "0gO59yDrat9cMjRRqCzOaO", "kuc9ZZ0b8gJhOHaBiUW86R", "l4srhfOIvKLgD3l4HRWAyQ", "04fR9piQEr8jbmyLWN9SwT", "ceT3eTjFrM1kN4ZlvNV8el", "9rhyRDabNHiiDcOu4c64gK", "aJEWL3m9TPseGtHacKtAgQ" ],
      "contextAttributes" : null,
      "additionalInfo" : {
        "description" : "This will generate the XML Body for Order Node",
        "contentType" : "application/json; charset=utf-8",
        "documentState" : "VALID"
      }
    }
  }, {
    "objectGuid" : "j0NaXj1sdiudvdPY9KevUi",
    "objectName" : "SP-OLI-Missing-Data-Case",
    "objectType" : "PROCESS",
    "path" : "/Explore/Default",
    "metadata" : {
      "modelVersion" : {
        "major" : 1,
        "minor" : 0
      },
      "repoInfo" : {
        "repoHandle" : "BhFIMeINciZBpDU-gt-15161433-2019-03-07T20:34:53.437Z::pd.xml"
      },
      "objectRefs" : [ ],
      "contextAttributes" : null,
      "additionalInfo" : {
        "description" : "Process Order Line Item Data for Missing Data Case",
        "contentType" : "application/json; charset=utf-8",
        "documentState" : "VALID"
      }
    }
  }, {
    "objectGuid" : "5ZFsbWFlPjvcK9zmVRdIE0",
    "objectName" : "INT-SP-ReportIdGenertion",
    "objectType" : "PROCESS",
    "path" : "/Explore/Default",
    "metadata" : {
      "modelVersion" : {
        "major" : 1,
        "minor" : 0
      },
      "repoInfo" : {
        "repoHandle" : "uCckQIW3Ni7A7vN-gt-15162135-2019-03-07T20:34:59.32Z::pd.xml"
      },
      "objectRefs" : [ "l4srhfOIvKLgD3l4HRWAyQ", "9rhyRDabNHiiDcOu4c64gK" ],
      "contextAttributes" : null,
      "additionalInfo" : {
        "description" : "This will generate ReportId on Render and Distribute",
        "contentType" : "application/json; charset=utf-8",
        "documentState" : "VALID"
      }
    }
  }, {
    "objectGuid" : "gNPSjLlVDkGdZAhzkk4fsF",
    "objectName" : "INT-XDM-EU-Portal-OrderMessage-V2",
    "objectType" : "PROCESS",
    "path" : "/Explore/Default",
    "metadata" : {
      "modelVersion" : {
        "major" : 1,
        "minor" : 0
      },
      "repoInfo" : {
        "repoHandle" : "V1FyuRZXDyvs7xv-gt-134814190-2021-10-08T22:06:09.773Z::pd.xml"
      },
      "objectRefs" : [ "hZrix2jvLwggTUkIRB1VYr", "61Fl243TTNVgfl8pXA7JMM", "3vDpYyhVy7LcdxsQA9pJe4", "hYoeYea0NE8cOdnUGoEF6u", "1jouWxHcQeYlt93vHc4wID", "2JwOBzuAITvlPcyzsvqhgE", "6qOgiW0B3sAh0StKXhayoi", "9VtWL8dbxH0kUZfnqBcQeV", "l4srhfOIvKLgD3l4HRWAyQ", "98aSI2EHZ9IeTpUvnGDZar", "9rhyRDabNHiiDcOu4c64gK", "kq8QNb1ORKlh6t99vTizwu", "2q225a6RJCqkRRd33jvuYT" ],
      "contextAttributes" : null,
      "additionalInfo" : {
        "description" : "",
        "contentType" : "application/json; charset=utf-8",
        "documentState" : "VALID"
      }
    }
  }, {
    "objectGuid" : "4Vcc1J06SI1kk2Xn9vIH4w",
    "objectName" : "INT-Process-ResultsReadyData-Message-OLI-Update",
    "objectType" : "PROCESS",
    "path" : "/Explore/Default",
    "metadata" : {
      "modelVersion" : {
        "major" : 1,
        "minor" : 0
      },
      "repoInfo" : {
        "repoHandle" : "jFKbdtqSLlBWlD2-gt-15163551-2019-03-07T20:35:19.158Z::pd.xml"
      },
      "objectRefs" : [ ],
      "contextAttributes" : null,
      "additionalInfo" : {
        "description" : "User Story 115050:FR-PRI-INTEGRATION-101: Results Ready inbound message",
        "contentType" : "application/json; charset=utf-8",
        "documentState" : "VALID"
      }
    }
  }, {
    "objectGuid" : "07WmdXnpQC1kSlLwvlV6Ov",
    "objectName" : "INT-XDM-AdhocDistributeDataMessage",
    "objectType" : "PROCESS",
    "path" : "/Explore/Default",
    "metadata" : {
      "modelVersion" : {
        "major" : 1,
        "minor" : 0
      },
      "repoInfo" : {
        "repoHandle" : "11LOwD0wWcn6Hbf-gt-15162807-2019-03-07T20:35:07.785Z::pd.xml"
      },
      "objectRefs" : [ "kuc9ZZ0b8gJhOHaBiUW86R", "ltcYSqXiM0KbxUkoOD3caj", "04fR9piQEr8jbmyLWN9SwT", "2mesVm98m2aeU4noLBE2qQ", "67Qs1HXaN0QloBXAWJEXW0", "9rhyRDabNHiiDcOu4c64gK", "5aMp2nsUXVxfBISpWR0hQc" ],
      "contextAttributes" : null,
      "additionalInfo" : {
        "description" : "This will construct the main body of AdhocDistributeDataMessage",
        "contentType" : "application/json; charset=utf-8",
        "documentState" : "VALID"
      }
    }
  }, {
    "objectGuid" : "2mesVm98m2aeU4noLBE2qQ",
    "objectName" : "GHI-ESB-MuleSoft-REST",
    "objectType" : "AI_CONNECTION",
    "path" : "/Explore/Default",
    "metadata" : {
      "modelVersion" : {
        "major" : 1,
        "minor" : 0
      },
      "repoInfo" : {
        "repoHandle" : "dtqSLlBWlD2pHAL-gt-133708237-2021-10-08T22:06:05.056Z::conn.xml"
      },
      "objectRefs" : [ ],
      "contextAttributes" : null,
      "additionalInfo" : {
        "description" : "SFDC outbound messages to ESB",
        "contentType" : "application/json; charset=utf-8",
        "documentState" : "VALID"
      }
    }
  }, {
    "objectGuid" : "3gTBtpXtEeviZDN1JtRxOr",
    "objectName" : "SFDC-SOAP-API",
    "objectType" : "AI_CONNECTION",
    "path" : "/Explore/Default",
    "metadata" : {
      "modelVersion" : {
        "major" : 1,
        "minor" : 0
      },
      "repoInfo" : {
        "repoHandle" : "1zSOC074Rpf6JfO-gt-15149995-2019-03-07T20:10:41.839Z::conn.xml"
      },
      "objectRefs" : [ ],
      "contextAttributes" : null,
      "additionalInfo" : {
        "description" : "SFDC SOAP API Connection",
        "contentType" : "application/json; charset=utf-8",
        "documentState" : "VALID"
      }
    }
  }, {
    "objectGuid" : "eXNPMt0lMOYf98t8HRXMeH",
    "objectName" : "SP-Report-Distribution-Hold-Status-Case",
    "objectType" : "PROCESS",
    "path" : "/Explore/Default",
    "metadata" : {
      "modelVersion" : {
        "major" : 1,
        "minor" : 0
      },
      "repoInfo" : {
        "repoHandle" : "98dpgbcggaaaaa-gt-15163539-2019-03-07T20:35:18.969Z::pd.xml"
      },
      "objectRefs" : [ ],
      "contextAttributes" : null,
      "additionalInfo" : {
        "description" : "System shall set the report hold on the Order is any case with Report Hold is created",
        "contentType" : "application/json; charset=utf-8",
        "documentState" : "VALID"
      }
    }
  }, {
    "objectGuid" : "gFOLdWksEgViFOw3N0P5kQ",
    "objectName" : "INT-SXDM-BillingCriteria-MuleSoft",
    "objectType" : "PROCESS",
    "path" : "/Explore/Default",
    "metadata" : {
      "modelVersion" : {
        "major" : 1,
        "minor" : 0
      },
      "repoInfo" : {
        "repoHandle" : "f4fSn8mgaabclvA-gt-133538500-2021-10-08T22:06:17.094Z::pd.xml"
      },
      "objectRefs" : [ ],
      "contextAttributes" : null,
      "additionalInfo" : {
        "description" : "This will generate the XML Body for TestCriteria Node",
        "contentType" : "application/json; charset=utf-8",
        "documentState" : "VALID"
      }
    }
  }, {
    "objectGuid" : "5YTJCn3JA81eWE750m9VoN",
    "objectName" : "INT-Process-DistributionEvent-Message-Result-Update",
    "objectType" : "PROCESS",
    "path" : "/Explore/Default",
    "metadata" : {
      "modelVersion" : {
        "major" : 1,
        "minor" : 0
      },
      "repoInfo" : {
        "repoHandle" : "k9ZmtK9hCHbf2XZ-gt-15163785-2019-03-07T20:35:23.172Z::pd.xml"
      },
      "objectRefs" : [ ],
      "contextAttributes" : null,
      "additionalInfo" : {
        "description" : "User Story 115050:FR-PRI-INTEGRATION-101: Results Ready inbound message",
        "contentType" : "application/json; charset=utf-8",
        "documentState" : "VALID"
      }
    }
  }, {
    "objectGuid" : "9p3cHbqmMrAbqt9fJX09gJ",
    "objectName" : "SP-SFDC-SOAP-Query-RequestResponse",
    "objectType" : "PROCESS",
    "path" : "/Explore/Default",
    "metadata" : {
      "modelVersion" : {
        "major" : 1,
        "minor" : 0
      },
      "repoInfo" : {
        "repoHandle" : "ImiVhC2g0aaaaaa-gt-133538574-2021-10-08T22:06:17.558Z::pd.xml"
      },
      "objectRefs" : [ ],
      "contextAttributes" : null,
      "additionalInfo" : {
        "description" : "",
        "contentType" : "application/json; charset=utf-8",
        "documentState" : "VALID"
      }
    }
  }, {
    "objectGuid" : "8u3ywHK6lOahh2Zk7ArEyS",
    "objectName" : "SP-NY-Specimen-Issue-Case-Creation",
    "objectType" : "PROCESS",
    "path" : "/Explore/Default",
    "metadata" : {
      "modelVersion" : {
        "major" : 1,
        "minor" : 0
      },
      "repoInfo" : {
        "repoHandle" : "uFyhNzUzeA8rJ4p-gt-18465117-2023-05-11T23:41:07.632Z::pd.xml"
      },
      "objectRefs" : [ "3vDpYyhVy7LcdxsQA9pJe4", "9rhyRDabNHiiDcOu4c64gK" ],
      "contextAttributes" : null,
      "additionalInfo" : {
        "description" : "User Story 304584:FR-CASE-NYSPECIMEN-100-1,FR-CASE-NYSPECIMEN-100-2,FR-CASE-NYSPECIMEN-100-3: Results Ready inbound message",
        "contentType" : "application/json; charset=utf-8",
        "documentState" : "INVALID"
      }
    }
  }, {
    "objectGuid" : "1upNtL0yc2OjScllDkiZIg",
    "objectName" : "INT-SXDM-Order-MuleSoft",
    "objectType" : "PROCESS",
    "path" : "/Explore/Default",
    "metadata" : {
      "modelVersion" : {
        "major" : 1,
        "minor" : 0
      },
      "repoInfo" : {
        "repoHandle" : "w6S3wOLIFvukNXH-gt-133536099-2021-10-08T22:06:07.359Z::pd.xml"
      },
      "objectRefs" : [ "hKDqbo3Ewielx4g6iSMfuq", "0uQ39B4cuzSlROAovEV3CW", "kuc9ZZ0b8gJhOHaBiUW86R", "l4srhfOIvKLgD3l4HRWAyQ", "2mesVm98m2aeU4noLBE2qQ", "ceT3eTjFrM1kN4ZlvNV8el", "9rhyRDabNHiiDcOu4c64gK" ],
      "contextAttributes" : null,
      "additionalInfo" : {
        "description" : "This will generate the XML Body for Order Node",
        "contentType" : "application/json; charset=utf-8",
        "documentState" : "VALID"
      }
    }
  }, {
    "objectGuid" : "hZrix2jvLwggTUkIRB1VYr",
    "objectName" : "INT-EU-Portal-GetOrderNumber-V2",
    "objectType" : "PROCESS",
    "path" : "/Explore/Default",
    "metadata" : {
      "modelVersion" : {
        "major" : 1,
        "minor" : 0
      },
      "repoInfo" : {
        "repoHandle" : "G4abbfOC2XZPnE2-gt-9052361-2021-10-08T22:06:15.518Z::pd.xml"
      },
      "objectRefs" : [ ],
      "contextAttributes" : null,
      "additionalInfo" : {
        "description" : "",
        "contentType" : "application/json; charset=utf-8",
        "documentState" : "VALID"
      }
    }
  }, {
    "objectGuid" : "7mhPvdhlOGhlzN8w5eEwgD",
    "objectName" : "SP-OLI-Earliest-Date-Of-Collection",
    "objectType" : "PROCESS",
    "path" : "/Explore/Default",
    "metadata" : {
      "modelVersion" : {
        "major" : 1,
        "minor" : 0
      },
      "repoInfo" : {
        "repoHandle" : "uBVYlkeN8jIw8jI-gt-15161817-2019-03-07T20:34:56.338Z::pd.xml"
      },
      "objectRefs" : [ ],
      "contextAttributes" : null,
      "additionalInfo" : {
        "description" : "System shall populate earliest Date of Collection amongst all the order specimens associated to the OLI.\n\nUS124314 FR-ODE-DDS-100-55",
        "contentType" : "application/json; charset=utf-8",
        "documentState" : "VALID"
      }
    }
  }, {
    "objectGuid" : "9QxVjzwmoi2fiIUUuq6tmq",
    "objectName" : "SP-EU-Portal-EstimatedReportDate",
    "objectType" : "PROCESS",
    "path" : "/Explore/Default",
    "metadata" : {
      "modelVersion" : {
        "major" : 1,
        "minor" : 0
      },
      "repoInfo" : {
        "repoHandle" : "ONhsJlv58pIO3M4-gt-15164133-2019-03-07T20:35:29.645Z::pd.xml"
      },
      "objectRefs" : [ ],
      "contextAttributes" : null,
      "additionalInfo" : {
        "description" : "US#146437: Estimated report date calculation per rule FR-LAB-DDS-100-59-1",
        "contentType" : "application/json; charset=utf-8",
        "documentState" : "VALID"
      }
    }
  }, {
    "objectGuid" : "3Uym4CXKe4Xhx3p7oZ3hIr",
    "objectName" : "INT-SXDM-TestCriteria-MuleSoft",
    "objectType" : "PROCESS",
    "path" : "/Explore/Default",
    "metadata" : {
      "modelVersion" : {
        "major" : 1,
        "minor" : 0
      },
      "repoInfo" : {
        "repoHandle" : "sIGSM8NciZBpDUQ-gt-134713154-2021-10-08T22:06:13.292Z::pd.xml"
      },
      "objectRefs" : [ ],
      "contextAttributes" : null,
      "additionalInfo" : {
        "description" : "This will generate the XML Body for TestCriteria Node",
        "contentType" : "application/json; charset=utf-8",
        "documentState" : "VALID"
      }
    }
  }, {
    "objectGuid" : "e6ugabC5b2ojlpDYUPjmuA",
    "objectName" : "INT-XDM-CaseToStarlims-CaseDataMessage",
    "objectType" : "PROCESS",
    "path" : "/Explore/Default",
    "metadata" : {
      "modelVersion" : {
        "major" : 1,
        "minor" : 0
      },
      "repoInfo" : {
        "repoHandle" : "lnMQoPVm5Y6tMFy-gt-15164211-2019-03-07T20:35:31.179Z::pd.xml"
      },
      "objectRefs" : [ "ltcYSqXiM0KbxUkoOD3caj", "04fR9piQEr8jbmyLWN9SwT", "2mesVm98m2aeU4noLBE2qQ", "9rhyRDabNHiiDcOu4c64gK" ],
      "contextAttributes" : null,
      "additionalInfo" : {
        "description" : "System shall send a case message to starlims when certain conditions meet",
        "contentType" : "application/json; charset=utf-8",
        "documentState" : "VALID"
      }
    }
  }, {
    "objectGuid" : "5K79atOfKt6cDLU7mtK3CZ",
    "objectName" : "INT-Process-ResultsReadyData-Message",
    "objectType" : "PROCESS",
    "path" : "/Explore/Default",
    "metadata" : {
      "modelVersion" : {
        "major" : 1,
        "minor" : 0
      },
      "repoInfo" : {
        "repoHandle" : "BPWrRfRW8UBM7zs-gt-15162723-2019-03-07T20:35:06.744Z::pd.xml"
      },
      "objectRefs" : [ "7m107YZtWyDcFKWeghtfMe", "l4srhfOIvKLgD3l4HRWAyQ", "4Vcc1J06SI1kk2Xn9vIH4w", "9rhyRDabNHiiDcOu4c64gK", "aD2VpDJ4M8DgeidstzrPaB", "2mD8LHjw9K2kQ4fX1Hx56V" ],
      "contextAttributes" : null,
      "additionalInfo" : {
        "description" : "User Story 115050:FR-PRI-INTEGRATION-101: Results Ready inbound message",
        "contentType" : "application/json; charset=utf-8",
        "documentState" : "VALID"
      }
    }
  }, {
    "objectGuid" : "0uQ39B4cuzSlROAovEV3CW",
    "objectName" : "INT-SXDM-OrderRole-MuleSoft",
    "objectType" : "PROCESS",
    "path" : "/Explore/Default",
    "metadata" : {
      "modelVersion" : {
        "major" : 1,
        "minor" : 0
      },
      "repoInfo" : {
        "repoHandle" : "EqclNE6Eaaaaaaa-gt-133538249-2021-10-08T22:06:16.492Z::pd.xml"
      },
      "objectRefs" : [ "2mesVm98m2aeU4noLBE2qQ", "9rhyRDabNHiiDcOu4c64gK" ],
      "contextAttributes" : null,
      "additionalInfo" : {
        "description" : "This will generate the XML Body for OrderRole Node",
        "contentType" : "application/json; charset=utf-8",
        "documentState" : "VALID"
      }
    }
  }, {
    "objectGuid" : "1Dwd70qj2IOcfq3sEVloEf",
    "objectName" : "INT-EU-Portal-SXDM-SpecimenCriteria",
    "objectType" : "PROCESS",
    "path" : "/Explore/Default",
    "metadata" : {
      "modelVersion" : {
        "major" : 1,
        "minor" : 0
      },
      "repoInfo" : {
        "repoHandle" : "XlQNOQoVVVVVVVV-gt-305667620-2020-02-06T10:27:52.801Z::pd.xml"
      },
      "objectRefs" : [ ],
      "contextAttributes" : null,
      "additionalInfo" : {
        "description" : "",
        "contentType" : "application/json; charset=utf-8",
        "documentState" : "VALID"
      }
    }
  }, {
    "objectGuid" : "8LBmXoa8YoPk5bzQAjRgcR",
    "objectName" : "SP-EU-Portal-OrderRole-Delegate-Association",
    "objectType" : "PROCESS",
    "path" : "/Explore/Default",
    "metadata" : {
      "modelVersion" : {
        "major" : 1,
        "minor" : 0
      },
      "repoInfo" : {
        "repoHandle" : "jH4oDdvrTdtqSLl-gt-15162975-2019-03-07T20:35:10.159Z::pd.xml"
      },
      "objectRefs" : [ "hYoeYea0NE8cOdnUGoEF6u", "9rhyRDabNHiiDcOu4c64gK" ],
      "contextAttributes" : null,
      "additionalInfo" : {
        "description" : "",
        "contentType" : "application/json; charset=utf-8",
        "documentState" : "VALID"
      }
    }
  }, {
    "objectGuid" : "5V9rGjxjYivkNTCj8qor4H",
    "objectName" : "DistributionEventMessage",
    "objectType" : "PROCESS_OBJECT",
    "path" : "/Explore/Default",
    "metadata" : {
      "modelVersion" : {
        "major" : 1,
        "minor" : 0
      },
      "repoInfo" : {
        "repoHandle" : "Pq3xgjATO9pH8sV-gt-15160816-2019-03-07T20:32:30.665Z::po.xml"
      },
      "objectRefs" : [ ],
      "contextAttributes" : null,
      "additionalInfo" : {
        "description" : "The DistributionEventMessageProcess Object represents a logical representation of the hierarchical outbound XML message, comprising multiple levels of embedded Process Object lists.  Please note: if a fieldname is prefixed with an @ symbol, it means the field is an attribute of the process object element.",
        "contentType" : "application/json; charset=utf-8",
        "documentState" : "VALID"
      }
    }
  }, {
    "objectGuid" : "3orTZUqwesZhhN6oMu9jmt",
    "objectName" : "SpecimenDataMessage",
    "objectType" : "PROCESS_OBJECT",
    "path" : "/Explore/Default",
    "metadata" : {
      "modelVersion" : {
        "major" : 1,
        "minor" : 0
      },
      "repoInfo" : {
        "repoHandle" : "1XmgaabclvAhrsw-gt-15160684-2019-03-07T20:32:29.85Z::po.xml"
      },
      "objectRefs" : [ ],
      "contextAttributes" : null,
      "additionalInfo" : {
        "description" : "Process object for SpecimenDataMessage",
        "contentType" : "application/json; charset=utf-8",
        "documentState" : "VALID"
      }
    }
  }, {
    "objectGuid" : "1BYXentRMjvbdDnC96xFmF",
    "objectName" : "INT-SXDM-BillingCriteria",
    "objectType" : "PROCESS",
    "path" : "/Explore/Default",
    "metadata" : {
      "modelVersion" : {
        "major" : 1,
        "minor" : 0
      },
      "repoInfo" : {
        "repoHandle" : "fRLdqcgm8lnCmp6-gt-15162645-2019-03-07T20:35:05.708Z::pd.xml"
      },
      "objectRefs" : [ ],
      "contextAttributes" : null,
      "additionalInfo" : {
        "description" : "This will generate the XML Body for TestCriteria Node",
        "contentType" : "application/json; charset=utf-8",
        "documentState" : "VALID"
      }
    }
  }, {
    "objectGuid" : "2xPiLVqyfOie2j2k1LHHo6",
    "objectName" : "Update Cloned Order Fields",
    "objectType" : "PROCESS",
    "path" : "/Explore/Default",
    "metadata" : {
      "modelVersion" : {
        "major" : 1,
        "minor" : 0
      },
      "repoInfo" : {
        "repoHandle" : "6MlRoPzjlybduaa-gt-15163029-2019-03-07T20:35:10.925Z::pd.xml"
      },
      "objectRefs" : [ ],
      "contextAttributes" : null,
      "additionalInfo" : {
        "description" : "",
        "contentType" : "application/json; charset=utf-8",
        "documentState" : "VALID"
      }
    }
  }, {
    "objectGuid" : "0gO59yDrat9cMjRRqCzOaO",
    "objectName" : "INT-SXDM-OrderRole",
    "objectType" : "PROCESS",
    "path" : "/Explore/Default",
    "metadata" : {
      "modelVersion" : {
        "major" : 1,
        "minor" : 0
      },
      "repoInfo" : {
        "repoHandle" : "Vq4pciZBpDUQbgd-gt-15161337-2019-03-07T20:34:52.763Z::pd.xml"
      },
      "objectRefs" : [ "04fR9piQEr8jbmyLWN9SwT", "9rhyRDabNHiiDcOu4c64gK" ],
      "contextAttributes" : null,
      "additionalInfo" : {
        "description" : "This will generate the XML Body for OrderRole Node",
        "contentType" : "application/json; charset=utf-8",
        "documentState" : "VALID"
      }
    }
  }, {
    "objectGuid" : "649ZOUGzrtwgbYP5Ulv9sS",
    "objectName" : "INT-Process-DistributionEvent-Message",
    "objectType" : "PROCESS",
    "path" : "/Explore/Default",
    "metadata" : {
      "modelVersion" : {
        "major" : 1,
        "minor" : 0
      },
      "repoInfo" : {
        "repoHandle" : "4XUxQ2Tp5OjG4ab-gt-15161985-2019-03-07T20:34:57.893Z::pd.xml"
      },
      "objectRefs" : [ "awWgtuRDrfyj0bKOP6GV0E", "5V9rGjxjYivkNTCj8qor4H", "5YTJCn3JA81eWE750m9VoN", "l4srhfOIvKLgD3l4HRWAyQ", "9rhyRDabNHiiDcOu4c64gK" ],
      "contextAttributes" : null,
      "additionalInfo" : {
        "description" : "117959:FR-PRI-INTEGRATION-102: Distribution Event Inbound Message",
        "contentType" : "application/json; charset=utf-8",
        "documentState" : "VALID"
      }
    }
  }, {
    "objectGuid" : "ltcYSqXiM0KbxUkoOD3caj",
    "objectName" : "ER-Get GHI Integration Retry Settings",
    "objectType" : "PROCESS",
    "path" : "/Explore/Default",
    "metadata" : {
      "modelVersion" : {
        "major" : 1,
        "minor" : 0
      },
      "repoInfo" : {
        "repoHandle" : "up3yD7tyGoQwg74-gt-15164013-2019-03-07T20:35:27.335Z::pd.xml"
      },
      "objectRefs" : [ ],
      "contextAttributes" : null,
      "additionalInfo" : {
        "description" : "Get Informatica Cloud Retry setting",
        "contentType" : "application/json; charset=utf-8",
        "documentState" : "VALID"
      }
    }
  }, {
    "objectGuid" : "3vDpYyhVy7LcdxsQA9pJe4",
    "objectName" : "SP-Create-Case-With-Given-Data",
    "objectType" : "PROCESS",
    "path" : "/Explore/Default",
    "metadata" : {
      "modelVersion" : {
        "major" : 1,
        "minor" : 0
      },
      "repoInfo" : {
        "repoHandle" : "BPWrRfRW8UBM7zs-gt-15162711-2019-03-07T20:35:06.544Z::pd.xml"
      },
      "objectRefs" : [ ],
      "contextAttributes" : null,
      "additionalInfo" : {
        "description" : "Common Subprocess to Create Case with given data",
        "contentType" : "application/json; charset=utf-8",
        "documentState" : "VALID"
      }
    }
  }, {
    "objectGuid" : "3IrxY7R3gsahEw3qcwj54u",
    "objectName" : "SP-Order-Role-Missing-Data-Case",
    "objectType" : "PROCESS",
    "path" : "/Explore/Default",
    "metadata" : {
      "modelVersion" : {
        "major" : 1,
        "minor" : 0
      },
      "repoInfo" : {
        "repoHandle" : "XG01BchMYeOm6S6-gt-15161481-2019-03-07T20:34:53.803Z::pd.xml"
      },
      "objectRefs" : [ ],
      "contextAttributes" : null,
      "additionalInfo" : {
        "description" : "Process Order Role Data for Missing Data Case",
        "contentType" : "application/json; charset=utf-8",
        "documentState" : "VALID"
      }
    }
  }, {
    "objectGuid" : "9dzl7TBQ6yEji2ReUjnGMY",
    "objectName" : "SP-Update-Case-Billing-Message",
    "objectType" : "PROCESS",
    "path" : "/Explore/Default",
    "metadata" : {
      "modelVersion" : {
        "major" : 1,
        "minor" : 0
      },
      "repoInfo" : {
        "repoHandle" : "11LOwD0wWcn6Hbf-gt-15162759-2019-03-07T20:35:07.185Z::pd.xml"
      },
      "objectRefs" : [ ],
      "contextAttributes" : null,
      "additionalInfo" : {
        "description" : "Updates Case Transmission Status",
        "contentType" : "application/json; charset=utf-8",
        "documentState" : "VALID"
      }
    }
  }, {
    "objectGuid" : "jR9U0EJZeiMdpPsE4STmew",
    "objectName" : "INT-XDM-SpecimenMessage",
    "objectType" : "PROCESS",
    "path" : "/Explore/Default",
    "metadata" : {
      "modelVersion" : {
        "major" : 1,
        "minor" : 0
      },
      "repoInfo" : {
        "repoHandle" : "cgqRQciSrZMSPfX-gt-15162567-2019-03-07T20:35:04.703Z::pd.xml"
      },
      "objectRefs" : [ "kr8L0kMWQKLbTnpYVoHUAy", "83HH1qeIlGNlg41WMQg5EM", "fHo2ItZ6DavkMXoYj2Q7YW", "3eq5NgFbC46hTlupdrKRWQ", "2hyxxBVnbeMglnaiWWSka9", "9YkWWpFPosUhS3OsAXaYg6", "7mhPvdhlOGhlzN8w5eEwgD", "h23ij4ngR6wlPif1TnZuWi", "dmNxQJZKZEQeTZfMAe518T", "9QxVjzwmoi2fiIUUuq6tmq", "8EFw5sQeMfYgBJShFgqXy9", "5wBnrf58tgKkMf9sMKChCB", "9rhyRDabNHiiDcOu4c64gK", "eokSpNvDUU2lBjBrCSIIAZ", "4bQYiCnM4yYiyWfIqUcAKp", "1T9rMbogutEfhF0cbO4qCF" ],
      "contextAttributes" : null,
      "additionalInfo" : {
        "description" : "User Story 116190:FR-LAB-INTEGRATION-100-8: Order Specimen inbound message (Order Specimen and OS OLI records creation)",
        "contentType" : "application/json; charset=utf-8",
        "documentState" : "VALID"
      }
    }
  }, {
    "objectGuid" : "kq8QNb1ORKlh6t99vTizwu",
    "objectName" : "SP-EU-Portal-MultiplePrimaries-Update-V2",
    "objectType" : "PROCESS",
    "path" : "/Explore/Default",
    "metadata" : {
      "modelVersion" : {
        "major" : 1,
        "minor" : 0
      },
      "repoInfo" : {
        "repoHandle" : "idvrTdtqSLlBWlD-gt-8867425-2021-10-08T22:05:14.143Z::pd.xml"
      },
      "objectRefs" : [ ],
      "contextAttributes" : null,
      "additionalInfo" : {
        "description" : "",
        "contentType" : "application/json; charset=utf-8",
        "documentState" : "VALID"
      }
    }
  }, {
    "objectGuid" : "kVa44e4MKYsedUmM6xp0Mi",
    "objectName" : "INT-MP-Send-Billing-Message-Main",
    "objectType" : "PROCESS",
    "path" : "/Explore/Default",
    "metadata" : {
      "modelVersion" : {
        "major" : 1,
        "minor" : 0
      },
      "repoInfo" : {
        "repoHandle" : "1huaa-gt-15163407-2019-03-07T20:35:16.843Z::pd.xml"
      },
      "objectRefs" : [ "9dzl7TBQ6yEji2ReUjnGMY", "ltcYSqXiM0KbxUkoOD3caj", "1upNtL0yc2OjScllDkiZIg", "04fR9piQEr8jbmyLWN9SwT", "2mesVm98m2aeU4noLBE2qQ", "9rhyRDabNHiiDcOu4c64gK", "1T9rMbogutEfhF0cbO4qCF" ],
      "contextAttributes" : null,
      "additionalInfo" : {
        "description" : "Main Process to initiate Integration Processing for sending the outbound Billing Data Message",
        "contentType" : "application/json; charset=utf-8",
        "documentState" : "VALID"
      }
    }
  }, {
    "objectGuid" : "hKDqbo3Ewielx4g6iSMfuq",
    "objectName" : "INT-SXDM-OrderLineItem-MuleSoft",
    "objectType" : "PROCESS",
    "path" : "/Explore/Default",
    "metadata" : {
      "modelVersion" : {
        "major" : 1,
        "minor" : 0
      },
      "repoInfo" : {
        "repoHandle" : "2H0Fdw8jIw8jIw8-gt-134815129-2021-10-08T22:06:17.857Z::pd.xml"
      },
      "objectRefs" : [ "3Uym4CXKe4Xhx3p7oZ3hIr", "2mesVm98m2aeU4noLBE2qQ", "9rhyRDabNHiiDcOu4c64gK", "ceT3eTjFrM1kN4ZlvNV8el", "gFOLdWksEgViFOw3N0P5kQ" ],
      "contextAttributes" : null,
      "additionalInfo" : {
        "description" : "This will generate the XML Body for OrderLineItem Node",
        "contentType" : "application/json; charset=utf-8",
        "documentState" : "VALID"
      }
    }
  }, {
    "objectGuid" : "2FXONxTvUMYd3s2dfdimmi",
    "objectName" : "INT-SP-QueryResponseMessage",
    "objectType" : "PROCESS",
    "path" : "/Explore/Default",
    "metadata" : {
      "modelVersion" : {
        "major" : 1,
        "minor" : 0
      },
      "repoInfo" : {
        "repoHandle" : "O47EkWoKeERhKGX-gt-15163209-2019-03-07T20:35:13.647Z::pd.xml"
      },
      "objectRefs" : [ "0EHT7Yh1ssIcNV3nLTqv8e", "ltcYSqXiM0KbxUkoOD3caj", "04fR9piQEr8jbmyLWN9SwT", "9rhyRDabNHiiDcOu4c64gK" ],
      "contextAttributes" : null,
      "additionalInfo" : {
        "description" : "Send Outbound Material Return Address Query Response Message",
        "contentType" : "application/json; charset=utf-8",
        "documentState" : "VALID"
      }
    }
  }, {
    "objectGuid" : "aHMzYu3ROJKfFJdfkGvLYB",
    "objectName" : "INT-Process-SpecimenResultMessage-Order-Update",
    "objectType" : "PROCESS",
    "path" : "/Explore/Default",
    "metadata" : {
      "modelVersion" : {
        "major" : 1,
        "minor" : 0
      },
      "repoInfo" : {
        "repoHandle" : "1dq2ME9paabdqpw-gt-30187336-2023-01-26T20:47:49.85Z::pd.xml"
      },
      "objectRefs" : [ "8u3ywHK6lOahh2Zk7ArEyS" ],
      "contextAttributes" : null,
      "additionalInfo" : {
        "description" : "User Story 115050:FR-PRI-INTEGRATION-101: Results Ready inbound message\n\nUser Story 304584:FR-CASE-NYSPECIMEN-100-1,FR-CASE-NYSPECIMEN-100-2,FR-CASE-NYSPECIMEN-100-3: Results Ready inbound message",
        "contentType" : "application/json; charset=utf-8",
        "documentState" : "VALID"
      }
    }
  }, {
    "objectGuid" : "2hyxxBVnbeMglnaiWWSka9",
    "objectName" : "INT-XDM-EU-Portal-ProcessedOrderDataMessage",
    "objectType" : "PROCESS",
    "path" : "/Explore/Default",
    "metadata" : {
      "modelVersion" : {
        "major" : 1,
        "minor" : 0
      },
      "repoInfo" : {
        "repoHandle" : "wnHUPAZf5kck8jK-gt-15162615-2019-03-07T20:35:05.336Z::pd.xml"
      },
      "objectRefs" : [ "ej9lyMWMmkQg4LtHeI7P0K", "l4srhfOIvKLgD3l4HRWAyQ", "04fR9piQEr8jbmyLWN9SwT", "2mesVm98m2aeU4noLBE2qQ", "9rhyRDabNHiiDcOu4c64gK" ],
      "contextAttributes" : null,
      "additionalInfo" : {
        "description" : "This will construct the main body of OrderDataMessage",
        "contentType" : "application/json; charset=utf-8",
        "documentState" : "INVALID"
      }
    }
  }, {
    "objectGuid" : "8EFw5sQeMfYgBJShFgqXy9",
    "objectName" : "SP-WorkOrder-Status",
    "objectType" : "PROCESS",
    "path" : "/Explore/Default",
    "metadata" : {
      "modelVersion" : {
        "major" : 1,
        "minor" : 0
      },
      "repoInfo" : {
        "repoHandle" : "857V5x8iaaabbeJ-gt-15163887-2019-03-07T20:35:24.95Z::pd.xml"
      },
      "objectRefs" : [ ],
      "contextAttributes" : null,
      "additionalInfo" : {
        "description" : "User Story 116165:FR-LAB-WOS-100-2: Work Order Status – Processing and Cancellation",
        "contentType" : "application/json; charset=utf-8",
        "documentState" : "VALID"
      }
    }
  }, {
    "objectGuid" : "6qOgiW0B3sAh0StKXhayoi",
    "objectName" : "EU-Portal-OrderMessage",
    "objectType" : "AI_CONNECTION",
    "path" : "/Explore/Default",
    "metadata" : {
      "modelVersion" : {
        "major" : 1,
        "minor" : 0
      },
      "repoInfo" : {
        "repoHandle" : "YWiaaa-gt-15149989-2019-03-07T20:10:41.811Z::conn.xml"
      },
      "objectRefs" : [ ],
      "contextAttributes" : null,
      "additionalInfo" : {
        "description" : "",
        "contentType" : "application/json; charset=utf-8",
        "documentState" : "VALID"
      }
    }
  }, {
    "objectGuid" : "5wBnrf58tgKkMf9sMKChCB",
    "objectName" : "SP-SA-Case-AutoDetermination",
    "objectType" : "PROCESS",
    "path" : "/Explore/Default",
    "metadata" : {
      "modelVersion" : {
        "major" : 1,
        "minor" : 0
      },
      "repoInfo" : {
        "repoHandle" : "O47EkWoKeERhKGX-gt-15163143-2019-03-07T20:35:12.647Z::pd.xml"
      },
      "objectRefs" : [ "l4srhfOIvKLgD3l4HRWAyQ", "9rhyRDabNHiiDcOu4c64gK", "5DVmfKd6l63ekKjqYEyzcP" ],
      "contextAttributes" : null,
      "additionalInfo" : {
        "description" : "US116191: FR-LAB-DDS-100-12: SA Case auto-determination on Specimen",
        "contentType" : "application/json; charset=utf-8",
        "documentState" : "VALID"
      }
    }
  }, {
    "objectGuid" : "27wNpX1f5yUelfC3vekKis",
    "objectName" : "Default",
    "objectType" : "Project",
    "path" : "/Explore",
    "metadata" : {
      "modelVersion" : {
        "major" : 0,
        "minor" : 0
      },
      "repoInfo" : null,
      "objectRefs" : [ ],
      "contextAttributes" : [ {
        "name" : "IS_DEF_LOC",
        "value" : "true"
      } ],
      "additionalInfo" : {
        "description" : "Auto-generated Default Project",
        "contentType" : null,
        "documentState" : "COMPLETE"
      }
    }
  }, {
    "objectGuid" : "67Qs1HXaN0QloBXAWJEXW0",
    "objectName" : "INT-SXDM-OrderRole-AdHoc-Mulesoft",
    "objectType" : "PROCESS",
    "path" : "/Explore/Default",
    "metadata" : {
      "modelVersion" : {
        "major" : 1,
        "minor" : 0
      },
      "repoInfo" : {
        "repoHandle" : "i3vJ4rswVYx8R8W-gt-172920829-2021-10-14T21:31:47.137Z::pd.xml"
      },
      "objectRefs" : [ "2mesVm98m2aeU4noLBE2qQ", "9rhyRDabNHiiDcOu4c64gK" ],
      "contextAttributes" : null,
      "additionalInfo" : {
        "description" : "This will generate the XML Body for OrderRole Node",
        "contentType" : "application/json; charset=utf-8",
        "documentState" : "VALID"
      }
    }
  }, {
    "objectGuid" : "aD2VpDJ4M8DgeidstzrPaB",
    "objectName" : "INT-Process-ResultsReadyData-Message-WOLI-Update",
    "objectType" : "PROCESS",
    "path" : "/Explore/Default",
    "metadata" : {
      "modelVersion" : {
        "major" : 1,
        "minor" : 0
      },
      "repoInfo" : {
        "repoHandle" : "jxFeN8jIw8jIw8j-gt-15163899-2019-03-07T20:35:25.154Z::pd.xml"
      },
      "objectRefs" : [ ],
      "contextAttributes" : null,
      "additionalInfo" : {
        "description" : "User Story 115050:FR-PRI-INTEGRATION-101: Results Ready inbound message",
        "contentType" : "application/json; charset=utf-8",
        "documentState" : "VALID"
      }
    }
  }, {
    "objectGuid" : "5aMp2nsUXVxfBISpWR0hQc",
    "objectName" : "INT-SXDM-OrderRole-AdHoc",
    "objectType" : "PROCESS",
    "path" : "/Explore/Default",
    "metadata" : {
      "modelVersion" : {
        "major" : 1,
        "minor" : 0
      },
      "repoInfo" : {
        "repoHandle" : "FwIciQlBWlD2pHA-gt-15162591-2019-03-07T20:35:05.051Z::pd.xml"
      },
      "objectRefs" : [ "04fR9piQEr8jbmyLWN9SwT", "9rhyRDabNHiiDcOu4c64gK" ],
      "contextAttributes" : null,
      "additionalInfo" : {
        "description" : "This will generate the XML Body for OrderRole Node",
        "contentType" : "application/json; charset=utf-8",
        "documentState" : "VALID"
      }
    }
  }, {
    "objectGuid" : "00BxnsZsoF7hQPCSFvt3i6",
    "objectName" : "Query OLI",
    "objectType" : "PROCESS",
    "path" : "/Explore/Default",
    "metadata" : {
      "modelVersion" : {
        "major" : 1,
        "minor" : 0
      },
      "repoInfo" : {
        "repoHandle" : "dqDdvrTdtqSLlBW-gt-15163893-2019-03-07T20:35:25.052Z::pd.xml"
      },
      "objectRefs" : [ ],
      "contextAttributes" : null,
      "additionalInfo" : {
        "description" : "",
        "contentType" : "application/json; charset=utf-8",
        "documentState" : "VALID"
      }
    }
  }, {
    "objectGuid" : "1C3Tgbk6yKMeLjD8N8OeeU",
    "objectName" : "Clone Order Role Sub Process",
    "objectType" : "PROCESS",
    "path" : "/Explore/Default",
    "metadata" : {
      "modelVersion" : {
        "major" : 1,
        "minor" : 0
      },
      "repoInfo" : {
        "repoHandle" : "8NpET1cnFKi9zhF-gt-15161643-2019-03-07T20:34:54.957Z::pd.xml"
      },
      "objectRefs" : [ "2bsd1OmfnubhKpihoIw7S5", "l4srhfOIvKLgD3l4HRWAyQ", "9rhyRDabNHiiDcOu4c64gK" ],
      "contextAttributes" : null,
      "additionalInfo" : {
        "description" : "",
        "contentType" : "application/json; charset=utf-8",
        "documentState" : "VALID"
      }
    }
  }, {
    "objectGuid" : "fHo2ItZ6DavkMXoYj2Q7YW",
    "objectName" : "SP-Specimen-Issue-Case-Creation",
    "objectType" : "PROCESS",
    "path" : "/Explore/Default",
    "metadata" : {
      "modelVersion" : {
        "major" : 1,
        "minor" : 0
      },
      "repoInfo" : {
        "repoHandle" : "uSVMTonQYWeIssj-gt-15161925-2019-03-07T20:34:57.327Z::pd.xml"
      },
      "objectRefs" : [ ],
      "contextAttributes" : null,
      "additionalInfo" : {
        "description" : "Sub Process to Create Specimen Issue case  upon creation of order specimen",
        "contentType" : "application/json; charset=utf-8",
        "documentState" : "VALID"
      }
    }
  }, {
    "objectGuid" : "kuc9ZZ0b8gJhOHaBiUW86R",
    "objectName" : "SP-Order-Populate-LabSite-OutboundMessage-Update",
    "objectType" : "PROCESS",
    "path" : "/Explore/Default",
    "metadata" : {
      "modelVersion" : {
        "major" : 1,
        "minor" : 0
      },
      "repoInfo" : {
        "repoHandle" : "ytRBjISUXL86zqz-gt-172707968-2021-10-14T21:31:49.391Z::pd.xml"
      },
      "objectRefs" : [ ],
      "contextAttributes" : null,
      "additionalInfo" : {
        "description" : "US 244996 : [OM] GLab- Autopopulate Lab Site ID on Order before sending any outbound message\nSRS-0043 ODE:  FR-ODE-DDS-100-85",
        "contentType" : "application/json; charset=utf-8",
        "documentState" : "VALID"
      }
    }
  }, {
    "objectGuid" : "doCwGn0IUuNkmsOoVyrFEx",
    "objectName" : "INT-Process-EU-Portal-OrderSpecimenRetrievalUpdate V2",
    "objectType" : "PROCESS",
    "path" : "/Explore/Default",
    "metadata" : {
      "modelVersion" : {
        "major" : 1,
        "minor" : 0
      },
      "repoInfo" : {
        "repoHandle" : "p6oIuQaaabcmnBt-gt-133708704-2021-10-08T22:06:11.243Z::pd.xml"
      },
      "objectRefs" : [ "3vDpYyhVy7LcdxsQA9pJe4", "6qOgiW0B3sAh0StKXhayoi", "9rhyRDabNHiiDcOu4c64gK" ],
      "contextAttributes" : null,
      "additionalInfo" : {
        "description" : "",
        "contentType" : "application/json; charset=utf-8",
        "documentState" : "VALID"
      }
    }
  }, {
    "objectGuid" : "hGuORobbfKCcJNzGj8vtyX",
    "objectName" : "INT-XDM-SpecimenResultMessage",
    "objectType" : "PROCESS",
    "path" : "/Explore/Default",
    "metadata" : {
      "modelVersion" : {
        "major" : 1,
        "minor" : 0
      },
      "repoInfo" : {
        "repoHandle" : "ti4WDjz8Uuopz4K-gt-214895230-2023-01-26T20:47:59.318Z::pd.xml"
      },
      "objectRefs" : [ "7m107YZtWyDcFKWeghtfMe", "5K79atOfKt6cDLU7mtK3CZ", "3orTZUqwesZhhN6oMu9jmt", "l4srhfOIvKLgD3l4HRWAyQ", "aHMzYu3ROJKfFJdfkGvLYB", "9rhyRDabNHiiDcOu4c64gK", "3gTBtpXtEeviZDN1JtRxOr", "jR9U0EJZeiMdpPsE4STmew", "dZYFqHX0Te3fRVhdOdrJAD", "hzrKFQlwwu0gQ7ibO63XMm" ],
      "contextAttributes" : null,
      "additionalInfo" : {
        "description" : "User Story 304584:FR-CASE-NYSPECIMEN-100-1, FR-CASE-NYSPECIMEN-100-2, FR-CASE-NYSPECIMEN-100-3: OncoExTra - Case Creation Logic Update for ExTra in NYS",
        "contentType" : "application/json; charset=utf-8",
        "documentState" : "VALID"
      }
    }
  }, {
    "objectGuid" : "iv0wovKuA4EeUL6V99vOwo",
    "objectName" : "INT-XDM-RenderAndDistributeDataMessage",
    "objectType" : "PROCESS",
    "path" : "/Explore/Default",
    "metadata" : {
      "modelVersion" : {
        "major" : 1,
        "minor" : 0
      },
      "repoInfo" : {
        "repoHandle" : "C5oplp6oIuQaaab-gt-15163131-2019-03-07T20:35:12.457Z::pd.xml"
      },
      "objectRefs" : [ "30Hykgf3e7hjUMYEvAk9Ux", "5ZFsbWFlPjvcK9zmVRdIE0", "1opv2gwrx00knkqmDE0ROY", "l4srhfOIvKLgD3l4HRWAyQ", "1upNtL0yc2OjScllDkiZIg", "04fR9piQEr8jbmyLWN9SwT", "2mesVm98m2aeU4noLBE2qQ", "9rhyRDabNHiiDcOu4c64gK", "6OSs1iSJZWtkjf5lHIcYuq" ],
      "contextAttributes" : null,
      "additionalInfo" : {
        "description" : "This will  construct the main body of RenderAndDistributeDataMessage",
        "contentType" : "application/json; charset=utf-8",
        "documentState" : "VALID"
      }
    }
  }, {
    "objectGuid" : "61Fl243TTNVgfl8pXA7JMM",
    "objectName" : "SP-OrderRequest-OrderRole-V2",
    "objectType" : "PROCESS",
    "path" : "/Explore/Default",
    "metadata" : {
      "modelVersion" : {
        "major" : 1,
        "minor" : 0
      },
      "repoInfo" : {
        "repoHandle" : "cm6S6fPAreFRqXp-gt-134812954-2021-10-08T22:05:54.044Z::pd.xml"
      },
      "objectRefs" : [ ],
      "contextAttributes" : null,
      "additionalInfo" : {
        "description" : "",
        "contentType" : "application/json; charset=utf-8",
        "documentState" : "VALID"
      }
    }
  }, {
    "objectGuid" : "eyvmGoyGqmEhYoVGnnTeCC",
    "objectName" : "INT-XDM-OrderDataMessage",
    "objectType" : "PROCESS",
    "path" : "/Explore/Default",
    "metadata" : {
      "modelVersion" : {
        "major" : 1,
        "minor" : 0
      },
      "repoInfo" : {
        "repoHandle" : "T4xWPQE8jIw8jIw-gt-15163275-2019-03-07T20:35:14.727Z::pd.xml"
      },
      "objectRefs" : [ "30Hykgf3e7hjUMYEvAk9Ux", "g97P8pbqrUAhKfjtxdQemK", "l4srhfOIvKLgD3l4HRWAyQ", "04fR9piQEr8jbmyLWN9SwT", "2mesVm98m2aeU4noLBE2qQ", "9rhyRDabNHiiDcOu4c64gK", "43hp268ln0DbWXj3Nw7byM" ],
      "contextAttributes" : null,
      "additionalInfo" : {
        "description" : "This will construct the main body of OrderDataMessage",
        "contentType" : "application/json; charset=utf-8",
        "documentState" : "VALID"
      }
    }
  }, {
    "objectGuid" : "9PNoMmI2sAMkf0VOQFfOIr",
    "objectName" : "INT-Process-CaseDataMessage-CreateCase",
    "objectType" : "PROCESS",
    "path" : "/Explore/Default",
    "metadata" : {
      "modelVersion" : {
        "major" : 1,
        "minor" : 0
      },
      "repoInfo" : {
        "repoHandle" : "KnbeErhNzUzeA8r-gt-15162471-2019-03-07T20:35:03.459Z::pd.xml"
      },
      "objectRefs" : [ "3vDpYyhVy7LcdxsQA9pJe4", "9rhyRDabNHiiDcOu4c64gK", "eXNPMt0lMOYf98t8HRXMeH", "a3ujc0XFbgrjlsXdYaYXyA" ],
      "contextAttributes" : null,
      "additionalInfo" : {
        "description" : "Create Case from inbound CaseDataMessage",
        "contentType" : "application/json; charset=utf-8",
        "documentState" : "VALID"
      }
    }
  }, {
    "objectGuid" : "4bQYiCnM4yYiyWfIqUcAKp",
    "objectName" : "SP-Populate-Earliest-Specimen-Receipt-Date-Order",
    "objectType" : "PROCESS",
    "path" : "/Explore/Default",
    "metadata" : {
      "modelVersion" : {
        "major" : 1,
        "minor" : 0
      },
      "repoInfo" : {
        "repoHandle" : "DlyjllCYAOTMneB-gt-75792722-2023-03-07T23:00:10.471Z::pd.xml"
      },
      "objectRefs" : [ ],
      "contextAttributes" : null,
      "additionalInfo" : {
        "description" : "",
        "contentType" : "application/json; charset=utf-8",
        "documentState" : "VALID"
      }
    }
  }, {
    "objectGuid" : "hzrKFQlwwu0gQ7ibO63XMm",
    "objectName" : "OrderResultSpecimenMessage",
    "objectType" : "PROCESS_OBJECT",
    "path" : "/Explore/Default",
    "metadata" : {
      "modelVersion" : {
        "major" : 1,
        "minor" : 0
      },
      "repoInfo" : {
        "repoHandle" : "yNmumf6S3wOLIFv-gt-214022736-2023-01-26T20:45:58.395Z::po.xml"
      },
      "objectRefs" : [ ],
      "contextAttributes" : null,
      "additionalInfo" : {
        "description" : "User Story 290286: OM: Oncomap ExTra Integrations - Create New End Point for New Message: Order Update Message",
        "contentType" : "application/json; charset=utf-8",
        "documentState" : "VALID"
      }
    }
  }, {
    "objectGuid" : "2mD8LHjw9K2kQ4fX1Hx56V",
    "objectName" : "SP-Lab-And-Report-Status",
    "objectType" : "PROCESS",
    "path" : "/Explore/Default",
    "metadata" : {
      "modelVersion" : {
        "major" : 1,
        "minor" : 0
      },
      "repoInfo" : {
        "repoHandle" : "lDjAqQHhwq9bdsr-gt-15161913-2019-03-07T20:34:57.186Z::pd.xml"
      },
      "objectRefs" : [ ],
      "contextAttributes" : null,
      "additionalInfo" : {
        "description" : "updates OLI Lab and Report status, Customer Status",
        "contentType" : "application/json; charset=utf-8",
        "documentState" : "VALID"
      }
    }
  } ]
}