<aetgt:getResponse xmlns:aetgt="http://schemas.active-endpoints.com/appmodules/repository/2010/10/avrepository.xsd"
                   xmlns:types1="http://schemas.active-endpoints.com/appmodules/repository/2010/10/avrepository.xsd">
   <types1:Item>
      <types1:EntryId>xM22z2YNmumf6S3-gt-52276393-2023-05-01T22:23:03.8Z::po.xml</types1:EntryId>
      <types1:Name>BillingInformation</types1:Name>
      <types1:MimeType>application/xml+processobject</types1:MimeType>
      <types1:Description/>
      <types1:AppliesTo/>
      <types1:Tags/>
      <types1:VersionLabel>1.0</types1:VersionLabel>
      <types1:State>CURRENT</types1:State>
      <types1:ProcessGroup/>
      <types1:CreatedBy>admin@par15.ghi</types1:CreatedBy>
      <types1:CreationDate>2023-05-01T22:23:04Z</types1:CreationDate>
      <types1:ModifiedBy/>
      <types1:PublicationStatus>unpublished</types1:PublicationStatus>
      <types1:AutosaveExists>false</types1:AutosaveExists>
      <types1:Entry>
         <processObject xmlns="http://schemas.active-endpoints.com/appmodules/screenflow/2011/06/avosHostEnvironment.xsd"
                        displayName="BillingInformation"
                        isByCopy="true"
                        name="BillingInformation">
            <description/>
            <tags/>
            <detail>
               <field label="paymentMethod"
                      name="paymentMethod"
                      nullable="true"
                      required="false"
                      type="string"/>
               <field label="contractedInstitutionHospital"
                      name="contractedInstitutionHospital"
                      nullable="true"
                      required="false"
                      type="string"/>
               <field label="purchaseOrderNumber"
                      name="purchaseOrderNumber"
                      nullable="true"
                      required="false"
                      type="string"/>
            </detail>
         </processObject>
      </types1:Entry>
      <types1:GUID>0fS1jDYSxTZbnOcLCdAWWl</types1:GUID>
      <types1:DisplayName>BillingInformation</types1:DisplayName>
   </types1:Item>
   <types1:CurrentServerDateTime>2023-05-18T11:17:24.685Z</types1:CurrentServerDateTime>
</aetgt:getResponse>
