<aetgt:getResponse xmlns:aetgt="http://schemas.active-endpoints.com/appmodules/repository/2010/10/avrepository.xsd"
                   xmlns:types1="http://schemas.active-endpoints.com/appmodules/repository/2010/10/avrepository.xsd">
   <types1:Item>
      <types1:EntryId>p21PsxKlFmVSciY-gt-51315276-2023-05-01T22:23:04.24Z::po.xml</types1:EntryId>
      <types1:Name>OrderInformationRetrieval</types1:Name>
      <types1:ParentFlowIds>6tMFyglsO7RY6pk-gt-9633185-2023-05-02T21:43:21.934Z::pd.xml</types1:ParentFlowIds>
      <types1:MimeType>application/xml+processobject</types1:MimeType>
      <types1:Description/>
      <types1:AppliesTo/>
      <types1:Tags/>
      <types1:VersionLabel>1.0</types1:VersionLabel>
      <types1:State>CURRENT</types1:State>
      <types1:ProcessGroup/>
      <types1:CreatedBy>admin@par15.ghi</types1:CreatedBy>
      <types1:CreationDate>2023-05-01T22:23:04Z</types1:CreationDate>
      <types1:ModifiedBy/>
      <types1:PublicationStatus>unpublished</types1:PublicationStatus>
      <types1:AutosaveExists>false</types1:AutosaveExists>
      <types1:Entry>
         <processObject xmlns="http://schemas.active-endpoints.com/appmodules/screenflow/2011/06/avosHostEnvironment.xsd"
                        displayName="OrderInformationRetrieval"
                        isByCopy="true"
                        name="OrderInformationRetrieval">
            <description/>
            <tags/>
            <detail>
               <field label="PatientInformation"
                      name="PatientInformation"
                      nullable="true"
                      required="false"
                      type="reference">
                  <options>
                     <option name="relationshipName">Child</option>
                     <option name="referenceTo">$po:PatientInformation</option>
                     <option name="guid">66yYmjN3DgAe9E0nK62EMC</option>
                  </options>
               </field>
               <field label="BillingInformation"
                      name="BillingInformation"
                      nullable="true"
                      required="false"
                      type="reference">
                  <options>
                     <option name="relationshipName">Child</option>
                     <option name="referenceTo">$po:BillingInformation</option>
                     <option name="guid">0fS1jDYSxTZbnOcLCdAWWl</option>
                  </options>
               </field>
               <field label="PhysicianInformation"
                      name="PhysicianInformation"
                      nullable="true"
                      required="false"
                      type="reference">
                  <options>
                     <option name="relationshipName">Child</option>
                     <option name="referenceTo">$po:PhysicianInformation</option>
                     <option name="guid">azO8hUCbgjBg7svBMbKCaD</option>
                  </options>
               </field>
            </detail>
         </processObject>
      </types1:Entry>
      <types1:GUID>gnmzlBsMsg2e35nmb1C9UZ</types1:GUID>
      <types1:DisplayName>OrderInformationRetrieval</types1:DisplayName>
   </types1:Item>
   <types1:CurrentServerDateTime>2023-05-18T11:17:25.172Z</types1:CurrentServerDateTime>
</aetgt:getResponse>
