<aetgt:getResponse xmlns:aetgt="http://schemas.active-endpoints.com/appmodules/repository/2010/10/avrepository.xsd"
                   xmlns:types1="http://schemas.active-endpoints.com/appmodules/repository/2010/10/avrepository.xsd">
   <types1:Item>
      <types1:EntryId>2HXf66vfXjISUXL-gt-211780095-2023-01-26T20:45:57.863Z::po.xml</types1:EntryId>
      <types1:Name>OrderUpdate</types1:Name>
      <types1:MimeType>application/xml+processobject</types1:MimeType>
      <types1:Description>User Story 290286: OM: Oncomap ExTra Integrations - Create New End Point for New Message: Order Update Message</types1:Description>
      <types1:AppliesTo/>
      <types1:Tags/>
      <types1:VersionLabel>1.0</types1:VersionLabel>
      <types1:State>CURRENT</types1:State>
      <types1:ProcessGroup/>
      <types1:CreatedBy>admin@par15.ghi</types1:CreatedBy>
      <types1:CreationDate>2023-01-26T20:45:58Z</types1:CreationDate>
      <types1:ModifiedBy>admin@par15.ghi</types1:ModifiedBy>
      <types1:ModificationDate>2023-05-01T22:23:04Z</types1:ModificationDate>
      <types1:PublicationStatus>unpublished</types1:PublicationStatus>
      <types1:AutosaveExists>false</types1:AutosaveExists>
      <types1:Entry>
         <processObject xmlns="http://schemas.active-endpoints.com/appmodules/screenflow/2011/06/avosHostEnvironment.xsd"
                        displayName="OrderUpdate"
                        isByCopy="true"
                        name="OrderUpdate">
            <description>User Story 290286: OM: Oncomap ExTra Integrations - Create New End Point for New Message: Order Update Message</description>
            <tags/>
            <detail>
               <field label="OrderID"
                      name="OrderID"
                      nullable="true"
                      required="false"
                      type="string"/>
               <field label="ExtraOrderStatus"
                      name="ExtraOrderStatus"
                      nullable="true"
                      required="false"
                      type="string"/>
               <field label="Specimens"
                      name="Specimens"
                      nullable="true"
                      required="false"
                      type="reference">
                  <options>
                     <option name="referenceTo">$po:OrderUpdateSpecimens</option>
                     <option name="guid">9YCPM3xhbmocPL7YTN8hUh</option>
                     <option name="relationshipName">Child</option>
                  </options>
               </field>
               <field label="ResultsReadyData"
                      name="ResultsReadyData"
                      nullable="true"
                      required="false"
                      type="reference">
                  <options>
                     <option name="referenceTo">$po:OrderUpdateResult</option>
                     <option name="guid">4JRdTySNHszfmMQcQoRjae</option>
                     <option name="relationshipName">Child</option>
                  </options>
               </field>
               <field label="LabRegulation"
                      name="LabRegulation"
                      nullable="true"
                      required="false"
                      type="string"/>
            </detail>
         </processObject>
      </types1:Entry>
      <types1:GUID>jeuBvCSIhcwcRwOHpAZRSl</types1:GUID>
      <types1:DisplayName>OrderUpdate</types1:DisplayName>
   </types1:Item>
   <types1:CurrentServerDateTime>2023-05-18T11:17:24.65Z</types1:CurrentServerDateTime>
</aetgt:getResponse>
