<aetgt:getResponse xmlns:aetgt="http://schemas.active-endpoints.com/appmodules/repository/2010/10/avrepository.xsd"
                   xmlns:types1="http://schemas.active-endpoints.com/appmodules/repository/2010/10/avrepository.xsd">
   <types1:Item>
      <types1:EntryId>sHK80FIRi92qBbb-gt-52276401-2023-05-01T22:23:03.829Z::po.xml</types1:EntryId>
      <types1:Name>PatientInformation</types1:Name>
      <types1:MimeType>application/xml+processobject</types1:MimeType>
      <types1:Description/>
      <types1:AppliesTo/>
      <types1:Tags/>
      <types1:VersionLabel>1.0</types1:VersionLabel>
      <types1:State>CURRENT</types1:State>
      <types1:ProcessGroup/>
      <types1:CreatedBy>admin@par15.ghi</types1:CreatedBy>
      <types1:CreationDate>2023-05-01T22:23:04Z</types1:CreationDate>
      <types1:ModifiedBy/>
      <types1:PublicationStatus>unpublished</types1:PublicationStatus>
      <types1:AutosaveExists>false</types1:AutosaveExists>
      <types1:Entry>
         <processObject xmlns="http://schemas.active-endpoints.com/appmodules/screenflow/2011/06/avosHostEnvironment.xsd"
                        displayName="PatientInformation"
                        isByCopy="true"
                        name="PatientInformation">
            <description/>
            <tags/>
            <detail>
               <field label="medicalRecordNumber"
                      name="medicalRecordNumber"
                      nullable="true"
                      required="false"
                      type="string"/>
               <field label="firstName"
                      name="firstName"
                      nullable="true"
                      required="false"
                      type="string"/>
               <field label="lastName"
                      name="lastName"
                      nullable="true"
                      required="false"
                      type="string"/>
               <field label="gender"
                      name="gender"
                      nullable="true"
                      required="false"
                      type="string"/>
               <field label="dateOfBirth"
                      name="dateOfBirth"
                      nullable="true"
                      required="false"
                      type="string"/>
               <field label="middleName"
                      name="middleName"
                      nullable="true"
                      required="false"
                      type="string"/>
            </detail>
         </processObject>
      </types1:Entry>
      <types1:GUID>66yYmjN3DgAe9E0nK62EMC</types1:GUID>
      <types1:DisplayName>PatientInformation</types1:DisplayName>
   </types1:Item>
   <types1:CurrentServerDateTime>2023-05-18T11:17:24.701Z</types1:CurrentServerDateTime>
</aetgt:getResponse>
