<aetgt:getResponse xmlns:aetgt="http://schemas.active-endpoints.com/appmodules/repository/2010/10/avrepository.xsd"
                   xmlns:types1="http://schemas.active-endpoints.com/appmodules/repository/2010/10/avrepository.xsd">
   <types1:Item>
      <types1:EntryId>IFvukNXHVOJ2oTV-gt-52276409-2023-05-01T22:23:03.855Z::po.xml</types1:EntryId>
      <types1:Name>PhysicianInformation</types1:Name>
      <types1:MimeType>application/xml+processobject</types1:MimeType>
      <types1:Description/>
      <types1:AppliesTo/>
      <types1:Tags/>
      <types1:VersionLabel>1.0</types1:VersionLabel>
      <types1:State>CURRENT</types1:State>
      <types1:ProcessGroup/>
      <types1:CreatedBy>admin@par15.ghi</types1:CreatedBy>
      <types1:CreationDate>2023-05-01T22:23:04Z</types1:CreationDate>
      <types1:ModifiedBy/>
      <types1:PublicationStatus>unpublished</types1:PublicationStatus>
      <types1:AutosaveExists>false</types1:AutosaveExists>
      <types1:Entry>
         <processObject xmlns="http://schemas.active-endpoints.com/appmodules/screenflow/2011/06/avosHostEnvironment.xsd"
                        displayName="PhysicianInformation"
                        isByCopy="true"
                        name="PhysicianInformation">
            <description/>
            <tags/>
            <detail>
               <field label="phone"
                      name="phone"
                      nullable="true"
                      required="false"
                      type="string"/>
               <field label="address"
                      name="address"
                      nullable="true"
                      required="false"
                      type="string"/>
               <field label="street"
                      name="street"
                      nullable="true"
                      required="false"
                      type="string"/>
               <field label="city"
                      name="city"
                      nullable="true"
                      required="false"
                      type="string"/>
               <field label="stateProvince"
                      name="stateProvince"
                      nullable="true"
                      required="false"
                      type="string"/>
               <field label="zip"
                      name="zip"
                      nullable="true"
                      required="false"
                      type="string"/>
               <field label="country"
                      name="country"
                      nullable="true"
                      required="false"
                      type="string"/>
               <field label="physicianName"
                      name="physicianName"
                      nullable="true"
                      required="false"
                      type="string"/>
               <field label="emailAddress"
                      name="emailAddress"
                      nullable="true"
                      required="false"
                      type="string"/>
               <field label="npi"
                      name="npi"
                      nullable="true"
                      required="false"
                      type="string"/>
            </detail>
         </processObject>
      </types1:Entry>
      <types1:GUID>azO8hUCbgjBg7svBMbKCaD</types1:GUID>
      <types1:DisplayName>PhysicianInformation</types1:DisplayName>
   </types1:Item>
   <types1:CurrentServerDateTime>2023-05-18T11:17:24.667Z</types1:CurrentServerDateTime>
</aetgt:getResponse>
