{
  "name" : "IICSComponentsProcessObjects",
  "sourceOrgId" : "7XV6mxK1Y4xf4Jo7PjqJcg",
  "sourceOrgName" : "2021-Pur par15 (admin@001e08.ghi)",
  "exportedObjects" : [ {
    "objectGuid" : "gnmzlBsMsg2e35nmb1C9UZ",
    "objectName" : "OrderInformationRetrieval",
    "objectType" : "PROCESS_OBJECT",
    "path" : "/Explore/Default",
    "metadata" : {
      "modelVersion" : {
        "major" : 1,
        "minor" : 0
      },
      "repoInfo" : {
        "repoHandle" : "p21PsxKlFmVSciY-gt-51315276-2023-05-01T22:23:04.24Z::po.xml"
      },
      "objectRefs" : [ "66yYmjN3DgAe9E0nK62EMC", "0fS1jDYSxTZbnOcLCdAWWl", "azO8hUCbgjBg7svBMbKCaD" ],
      "contextAttributes" : null,
      "additionalInfo" : {
        "description" : "",
        "contentType" : "application/json; charset=utf-8",
        "documentState" : "VALID"
      }
    }
  }, {
    "objectGuid" : "9YCPM3xhbmocPL7YTN8hUh",
    "objectName" : "OrderUpdateSpecimens",
    "objectType" : "PROCESS_OBJECT",
    "path" : "/Explore/Default",
    "metadata" : {
      "modelVersion" : {
        "major" : 1,
        "minor" : 0
      },
      "repoInfo" : {
        "repoHandle" : "RuuB3uopz4KhPVE-gt-214883628-2023-01-26T20:45:56.702Z::po.xml"
      },
      "objectRefs" : [ ],
      "contextAttributes" : null,
      "additionalInfo" : {
        "description" : "User Story 290286: OM: Oncomap ExTra Integrations - Create New End Point for New Message: Order Update Message",
        "contentType" : "application/json; charset=utf-8",
        "documentState" : "VALID"
      }
    }
  }, {
    "objectGuid" : "jeuBvCSIhcwcRwOHpAZRSl",
    "objectName" : "OrderUpdate",
    "objectType" : "PROCESS_OBJECT",
    "path" : "/Explore/Default",
    "metadata" : {
      "modelVersion" : {
        "major" : 1,
        "minor" : 0
      },
      "repoInfo" : {
        "repoHandle" : "2HXf66vfXjISUXL-gt-211780095-2023-01-26T20:45:57.863Z::po.xml"
      },
      "objectRefs" : [ "9YCPM3xhbmocPL7YTN8hUh", "4JRdTySNHszfmMQcQoRjae" ],
      "contextAttributes" : null,
      "additionalInfo" : {
        "description" : "User Story 290286: OM: Oncomap ExTra Integrations - Create New End Point for New Message: Order Update Message",
        "contentType" : "application/json; charset=utf-8",
        "documentState" : "VALID"
      }
    }
  }, {
    "objectGuid" : "66yYmjN3DgAe9E0nK62EMC",
    "objectName" : "PatientInformation",
    "objectType" : "PROCESS_OBJECT",
    "path" : "/Explore/Default",
    "metadata" : {
      "modelVersion" : {
        "major" : 1,
        "minor" : 0
      },
      "repoInfo" : {
        "repoHandle" : "sHK80FIRi92qBbb-gt-52276401-2023-05-01T22:23:03.829Z::po.xml"
      },
      "objectRefs" : [ ],
      "contextAttributes" : null,
      "additionalInfo" : {
        "description" : "",
        "contentType" : "application/json; charset=utf-8",
        "documentState" : "VALID"
      }
    }
  }, {
    "objectGuid" : "27wNpX1f5yUelfC3vekKis",
    "objectName" : "Default",
    "objectType" : "Project",
    "path" : "/Explore",
    "metadata" : {
      "modelVersion" : {
        "major" : 0,
        "minor" : 0
      },
      "repoInfo" : null,
      "objectRefs" : [ ],
      "contextAttributes" : [ {
        "name" : "IS_DEF_LOC",
        "value" : "true"
      } ],
      "additionalInfo" : {
        "description" : "Auto-generated Default Project",
        "contentType" : null,
        "documentState" : "COMPLETE"
      }
    }
  }, {
    "objectGuid" : "0fS1jDYSxTZbnOcLCdAWWl",
    "objectName" : "BillingInformation",
    "objectType" : "PROCESS_OBJECT",
    "path" : "/Explore/Default",
    "metadata" : {
      "modelVersion" : {
        "major" : 1,
        "minor" : 0
      },
      "repoInfo" : {
        "repoHandle" : "xM22z2YNmumf6S3-gt-52276393-2023-05-01T22:23:03.8Z::po.xml"
      },
      "objectRefs" : [ ],
      "contextAttributes" : null,
      "additionalInfo" : {
        "description" : "",
        "contentType" : "application/json; charset=utf-8",
        "documentState" : "VALID"
      }
    }
  }, {
    "objectGuid" : "azO8hUCbgjBg7svBMbKCaD",
    "objectName" : "PhysicianInformation",
    "objectType" : "PROCESS_OBJECT",
    "path" : "/Explore/Default",
    "metadata" : {
      "modelVersion" : {
        "major" : 1,
        "minor" : 0
      },
      "repoInfo" : {
        "repoHandle" : "IFvukNXHVOJ2oTV-gt-52276409-2023-05-01T22:23:03.855Z::po.xml"
      },
      "objectRefs" : [ ],
      "contextAttributes" : null,
      "additionalInfo" : {
        "description" : "",
        "contentType" : "application/json; charset=utf-8",
        "documentState" : "VALID"
      }
    }
  }, {
    "objectGuid" : "4JRdTySNHszfmMQcQoRjae",
    "objectName" : "OrderUpdateResult",
    "objectType" : "PROCESS_OBJECT",
    "path" : "/Explore/Default",
    "metadata" : {
      "modelVersion" : {
        "major" : 1,
        "minor" : 0
      },
      "repoInfo" : {
        "repoHandle" : "8beC3Q6gaabclvA-gt-31154237-2023-01-26T20:45:55.96Z::po.xml"
      },
      "objectRefs" : [ ],
      "contextAttributes" : null,
      "additionalInfo" : {
        "description" : "User Story 290286: OM: Oncomap ExTra Integrations - Create New End Point for New Message: Order Update Message",
        "contentType" : "application/json; charset=utf-8",
        "documentState" : "VALID"
      }
    }
  } ]
}