<aetgt:getResponse xmlns:aetgt="http://schemas.active-endpoints.com/appmodules/repository/2010/10/avrepository.xsd"
                   xmlns:types1="http://schemas.active-endpoints.com/appmodules/repository/2010/10/avrepository.xsd">
   <types1:Item>
      <types1:EntryId>8NpET1cnFKi9zhF-gt-15161643-2019-03-07T20:34:54.957Z::pd.xml</types1:EntryId>
      <types1:Name>Clone_Order_Role_Sub_Process</types1:Name>
      <types1:ParentFlowIds>3duR55aaabdqpw0-gt-15162243-2019-03-07T20:35:00.588Z::pd.xml,7Hdy8NTYglxbdyp-gt-15164247-2019-03-07T20:35:31.946Z::pd.xml</types1:ParentFlowIds>
      <types1:MimeType>application/xml+process</types1:MimeType>
      <types1:Description/>
      <types1:AppliesTo/>
      <types1:Tags/>
      <types1:VersionLabel>1.0</types1:VersionLabel>
      <types1:State>CURRENT</types1:State>
      <types1:ProcessGroup/>
      <types1:CreatedBy>admin@001e08.ghi</types1:CreatedBy>
      <types1:CreationDate>2019-03-07T20:34:54Z</types1:CreationDate>
      <types1:ModifiedBy>admin@par15.ghi</types1:ModifiedBy>
      <types1:ModificationDate>2023-05-16T21:56:08Z</types1:ModificationDate>
      <types1:PublicationStatus>published</types1:PublicationStatus>
      <types1:PublishedBy>admin@par15.ghi</types1:PublishedBy>
      <types1:PublicationDate>2023-05-16T22:04:14Z</types1:PublicationDate>
      <types1:PublishedContributionId>project:/spi.Clone_Order_Role_Sub_Process/Clone_Order_Role_Sub_Process.pd.xml</types1:PublishedContributionId>
      <types1:AutosaveExists>false</types1:AutosaveExists>
      <types1:Entry>
         <process xmlns="http://schemas.active-endpoints.com/appmodules/screenflow/2010/10/avosScreenflow.xsd"
                  xmlns:tfm="http://schemas.active-endpoints.com/appmodules/screenflow/2021/04/taskflowModel.xsd"
                  xmlns:list="urn:activevos:spi:list:functions"
                  displayName="Clone Order Role Sub Process"
                  name="Clone_Order_Role_Sub_Process">
            <parameterSet xmlns="http://schemas.active-endpoints.com/appmodules/screenflow/2021/04/taskflowModel.xsd"/>
            <appliesTo/>
            <description/>
            <tags/>
            <generator>Informatica Process Designer 11</generator>
            <input>
               <parameter description="" name="orderRoleRecord" type="reference">
                  <options>
                     <option name="referenceTo">Salesforce:OSM_Order_Role__c</option>
                     <option name="required">false</option>
                     <option name="guid">9rhyRDabNHiiDcOu4c64gK</option>
                  </options>
               </parameter>
               <parameter description="" name="displayClonedRecords" type="richtextarea">
                  <options>
                     <option name="text_height">12</option>
                     <option name="text_width">100</option>
                     <option name="required">false</option>
                  </options>
               </parameter>
               <parameter description="" name="clonedOrder" type="reference">
                  <options>
                     <option name="referenceTo">Salesforce:Order</option>
                     <option name="required">false</option>
                     <option name="guid">9rhyRDabNHiiDcOu4c64gK</option>
                  </options>
               </parameter>
            </input>
            <output>
               <field description="" name="cloneSuccessful" type="boolean">
                  <options>
                     <option name="defaultvalue">false</option>
                     <option name="boolean_show_as">checkbox</option>
                     <option name="required">false</option>
                  </options>
               </field>
            </output>
            <tempFields>
               <field description="" name="clonedOrderRole" type="reference">
                  <options>
                     <option name="referenceTo">Salesforce:OSM_Order_Role__c</option>
                     <option name="required">false</option>
                     <option name="guid">9rhyRDabNHiiDcOu4c64gK</option>
                  </options>
               </field>
               <field description="" name="ORRetryCount" type="int">
                  <options>
                     <option name="required">false</option>
                     <option name="initialvalue">0</option>
                  </options>
               </field>
               <field description="" name="UpdateRetryCount" type="int">
                  <options>
                     <option name="required">false</option>
                     <option name="initialvalue">0</option>
                  </options>
               </field>
            </tempFields>
            <notes/>
            <deployment skipIfRunning="false" suspendOnFault="false" tracingLevel="none">
               <rest/>
            </deployment>
            <flow id="a">
               <start id="b">
                  <link id="iphlwxre" targetId="iphlwxrd"/>
               </start>
               <subflow id="iphlwxrd">
                  <title>ER-Get GHI ICRT Retry Settings</title>
                  <subflowGUID>l4srhfOIvKLgD3l4HRWAyQ</subflowGUID>
                  <subflowPath>ER-Get_GHI_ICRT_Retry_Settings</subflowPath>
                  <runForEach>false</runForEach>
                  <input/>
                  <outputDef>
                     <field name="retryCount" type="int">
                        <options>
                           <option name="required">false</option>
                        </options>
                     </field>
                     <field name="retryDelay" type="double">
                        <options>
                           <option name="required">false</option>
                        </options>
                     </field>
                  </outputDef>
                  <link id="iphlwxrf" targetId="iphlwxr0"/>
               </subflow>
               <eventContainer id="iphlwxr0">
                  <service id="c">
                     <title>Clone Object Order Role</title>
                     <serviceName>Salesforce:icrtStep_sObjectClone</serviceName>
                     <serviceGUID>9rhyRDabNHiiDcOu4c64gK</serviceGUID>
                     <serviceInput>
                        <parameter name="Object Id" source="field" updatable="true">input.orderRoleRecord</parameter>
                        <parameter name="Change Field Map" source="constant">"OSM_Order__c":"{$input.clonedOrder}","OSM_Specimen_Retrieval_Ready__c":false,"OSM_BI_Ready__c":false,"OSM_Report_Distribution_Ready__c":false,"OSM_Order_Role_Data_Confirmation_Details__c":"","OSM_Order_Role_Data_Confirmation_Needed__c":false,"OSM_Account_Delivery_Method_of_Report__c":"", "OSM_Legacy_Order_Role_ID__c":""</parameter>
                        <parameter name="isClonedOrderRoles" source="constant">true</parameter>
                     </serviceInput>
                  </service>
                  <flow id="iphlwxr3">
                     <link id="iphlwxr4" targetId="iphlwxr0" type="containerLink"/>
                  </flow>
                  <flow id="iphlwxr7">
                     <container id="iprxjuax" type="exclusive">
                        <title>Detail</title>
                        <flow id="iprxjubg">
                           <wait id="iprxjubu">
                              <title>Delay for Cloning Order Role</title>
                              <duration source="formula">
                                 <function name="duration_expression">
                                    <arg name="value">{$output.retryDelay}</arg>
                                    <arg name="scale">S</arg>
                                    <arg name="businessDays"/>
                                 </function>
                              </duration>
                              <link id="iprxjuca" targetId="iprxjuc9"/>
                           </wait>
                           <assignment id="iprxjuc9">
                              <title>Assignment to ORRetryCount</title>
                              <operation source="formula" to="temp.ORRetryCount">
                                 <expression language="XQuery">$temp.ORRetryCount + 1</expression>
                              </operation>
                              <link id="iprxjucx" targetId="iprxjucp"/>
                           </assignment>
                           <container id="iprxjucp" type="exclusive">
                              <title>ORRetryCount</title>
                              <flow id="iprxjucq">
                                 <throw id="iprxjucr">
                                    <throwInput>
                                       <parameter name="code" source="constant" updatable="true">{$output.ORFaultInfo[1]/code}</parameter>
                                       <parameter name="detail" source="constant" updatable="true">There was an issue Cloning the Order Role. {$output.ORFaultInfo[1]/detail}</parameter>
                                       <parameter name="reason" source="constant" updatable="true">There was an issue Cloning the Order Role. {$output.ORFaultInfo[1]/reason}  The following Items have been cloned. {$input.displayClonedRecords}</parameter>
                                    </throwInput>
                                 </throw>
                              </flow>
                              <flow id="iprxjucs">
                                 <jumpTo id="iprxjuct">
                                    <link id="iprxjucw" targetId="iphlwxr0"/>
                                 </jumpTo>
                              </flow>
                              <link id="iprxjucu" targetId="iprxjucq" type="containerLink">
                                 <condition source="formula">
                                    <function name="greater-or-equals">
                                       <arg name="left">{$temp.ORRetryCount}</arg>
                                       <arg name="right">{$output.retryCount}</arg>
                                    </function>
                                 </condition>
                              </link>
                              <link id="iprxjucv" targetId="iprxjucs" type="containerLink"/>
                           </container>
                        </flow>
                        <flow id="iprxjubj">
                           <throw id="iprxjubi">
                              <throwInput>
                                 <parameter name="code" source="constant" updatable="true">{$output.ORFaultInfo[1]/code}</parameter>
                                 <parameter name="detail" source="constant" updatable="true">{$output.ORFaultInfo[1]/detail}</parameter>
                                 <parameter name="reason" source="constant" updatable="true">{$output.ORFaultInfo[1]/reason}</parameter>
                              </throwInput>
                           </throw>
                        </flow>
                        <link id="iprxjubd" targetId="iprxjubg" type="containerLink">
                           <condition source="formula">
                              <function name="contains">
                                 <arg name="left">{$output.ORFaultInfo[1]/detail}</arg>
                                 <arg name="right">UNABLE_TO_LOCK_ROW</arg>
                              </function>
                           </condition>
                        </link>
                        <link id="iprxjube" targetId="iprxjubj" type="containerLink"/>
                     </container>
                  </flow>
                  <link id="iphlwxr1" targetId="iphlwxr3" type="containerLink"/>
                  <link id="ipofdbjr" targetId="ipofdbjq"/>
                  <events>
                     <catch faultField="ORFaultInfo" id="iphlwxqx" interrupting="true">
                        <link id="iphlwxr5" targetId="iphlwxr7" type="containerLink"/>
                     </catch>
                  </events>
               </eventContainer>
               <eventContainer id="ipofdbki">
                  <subflow id="ipofdbks">
                     <title>Update Order Role Address</title>
                     <subflowGUID>2bsd1OmfnubhKpihoIw7S5</subflowGUID>
                     <subflowPath>Update_Order_Role_Address</subflowPath>
                     <runForEach>false</runForEach>
                     <input>
                        <parameter name="clonedOrderRole" source="field">temp.clonedOrderRole</parameter>
                        <parameter name="orderRoleRecord" source="field">input.orderRoleRecord</parameter>
                     </input>
                     <outputDef/>
                  </subflow>
                  <flow id="ipofdbkj">
                     <link id="ipofdbkv" targetId="ipofdbki" type="containerLink"/>
                  </flow>
                  <flow id="ipofdbkk">
                     <container id="iprxjuee" type="exclusive">
                        <title>Detail</title>
                        <flow id="iprxjugl">
                           <wait id="iprxjugz">
                              <title>Delay for Updating Order Role</title>
                              <duration source="formula">
                                 <function name="duration_expression">
                                    <arg name="value">{$output.retryDelay}</arg>
                                    <arg name="scale">S</arg>
                                    <arg name="businessDays"/>
                                 </function>
                              </duration>
                              <link id="iprxjuhf" targetId="iprxjuhe"/>
                           </wait>
                           <assignment id="iprxjuhe">
                              <title>Assignment to UpdateRetryCount</title>
                              <operation source="formula" to="temp.UpdateRetryCount">
                                 <expression language="XQuery">$temp.UpdateRetryCount + 1</expression>
                              </operation>
                              <link id="iprxjui2" targetId="iprxjuhu"/>
                           </assignment>
                           <container id="iprxjuhu" type="exclusive">
                              <title>UpdateRetryCount</title>
                              <flow id="iprxjuhv">
                                 <throw id="iprxjuhw">
                                    <throwInput>
                                       <parameter name="code" source="constant" updatable="true">{$output.ORFaultInfo[1]/code}</parameter>
                                       <parameter name="detail" source="constant" updatable="true">There was an issue Cloning the Order Role. {$output.ORFaultInfo[1]/detail}</parameter>
                                       <parameter name="reason" source="constant" updatable="true">There was an issue Cloning the Order Role. {$output.ORFaultInfo[1]/reason}  The following Items have been cloned. {$input.displayClonedRecords}</parameter>
                                    </throwInput>
                                 </throw>
                              </flow>
                              <flow id="iprxjuhx">
                                 <jumpTo id="iprxjuhy">
                                    <link id="iprxjui1" targetId="ipofdbki"/>
                                 </jumpTo>
                              </flow>
                              <link id="iprxjuhz" targetId="iprxjuhv" type="containerLink">
                                 <condition source="formula">
                                    <function name="greater-or-equals">
                                       <arg name="left">{$temp.UpdateRetryCount}</arg>
                                       <arg name="right">{$output.retryCount}</arg>
                                    </function>
                                 </condition>
                              </link>
                              <link id="iprxjui0" targetId="iprxjuhx" type="containerLink"/>
                           </container>
                        </flow>
                        <flow id="iprxjugo">
                           <throw id="iprxjugn">
                              <throwInput>
                                 <parameter name="code" source="constant" updatable="true">{$output.UpdatefaultInfo[1]/code}</parameter>
                                 <parameter name="detail" source="constant" updatable="true">{$output.UpdatefaultInfo[1]/detail}</parameter>
                                 <parameter name="reason" source="constant" updatable="true">{$output.UpdatefaultInfo[1]/reason}</parameter>
                              </throwInput>
                           </throw>
                        </flow>
                        <link id="iprxjugi" targetId="iprxjugl" type="containerLink">
                           <condition source="formula">
                              <function name="contains">
                                 <arg name="left">{$output.UpdatefaultInfo[1]/detail}</arg>
                                 <arg name="right">UNABLE_TO_LOCK_ROW</arg>
                              </function>
                           </condition>
                        </link>
                        <link id="iprxjugj" targetId="iprxjugo" type="containerLink"/>
                     </container>
                  </flow>
                  <link id="ipofdbkt" targetId="ipofdbkj" type="containerLink"/>
                  <link id="ipofdblf" targetId="ipofdble"/>
                  <events>
                     <catch faultField="UpdatefaultInfo" id="ipi1l5ee" interrupting="true">
                        <link id="ipofdbku" targetId="ipofdbkk" type="containerLink"/>
                     </catch>
                  </events>
               </eventContainer>
               <assignment id="ipofdbjq">
                  <title>Assignment to clonedOrderRole</title>
                  <operation source="query" to="temp.clonedOrderRole">
                     <query advanceQuery="false" from="Salesforce:OSM_Order_Role__c">
                        <where>Id = '{$output.CloneObjectId}'</where>
                     </query>
                  </operation>
                  <link id="ipqf4q3b" targetId="ipofdbki"/>
               </assignment>
               <assignment id="ipofdble">
                  <title>Assignment to cloneSuccessful</title>
                  <operation source="field" to="output.cloneSuccessful">output.Clone Successful</operation>
                  <link id="ipofdblt" targetId="ipofdbls"/>
               </assignment>
               <end id="ipofdbls"/>
            </flow>
         </process>
      </types1:Entry>
      <types1:GUID>1C3Tgbk6yKMeLjD8N8OeeU</types1:GUID>
      <types1:DisplayName>Clone Order Role Sub Process</types1:DisplayName>
   </types1:Item>
   <types1:CurrentServerDateTime>2023-05-18T11:15:42.455Z</types1:CurrentServerDateTime>
</aetgt:getResponse>
