<aetgt:getResponse xmlns:aetgt="http://schemas.active-endpoints.com/appmodules/repository/2010/10/avrepository.xsd"
                   xmlns:types1="http://schemas.active-endpoints.com/appmodules/repository/2010/10/avrepository.xsd">
   <types1:Item>
      <types1:EntryId>7Hdy8NTYglxbdyp-gt-15164247-2019-03-07T20:35:31.946Z::pd.xml</types1:EntryId>
      <types1:Name>CloneOrderRoleOLI</types1:Name>
      <types1:ParentFlowIds>3duR55aaabdqpw0-gt-15162243-2019-03-07T20:35:00.588Z::pd.xml,PD4ARW8UBM7zsZv-gt-15160009-2019-03-07T20:31:45.674Z::gt.xml</types1:ParentFlowIds>
      <types1:MimeType>application/xml+process</types1:MimeType>
      <types1:Description/>
      <types1:AppliesTo/>
      <types1:Tags>Clone OLI,Clone OR,Clone Order,Marigold</types1:Tags>
      <types1:VersionLabel>1.0</types1:VersionLabel>
      <types1:State>CURRENT</types1:State>
      <types1:ProcessGroup/>
      <types1:CreatedBy>admin@001e08.ghi</types1:CreatedBy>
      <types1:CreationDate>2019-03-07T20:35:31Z</types1:CreationDate>
      <types1:ModifiedBy>admin@par15.ghi</types1:ModifiedBy>
      <types1:ModificationDate>2023-05-16T21:56:09Z</types1:ModificationDate>
      <types1:PublicationStatus>published</types1:PublicationStatus>
      <types1:PublishedBy>admin@par15.ghi</types1:PublishedBy>
      <types1:PublicationDate>2023-05-16T22:04:14Z</types1:PublicationDate>
      <types1:PublishedContributionId>project:/spi.CloneOrderRoleOLI/CloneOrderRoleOLI.pd.xml</types1:PublishedContributionId>
      <types1:AutosaveExists>false</types1:AutosaveExists>
      <types1:Entry>
         <process xmlns="http://schemas.active-endpoints.com/appmodules/screenflow/2010/10/avosScreenflow.xsd"
                  xmlns:tfm="http://schemas.active-endpoints.com/appmodules/screenflow/2021/04/taskflowModel.xsd"
                  xmlns:list="urn:activevos:spi:list:functions"
                  displayName="CloneOrderRoleOLI"
                  name="CloneOrderRoleOLI">
            <parameterSet xmlns="http://schemas.active-endpoints.com/appmodules/screenflow/2021/04/taskflowModel.xsd"/>
            <appliesTo/>
            <description/>
            <tags>Clone OLI,Clone OR,Clone Order,Marigold</tags>
            <generator>Informatica Process Designer 11</generator>
            <input>
               <parameter description="" name="CloneOrderId" type="reference">
                  <options>
                     <option name="referenceTo">Salesforce:Order</option>
                     <option name="required">false</option>
                     <option name="guid">9rhyRDabNHiiDcOu4c64gK</option>
                  </options>
               </parameter>
               <parameter description="" name="OrderRoleCheckBox" type="boolean">
                  <options>
                     <option name="defaultvalue">false</option>
                     <option name="boolean_show_as">checkbox</option>
                     <option name="required">false</option>
                  </options>
               </parameter>
               <parameter description="" name="OLICheckBox" type="boolean">
                  <options>
                     <option name="defaultvalue">false</option>
                     <option name="boolean_show_as">checkbox</option>
                     <option name="required">false</option>
                  </options>
               </parameter>
            </input>
            <output>
               <field description="" name="outputClonedOrder" type="reference">
                  <options>
                     <option name="referenceTo">Salesforce:Order</option>
                     <option name="required">false</option>
                     <option name="guid">9rhyRDabNHiiDcOu4c64gK</option>
                  </options>
               </field>
               <field description="" name="outputClonedOrderNumber" type="string">
                  <options>
                     <option name="required">false</option>
                  </options>
               </field>
               <field description="" name="displayClonedRecords" type="richtextarea">
                  <options>
                     <option name="text_height">12</option>
                     <option name="text_width">100</option>
                     <option name="required">false</option>
                  </options>
               </field>
            </output>
            <tempFields>
               <field description="" name="orderRoleList" type="objectlist">
                  <options>
                     <option name="referenceTo">Salesforce:OSM_Order_Role__c</option>
                     <option hide="true" name="multiSelect">true</option>
                     <option name="required">false</option>
                     <option name="guid">9rhyRDabNHiiDcOu4c64gK</option>
                  </options>
               </field>
               <field description="" name="assignOrderRoles" type="objectlist">
                  <options>
                     <option name="referenceTo">Salesforce:OSM_Order_Role__c</option>
                     <option hide="true" name="multiSelect">true</option>
                     <option name="required">false</option>
                     <option name="guid">9rhyRDabNHiiDcOu4c64gK</option>
                  </options>
               </field>
               <field description="" name="tempOrderRoleHead" type="objectlist">
                  <options>
                     <option name="referenceTo">Salesforce:OSM_Order_Role__c</option>
                     <option hide="true" name="multiSelect">true</option>
                     <option name="required">false</option>
                     <option name="guid">9rhyRDabNHiiDcOu4c64gK</option>
                  </options>
               </field>
               <field description="" name="OrderRef" type="reference">
                  <options>
                     <option name="referenceTo">Salesforce:Order</option>
                     <option name="required">false</option>
                     <option name="guid">9rhyRDabNHiiDcOu4c64gK</option>
                  </options>
               </field>
               <field description="" name="tempOrderable" type="string">
                  <options>
                     <option name="required">false</option>
                  </options>
               </field>
               <field description="" name="OLIList" type="objectlist">
                  <options>
                     <option name="referenceTo">Salesforce:OrderItem</option>
                     <option hide="true" name="multiSelect">true</option>
                     <option name="required">false</option>
                     <option name="guid">9rhyRDabNHiiDcOu4c64gK</option>
                  </options>
               </field>
               <field description="" name="assignOLI" type="objectlist">
                  <options>
                     <option name="referenceTo">Salesforce:OrderItem</option>
                     <option hide="true" name="multiSelect">true</option>
                     <option name="required">false</option>
                     <option name="guid">9rhyRDabNHiiDcOu4c64gK</option>
                  </options>
               </field>
               <field description="" name="tempOLI" type="objectlist">
                  <options>
                     <option name="referenceTo">Salesforce:OrderItem</option>
                     <option hide="true" name="multiSelect">true</option>
                     <option name="required">false</option>
                     <option name="guid">9rhyRDabNHiiDcOu4c64gK</option>
                  </options>
               </field>
               <field description="" name="ORRetryCount" type="int">
                  <options>
                     <option name="required">false</option>
                     <option name="initialvalue">0</option>
                  </options>
               </field>
               <field description="" name="OLIRetryCount" type="int">
                  <options>
                     <option name="required">false</option>
                     <option name="initialvalue">0</option>
                  </options>
               </field>
               <field description="" name="currentOrder" type="reference">
                  <options>
                     <option name="referenceTo">Salesforce:Order</option>
                     <option name="required">false</option>
                     <option name="guid">9rhyRDabNHiiDcOu4c64gK</option>
                  </options>
               </field>
               <field description="" name="ORDRetryCount" type="int">
                  <options>
                     <option name="required">false</option>
                     <option name="initialvalue">0</option>
                  </options>
               </field>
               <field description="" name="ClonedOrder" type="reference">
                  <options>
                     <option name="referenceTo">Salesforce:Order</option>
                     <option name="required">false</option>
                     <option name="guid">9rhyRDabNHiiDcOu4c64gK</option>
                  </options>
               </field>
               <field description="" name="COUpdateRetry" type="int">
                  <options>
                     <option name="required">false</option>
                     <option hide="true" name="initialvalue">0</option>
                  </options>
               </field>
               <field description="" name="TempExternalPortalID" type="string">
                  <options>
                     <option name="required">false</option>
                  </options>
               </field>
               <field description="" name="ClonedOLI" type="objectlist">
                  <options>
                     <option name="referenceTo">Salesforce:OrderItem</option>
                     <option hide="true" name="multiSelect">true</option>
                     <option name="required">false</option>
                     <option name="guid">9rhyRDabNHiiDcOu4c64gK</option>
                  </options>
               </field>
               <field description="" name="changeOLIFieldsForClone" type="string">
                  <options>
                     <option name="required">false</option>
                  </options>
               </field>
            </tempFields>
            <notes/>
            <deployment skipIfRunning="false" suspendOnFault="false" tracingLevel="normal">
               <rest/>
            </deployment>
            <flow id="a">
               <start id="b">
                  <link id="inlwnc1t" targetId="inlwnc1s"/>
               </start>
               <subflow id="inlwnc1s">
                  <title>ER-Get GHI ICRT Retry Settings</title>
                  <subflowGUID>l4srhfOIvKLgD3l4HRWAyQ</subflowGUID>
                  <subflowPath>ER-Get_GHI_ICRT_Retry_Settings</subflowPath>
                  <runForEach>false</runForEach>
                  <input/>
                  <outputDef>
                     <field name="retryCount" type="int">
                        <options>
                           <option name="required">false</option>
                        </options>
                     </field>
                     <field name="retryDelay" type="double">
                        <options>
                           <option name="required">false</option>
                        </options>
                     </field>
                  </outputDef>
                  <link id="inpl2slz" targetId="inpl2sly"/>
               </subflow>
               <assignment id="inpl2sly">
                  <title>Assignment to Order ID</title>
                  <operation source="field" to="temp.currentOrder">input.CloneOrderId</operation>
                  <link id="jhkxgh8i" targetId="ke3rmfjj"/>
               </assignment>
               <assignment id="iprb69z9">
                  <title>Assignment to ClonedOrder</title>
                  <operation source="query" to="temp.ClonedOrder">
                     <query advanceQuery="false" from="Salesforce:Order">
                        <where>Id = '{$output.CloneObjectId}'  </where>
                     </query>
                  </operation>
                  <link id="iprb6a1o" targetId="iprb6a1n"/>
               </assignment>
               <assignment id="iprb6a1n">
                  <title>Assignment to displayClonedRecords</title>
                  <operation source="formula" to="output.displayClonedRecords">
                     <expression language="XQuery">fn:concat('An error in the cloning process occurred. The following records have been created:', '&lt;br/&gt;', 'Order: ', $temp.ClonedOrder.OrderNumber, ' from ', $temp.currentOrder.OrderNumber, '&lt;br/&gt;')</expression>
                  </operation>
                  <link id="iprb6a1p" targetId="inrmw7dz"/>
               </assignment>
               <eventContainer id="ke3rmfjj">
                  <service id="iprb6a4q">
                     <title>Clone Object</title>
                     <serviceName>Salesforce:icrtStep_sObjectClone</serviceName>
                     <serviceGUID>9rhyRDabNHiiDcOu4c64gK</serviceGUID>
                     <serviceInput>
                        <parameter name="Object Id" source="field" updatable="true">temp.currentOrder</parameter>
                        <parameter name="Change Field Map" source="constant">"GHI_Portal_SR_Tracking_Case__c":null, "OSM_Canceled_Reason__c":"","GHI_Portal_CreatedBy__c":"","OSM_Migration_ID_1__c":"", "OSM_Migration_ID_2__c":"", "OSM_Migration_ID_3__c":"", "OSM_Missing_Data__c":"", "OSM_Order_Created_User_Sub_Team__c":"", "OSM_Order_Created_User_Team__c":"", "OSM_Specimen_Retrieval_Ready__c":false, "OSM_Specimen_Submitting_Count__c":null, "OSM_Channel__c":"Paper", "OSM_Count_Lab_Hold_Case_Open__c":null, "OSM_Cnt_Order_Role_Report_Dist_Not_Ready__c":null, "OSM_Count_Report_Distribution_Hold_Cases__c":null,  "OSM_Order_Intake_User__c":"", "OSM_Order_Intake_User_Date_and_Time__c":null, "OSM_Order_Intake_User_Sub_Team__c":"", "OSM_Order_Intake_User_Team__c":"", "Order_Location__c":"", "OSM_Product__c":"", "Status":"New", "OSM_Status__c":"Order Intake", "OSM_Triage_Outcome__c":"", "OSM_Cloned_Order_from__c":"{$input.CloneOrderId}", "OSM_Related_Order__c":"{$input.CloneOrderId}", "OSM_Portal_Order_Submitted_Date__c":null, "OSM_Ordering_HCO__c":"", "Ordering_HCO_Country__c":"", "OSM_Ordering_HCP_Name__c":"", "Non_Report_Distribution_Ready__c":null, "OSM_Amount_of_Cheque__c":null, "OSM_Amount_Paid__c":null, "Non_Report_Distribution_Ready__c":null, "Error_in_Batch__c":false, "OSM_Lab_Hold_Case_Open__c":false, "OSM_Name_on_Cheque__c":"", "OSM_Order_Data_Confirmation_Details__c":"", "OSM_Order_Data_Confirmation_Needed__c":false, "OSM_Ordering_Role_BI_Ready_Code__c":null, "OSM_Order_Role_Lab_Ready__c":false, "OSM_OLI_Data_Verification_Comp_count__c":null, "OSM_OLI_Data_Verification_Count__c":null, "OSM_Patient_Data_Confirmation_Details__c":"", "OSM_Patient_Data_Confirmation_Needed__c":false, "OSM_Payment_Received__c":false, "OSM_BI_Ready__c":false, "OSM_Report_Distribution_Hold_Case_Open__c":false, "Send_Order_to_Lab__c":false, "OSM_Signature_Date__c":null, "OSM_Specimen_Retrieval_Option__c":"", "PoDate":null, "PoNumber":"", "OSM_Result_Report_ID_Counter__c": null, "External_Lab_Transaction_ID__c":"", "OSM_Eligibility_Status__c":"","OSM_Eligibility_Primary_Insurance_Name__c":"","OSM_Eligibility_Primary_Ins_Name_Other__c":"","OSM_Eligibility_API_Error__c":"","OSM_Eligibility_API_Request__c":"","OSM_Eligibility_API_Response__c":"", "External_Order_ID__c":"", "Global_External_Order_Id__c":"","DocuSign_Recipient_Status__c":"","DocuSign_Status__c":"","OSM_SOMN_Document_Recent_Status__c":"","OSM_SOMN_Document_Recent_Status_Envelope__c":"", "OSM_Order_Intake_Assigned__c":false,"HCP_Provided_Ordering_Same_As_Treating__c":"","OSM_Pilot_Features__c":"","OSM_PA_Hold__c":false,"OSM_SOMN_Hold__c":false,"OSM_Package_Status__c":"","GHI_PA_Hold_Status_Viewed__c":false,"GHI_SOMN_Hold_Status_Viewed__c":false, "GHI_Duplicate_Status_Case__c":"","GHI_Duplicate_Status_Viewed__c":false, "GHI_Multiple_Primary_Status_Case__c":"","GHI_Multiple_Primary_Status_Viewed__c":false,"OSM_WIP_Pick__c":"","OSM_WIP_User__c":"","OSM_WIP_ON_Date_Time__c":null,"GHI_Missing_Data_Status_Case__c":"","GHI_Missing_Data_Status_Viewed__c":false,"GHI_Optimal_Specimen_Status_Case__c":"","GHI_Optimal_Specimen_Status_Viewed__c":false,"GHI_Clinical_Criteria_Status_Case__c":"","GHI_Clinical_Criteria_Status_Viewed__c":false, "GHI_Clinical_Experience_Status_Viewed__c":false, "GHI_Prostate_CE_Status_Viewed__c":false, "GHI_Specimen_Retrieval_Status_Viewed__c":false, "GHI_Path_Report_Outreach_Status_Viewed__c":false, "GHI_Potential_Multiple_Pri_Status_Viewed__c":false, "GHI_Potential_Repeat_Biopsy_Status_View__c":false, "GHI_Clinical_Experience_Status_Case__c":"", "GHI_Prostate_CE_Status_Case__c":"", "GHI_Specimen_Retrieval_Status_Case__c":"", "GHI_Path_Report_Outreach_Status_Case__c":"", "GHI_Potential_Multiple_Pri_Status_Case__c":"", "GHI_Potential_Repeat_Biopsy_Status_Case__c":"",  "OSM_isMedicareAdvantage__c":"", "GHI_Failure_Follow_up_Status_Case__c":"", "GHI_Failure_Follow_up_Status_Viewed__c":false, "GHI_ERD_Update_Status_Case__c":"", "GHI_ERD_Update_Status_Viewed__c":false, "GHI_Portal_Open_Items_Status_Counter__c":null,"OSM_General_Lab_Request_Status_Case__c":"", "OSM_Specimen_Issue_Status_Case__c":"","OSM_General_Lab_Request_Status_Viewed__c":false,"OSM_Specimen_Issue_Status_Viewed__c":false,"OSM_ERD_Clicked__c":false,"OSM_ERD_Bolded__c":false,"OSM_Customer_Purchase_Order__c":"","OSM_VA_EMR__c":false,"OSM_Canceled_Sub_Reason__c":"","OSM_Other_Canceled_Reason__c":"","OSM_Authorization_Form_Received__c":false, "OSM_OLI_Data_Verification_Urgent_Count__c":null, "OSM_OLI_Data_Verify_Second_Urgent_Count__c":null,"OSM_SOMN_Ready__c":false,"OSM_SOMN_Sent__c":false,"OSM_ExTra_Order_Status__c":"Submitting","OSM_ODM_Sent__c":false,"OSM_Pre_Billing_Complete_Message_Sent__c":false,"OSM_Earliest_Specimen_Receipt_Date__c":null, "OSM_ExTra_RG_Combined_Confirmation_Numbe__c":"", "OSM_RG_Order_Status__c":"", "OSM_Legacy_Order_ID__c":"", "OSM_NY_Specimen__c":false</parameter>
                     </serviceInput>
                  </service>
                  <flow id="ke3rmfjl">
                     <link id="ke3rmfjm" targetId="ke3rmfjj" type="containerLink"/>
                  </flow>
                  <flow id="ke3rmfjq">
                     <link id="ke3rmfjr" targetId="ke3rmfjj" type="containerLink"/>
                  </flow>
                  <link id="ke3rmfjk" targetId="ke3rmfjl" type="containerLink"/>
                  <link id="iprb69za" targetId="iprb69z9"/>
                  <events>
                     <catch faultField="faultInfo" id="iprb6a4n" interrupting="true">
                        <link id="ke3rmfjp" targetId="ke3rmfjq" type="containerLink"/>
                     </catch>
                  </events>
               </eventContainer>
               <container id="inrmw7dz" type="exclusive">
                  <title>OLICheckBox</title>
                  <flow id="inrmw7e0">
                     <assignment id="inrmw7e1">
                        <title>Assignment of Orderable</title>
                        <operation source="field" to="temp.ClonedOrder.OSM_Product__c">temp.currentOrder.OSM_Product__c</operation>
                        <link id="inrmw7eq" targetId="inrmw7e2"/>
                     </assignment>
                     <assignment id="inrmw7e2">
                        <title>Assignment to OLIList</title>
                        <operation source="list" to="temp.OLIList">
                           <query advanceQuery="false" from="Salesforce:OrderItem">
                              <where>OrderId = '{$temp.currentOrder}'</where>
                           </query>
                        </operation>
                        <link id="inrmw7er" targetId="inrmw7e3"/>
                     </assignment>
                     <assignment id="inrmw7e3">
                        <title>Assignment to assignOLI</title>
                        <operation source="field" to="temp.assignOLI">temp.OLIList</operation>
                        <link id="inrmw7es" targetId="inrmw7e4"/>
                     </assignment>
                     <assignment id="inrmw7e4">
                        <title>Assignment to tempOLI head</title>
                        <operation source="formula" to="temp.tempOLI">
                           <expression language="XQuery">list:head($temp.assignOLI)</expression>
                        </operation>
                        <link id="inrmw7et" targetId="inrmw7e5"/>
                     </assignment>
                     <container id="inrmw7e5" type="exclusive">
                        <title>tempOLI</title>
                        <flow id="inrmw7e6">
                           <assignment id="l6ym8y6y">
                              <title>Assignment to changeOLIFieldsForClone</title>
                              <operation source="constant" to="temp.changeOLIFieldsForClone"> "OSM_Pre_Billing_Cancel_Failure_Sent_Date__c":null,"OSM_Billing_Policy_Data_Status__c":"", "OSM_Billing_policy_N_A__c":false, "OSM_Billing_Policy_Qualification_Status__c":"", "OSM_Billing_Void_Sent_Date_Current__c":null, "OSM_Canceled_Reason__c":"", "OSM_Creditable__c":false, "OSM_Creditable_Override__c":"", "OSM_Lab_Ready__c":false, "OSM_Latest_Successful_Date_and_Time__c":null, "OSM_Latest_Successful_Report_Date_Time__c":null, "OSM_OLI_Data_Missing__c":false, "OSM_Out_of_Criteria__c":"", "OSM_Prebilling_Cases_Count__c":null, "OSM_BI_Ready__c":false, "OSM_Purchase_Order_Number__c":"", "OSM_Report_Date__c":null, "OSM_Report_Distribution_Ready__c":false, "OSM_Specimen_Retrieval_Option__c":"", "OSM_Specimen_Retrieval_Ready__c":false, "OSM_Submission_Status__c":"", "OSM_Updated_by_Trigger__c":false, "OSM_Billing_Policy_Bill_Entity__c":"", "OSM_Billing_Request_Sent_Date_Current__c":null, "OSM_Billing_Status__c":"Awaiting Pre-Billing Data", "OSM_Data_Entry_Status__c":"Initial Data Entry", "OSM_Date_Distributed_Current__c":null, "OSM_Date_of_Service__c":null, "OSM_First_Successful_Date_and_Time__c":null, "OSM_Is_Billing__c":false, "OSM_Is_Billing_Case_Open__c":false, "OSM_Is_Pre_Billing_Case_Open__c":false, "OSM_Lab_and_Report_Status__c":"Pre-Processing", "OSM_OS_OLI_Billing_ready__c":false, "OSM_OSpecimen_Report_Distribution_Ready__c":false, "OSM_Pre_Billing_Complete_Date_Current__c":null, "OSM_Pre_Billing_Sent_Date_Current__c":null, "OSM_Primary_Payor__c":"", "OSM_QDX_Insurance_Code__c":"", "OSM_Reporting_Group__c":"", "OSM_Result_Current__c":"", "OSM_Resulted_Order_Specimen_ID_Current__c":"", "Results_Disposition_Current__c":"", "OSM_First_Specimen_Received_Date__c":null, "OSM_State__c":"New", "OSM_Test_Delivered_Date__c":null, "OSM_Verification_User__c":"", "OSM_Verification_Last_Modified__c":null, "OSM_Verification_User_Sub_Team__c":"", "OSM_Work_Order__c":"", "OSM_Unprocessed_OLI__c":true,  "OSM_Order_Line_Item_Status__c":"Submitting", "OSM_ABN_Required__c":false, "OSM_Amount_of_Cheque__c":null, "OSM_Amount_Paid__c":null, "OSM_Cheque__c":false, "OSM_Cheque_Number__c":null, "OSM_Name_on_Cheque__c":"", "OSM_Other_Update_Reason__c":"", "OSM_Payment_Received__c":false, "OSM_Plan__c":"", "OSM_Credit_Date__c":null, "OSM_Quadax_Update_Reason__c":"", "Render_and_Distribute_Data_Message__c":false, "OSM_Sending_Bank_Transfer_Number__c":"", "OSM_Verification_User_Team__c":"", "ServiceDate":null, "OrderId":"{$temp.ClonedOrder}","Analytical_Results_Ready_Date_Current__c":null,"Recalculated_ABN__c":false,"OSM_SOMN_Hold__c":false,"GHI_PA_Hold__c":false, "OSM_Customer_ERD__c":null, "OSM_Customer_ERD_Type__c":"", "OSM_Estimated_Report_Date_Updated_v1__c":null,"OSM_ABN_Reason__c":"", "OSM_PSP_Tier__c":null,"OSM_German_Reimbursement_Pathway__c":null, "OSM_Canceled_Sub_Reason__c":"", "OSM_Other_Canceled_Reason__c":"","OSM_Do_not_Send_to_Quadax_Admin_Override__c":false,"OSM_Override_Pre_Billing_Case__c":false,"OSM_NCCN_Qualification_Status__c":null, "OSM_Legacy_Order_Line_Item_ID__c":""</operation>
                              <link id="l6ym8ybz" targetId="l6ym8yby"/>
                           </assignment>
                           <assignment id="ipodvl1n">
                              <title>Assignment to displayClonedRecords</title>
                              <operation source="formula" to="output.displayClonedRecords">
                                 <expression language="XQuery">fn:concat($output.displayClonedRecords, 'Order Line Item: ', $output.ClonedOLINumber,' from ', $temp.tempOLI.OSM_Order_Line_Item_ID__c, '&lt;br/&gt;')</expression>
                              </operation>
                              <link id="kkn64rav" targetId="kkn64rau"/>
                           </assignment>
                           <assignment id="kkn64rau">
                              <title>Assignment to ClonedOLI</title>
                              <operation source="list" to="temp.ClonedOLI">
                                 <query advanceQuery="false" from="Salesforce:OrderItem">
                                    <where>Id = '{$output.CloneObjectId}'</where>
                                 </query>
                              </operation>
                              <link id="kkn64rfk" targetId="kkn64rfj"/>
                           </assignment>
                           <assignment id="kkn64rfj">
                              <title>Assignment to Number of Successful Runs</title>
                              <operation source="constant" to="temp.ClonedOLI.OSM_Number_of_Successful_Runs__c">1</operation>
                              <link id="kkn64rfl" targetId="ipodvl2c"/>
                           </assignment>
                           <assignment id="ipodvl2c">
                              <title>Assignment to assignOLI</title>
                              <operation source="formula" to="temp.assignOLI">
                                 <expression language="XQuery">list:tail($temp.assignOLI)</expression>
                              </operation>
                              <link id="ipodvl34" targetId="ipodvl32"/>
                           </assignment>
                           <container id="l6ym8yby" type="exclusive">
                              <title>Billing Policy Bill Entity</title>
                              <flow id="l6ym8yc2">
                                 <container id="l6ym8yfs" type="exclusive">
                                    <title>Bill Type</title>
                                    <flow id="l6ym8yfu">
                                       <link id="l6ym8yfv" targetId="l6ym8yfs" type="containerLink"/>
                                    </flow>
                                    <flow id="l6ym8yfx">
                                       <assignment id="l6ym8yj3">
                                          <title>Assignment to changeOLIFieldsForClone</title>
                                          <operation source="formula" to="temp.changeOLIFieldsForClone">
                                             <expression language="XQuery">fn:concat($temp.changeOLIFieldsForClone , ',' , 
'"OSM_Bill_Account__c":null')</expression>
                                          </operation>
                                       </assignment>
                                       <link id="l6ym8yfy" targetId="l6ym8yfs" type="containerLink"/>
                                    </flow>
                                    <link id="l6ym8yft" targetId="l6ym8yfu" type="containerLink">
                                       <condition source="formula">
                                          <function name="included">
                                             <arg name="left">{$temp.tempOLI.OSM_Bill_Type__c}</arg>
                                             <arg name="right">Bill Account</arg>
                                          </function>
                                       </condition>
                                    </link>
                                    <link id="l6ym8yfw" targetId="l6ym8yfx" type="containerLink"/>
                                 </container>
                                 <link id="l6ym8yc3" targetId="l6ym8yby" type="containerLink"/>
                              </flow>
                              <flow id="l6ym8yc5">
                                 <link id="l6ym8yc6" targetId="l6ym8yby" type="containerLink"/>
                              </flow>
                              <link id="l6ym8yc1" targetId="l6ym8yc2" type="containerLink">
                                 <condition source="formula">
                                    <function name="included">
                                       <arg name="left">{$temp.tempOLI.OSM_Billing_Policy_Bill_Entity__c}</arg>
                                       <arg name="right">Hospital</arg>
                                    </function>
                                 </condition>
                              </link>
                              <link id="l6ym8yc4" targetId="l6ym8yc5" type="containerLink"/>
                              <link id="l6ym8yc0" targetId="inrmw7e7"/>
                           </container>
                           <eventContainer id="inrmw7e7">
                              <service id="inrmw7eh">
                                 <title>Clone Object OLI</title>
                                 <serviceName>Salesforce:icrtStep_sObjectClone</serviceName>
                                 <serviceGUID>9rhyRDabNHiiDcOu4c64gK</serviceGUID>
                                 <serviceInput>
                                    <parameter name="Object Id" source="field" updatable="true">temp.tempOLI</parameter>
                                    <parameter name="Change Field Map" source="field" updatable="true">temp.changeOLIFieldsForClone</parameter>
                                 </serviceInput>
                              </service>
                              <flow id="inrmw7e8">
                                 <link id="inrmw7ez" targetId="inrmw7e7" type="containerLink"/>
                              </flow>
                              <flow id="inrmw7e9">
                                 <container id="iprx9quw" type="exclusive">
                                    <title>Detail</title>
                                    <flow id="iprx9qvw">
                                       <wait id="iprx9qwm">
                                          <title>Delay for creating a Work Order record</title>
                                          <duration source="formula">
                                             <function name="duration_expression">
                                                <arg name="value">{$output.retryDelay}</arg>
                                                <arg name="scale">S</arg>
                                                <arg name="businessDays"/>
                                             </function>
                                          </duration>
                                          <link id="iprx9qyd" targetId="iprx9qyc"/>
                                       </wait>
                                       <assignment id="iprx9qyc">
                                          <title>increment retry count</title>
                                          <operation source="formula" to="temp.OLIRetryCount">
                                             <expression language="XQuery">$temp.OLIRetryCount + 1</expression>
                                          </operation>
                                          <link id="iprx9qzh" targetId="iprx9qz9"/>
                                       </assignment>
                                       <container id="iprx9qz9" type="exclusive">
                                          <title>Check Retry Count</title>
                                          <flow id="iprx9qza">
                                             <throw id="iprx9qzb">
                                                <throwInput>
                                                   <parameter name="code" source="constant" updatable="true">{$output.OLIFaultInfo[1]/code}</parameter>
                                                   <parameter name="detail" source="constant" updatable="true">Issue with cloning OLI. {$output.OLIFaultInfo[1]/detail}</parameter>
                                                   <parameter name="reason" source="constant" updatable="true">Issue with cloning OLI. {$output.OLIFaultInfo[1]/reason}   The following items have been cloned. {$output.displayClonedRecords}</parameter>
                                                </throwInput>
                                             </throw>
                                          </flow>
                                          <flow id="iprx9qzc">
                                             <jumpTo id="iprx9qzd">
                                                <link id="iprx9qzg" targetId="inrmw7e7"/>
                                             </jumpTo>
                                          </flow>
                                          <link id="iprx9qze" targetId="iprx9qza" type="containerLink">
                                             <condition source="formula">
                                                <function name="greater-or-equals">
                                                   <arg name="left">{$temp.OLIRetryCount}</arg>
                                                   <arg name="right">{$output.retryCount}</arg>
                                                </function>
                                             </condition>
                                          </link>
                                          <link id="iprx9qzf" targetId="iprx9qzc" type="containerLink"/>
                                       </container>
                                    </flow>
                                    <flow id="iprx9qvz">
                                       <throw id="iprx9qvy">
                                          <throwInput>
                                             <parameter name="code" source="constant" updatable="true">{$output.OLIFaultInfo[1]/code}</parameter>
                                             <parameter name="detail" source="constant" updatable="true">{$output.OLIFaultInfo[1]/detail}</parameter>
                                             <parameter name="reason" source="constant" updatable="true">{$output.OLIFaultInfo[1]/reason}</parameter>
                                          </throwInput>
                                       </throw>
                                    </flow>
                                    <link id="iprx9qvt" targetId="iprx9qvw" type="containerLink">
                                       <condition source="formula">
                                          <function name="contains">
                                             <arg name="left">{$output.OLIFaultInfo[1]/detail}</arg>
                                             <arg name="right">UNABLE_TO_LOCK_ROW</arg>
                                          </function>
                                       </condition>
                                    </link>
                                    <link id="iprx9qvu" targetId="iprx9qvz" type="containerLink"/>
                                 </container>
                              </flow>
                              <link id="inrmw7ew" targetId="inrmw7e8" type="containerLink"/>
                              <link id="ipodvl0v" targetId="ipodvl0u"/>
                              <events>
                                 <catch faultField="OLIFaultInfo" id="inlwnc9t" interrupting="true">
                                    <link id="inrmw7ex" targetId="inrmw7e9" type="containerLink"/>
                                 </catch>
                              </events>
                           </eventContainer>
                           <subflow id="ipodvl0u">
                              <title>Query OLI</title>
                              <subflowGUID>00BxnsZsoF7hQPCSFvt3i6</subflowGUID>
                              <subflowPath>Query_OLI</subflowPath>
                              <runForEach>false</runForEach>
                              <input>
                                 <parameter name="ClonedOLIId" source="formula" updatable="true">
                                    <expression language="XQuery">$output.CloneObjectId</expression>
                                 </parameter>
                              </input>
                              <outputDef>
                                 <field name="ClonedOLIRecord" type="reference">
                                    <options>
                                       <option name="referenceTo">Salesforce:OrderItem</option>
                                       <option name="required">false</option>
                                       <option name="guid">9rhyRDabNHiiDcOu4c64gK</option>
                                    </options>
                                 </field>
                                 <field name="ClonedOLINumber" type="string">
                                    <options>
                                       <option name="required">false</option>
                                    </options>
                                 </field>
                              </outputDef>
                              <link id="kkn64r8h" targetId="ipodvl1n"/>
                           </subflow>
                           <jumpTo id="ipodvl32">
                              <link id="ipodvl33" targetId="inrmw7e4"/>
                           </jumpTo>
                        </flow>
                        <flow id="inrmw7ek">
                           <jumpTo id="inrmw7hn">
                              <link id="inrmw7ho" targetId="inrmw7fv"/>
                           </jumpTo>
                        </flow>
                        <link id="inrmw7eu" targetId="inrmw7e6" type="containerLink">
                           <condition source="formula">
                              <function name="not-empty">
                                 <arg name="field">{$temp.tempOLI}</arg>
                              </function>
                           </condition>
                        </link>
                        <link id="inrmw7ev" targetId="inrmw7ek" type="containerLink">
                           <condition source="formula">
                              <function name="empty">
                                 <arg name="field">{$temp.tempOLI}</arg>
                              </function>
                           </condition>
                        </link>
                     </container>
                  </flow>
                  <flow id="inrmw7el">
                     <assignment id="inrmw7em">
                        <title>Assignment to Orderable</title>
                        <operation source="constant" to="temp.ClonedOrder.OSM_Product__c">Unknown</operation>
                        <link id="inrmw7h3" targetId="inrmw7fv"/>
                     </assignment>
                     <assignment id="jhuu4urx">
                        <title>Save exiting External portal id in temp variable</title>
                        <operation source="field" to="temp.TempExternalPortalID">temp.currentOrder.External_Order_ID__c</operation>
                        <link id="jhuu4urz" targetId="ipqf4vmb"/>
                     </assignment>
                     <assignment id="inrmw7jw">
                        <title>Assignment to outputClonedOrder</title>
                        <operation source="field" to="output.outputClonedOrder">temp.ClonedOrder</operation>
                        <operation source="field" to="output.outputClonedOrderNumber">temp.ClonedOrder.OrderNumber</operation>
                     </assignment>
                     <container id="inrmw7fv" type="exclusive">
                        <title>OrderRoleCB</title>
                        <flow id="inrmw7fw">
                           <assignment id="inrmw7fx">
                              <title>Assignment to orderRoleList</title>
                              <operation source="list" to="temp.orderRoleList">
                                 <query advanceQuery="false" from="Salesforce:OSM_Order_Role__c">
                                    <where>OSM_Role__c != 'Internal' AND OSM_Order__c = '{$temp.currentOrder}'</where>
                                 </query>
                              </operation>
                              <link id="inrmw7gl" targetId="inrmw7fy"/>
                           </assignment>
                           <assignment id="inrmw7fy">
                              <title>Assignment to assignOrderRoles</title>
                              <operation source="field" to="temp.assignOrderRoles">temp.orderRoleList</operation>
                              <link id="inrmw7gm" targetId="inrmw7fz"/>
                           </assignment>
                           <assignment id="inrmw7fz">
                              <title>Assignment to tempOrderRoleHead</title>
                              <operation source="formula" to="temp.tempOrderRoleHead">
                                 <expression language="XQuery">list:head($temp.assignOrderRoles)</expression>
                              </operation>
                              <link id="inrmw7gn" targetId="inrmw7g0"/>
                           </assignment>
                           <container id="inrmw7g0" type="exclusive">
                              <title>temporderRoleHead</title>
                              <flow id="inrmw7g1">
                                 <subflow id="iphmos74">
                                    <title>Clone Order Role Sub Process</title>
                                    <subflowGUID>1C3Tgbk6yKMeLjD8N8OeeU</subflowGUID>
                                    <subflowPath>Clone_Order_Role_Sub_Process</subflowPath>
                                    <runForEach>false</runForEach>
                                    <input>
                                       <parameter name="orderRoleRecord" source="field">temp.tempOrderRoleHead</parameter>
                                       <parameter name="displayClonedRecords" source="field" updatable="true">output.displayClonedRecords</parameter>
                                       <parameter name="clonedOrder" source="field">temp.ClonedOrder</parameter>
                                    </input>
                                    <outputDef>
                                       <field name="cloneSuccessful" type="boolean">
                                          <options>
                                             <option name="defaultvalue">false</option>
                                             <option name="boolean_show_as">checkbox</option>
                                             <option name="required">false</option>
                                          </options>
                                       </field>
                                    </outputDef>
                                    <link id="ipodvl3s" targetId="ipodvl3r"/>
                                 </subflow>
                                 <assignment id="ipodvl3r">
                                    <title>Assignment to displayClonedRecords</title>
                                    <operation source="formula" to="output.displayClonedRecords">
                                       <expression language="XQuery">fn:concat($output.displayClonedRecords, 'Order Role: ', $temp.tempOrderRoleHead.Name,'&lt;br/&gt;')</expression>
                                    </operation>
                                    <link id="ipodvl4h" targetId="ipodvl4g"/>
                                 </assignment>
                                 <assignment id="ipodvl4g">
                                    <title>Assignment to assignOrderRoles</title>
                                    <operation source="formula" to="temp.assignOrderRoles">
                                       <expression language="XQuery">list:tail($temp.assignOrderRoles)</expression>
                                    </operation>
                                    <link id="ipodvl7a" targetId="ipodvl78"/>
                                 </assignment>
                                 <jumpTo id="ipodvl78">
                                    <link id="ipodvl79" targetId="inrmw7fz"/>
                                 </jumpTo>
                              </flow>
                              <flow id="inrmw7gf">
                                 <link id="inrmw7i5" targetId="inrmw7g0" type="containerLink"/>
                              </flow>
                              <link id="inrmw7go" targetId="inrmw7g1" type="containerLink">
                                 <condition source="formula">
                                    <function name="not-empty">
                                       <arg name="field">{$temp.tempOrderRoleHead}</arg>
                                    </function>
                                 </condition>
                              </link>
                              <link id="inrmw7gp" targetId="inrmw7gf" type="containerLink">
                                 <condition source="formula">
                                    <function name="empty">
                                       <arg name="field">{$temp.tempOrderRoleHead}</arg>
                                    </function>
                                 </condition>
                              </link>
                           </container>
                           <link id="inrmw7i6" targetId="inrmw7fv" type="containerLink"/>
                        </flow>
                        <flow id="inrmw7gh">
                           <link id="inrmw7h2" targetId="inrmw7fv" type="containerLink"/>
                        </flow>
                        <link id="inrmw7gj" targetId="inrmw7fw" type="containerLink">
                           <condition source="formula">
                              <function name="true">
                                 <arg name="field">{$input.OrderRoleCheckBox}</arg>
                              </function>
                           </condition>
                        </link>
                        <link id="inrmw7gk" targetId="inrmw7gh" type="containerLink">
                           <condition source="formula">
                              <function name="false">
                                 <arg name="field">{$input.OrderRoleCheckBox}</arg>
                              </function>
                           </condition>
                        </link>
                        <link id="jhuu4ury" targetId="jhuu4urx"/>
                     </container>
                     <eventContainer id="ipqf4vmb">
                        <subflow id="ipqf4vjg">
                           <title>Update Cloned Order Fields</title>
                           <subflowGUID>2xPiLVqyfOie2j2k1LHHo6</subflowGUID>
                           <subflowPath>Update_Cloned_Order_Fields</subflowPath>
                           <runForEach>false</runForEach>
                           <input>
                              <parameter name="ClonedOrder" source="field">temp.ClonedOrder</parameter>
                              <parameter name="CurrentOrder" source="field">temp.currentOrder</parameter>
                              <parameter name="TempPortalExtID" source="field" updatable="true">temp.TempExternalPortalID</parameter>
                           </input>
                           <outputDef>
                              <field name="ClonedOrderOuput" type="reference">
                                 <options>
                                    <option name="referenceTo">Salesforce:Order</option>
                                    <option name="required">false</option>
                                    <option name="guid">9rhyRDabNHiiDcOu4c64gK</option>
                                 </options>
                              </field>
                           </outputDef>
                        </subflow>
                        <flow id="ipqf4vme">
                           <link id="ipqf4vmf" targetId="ipqf4vmb" type="containerLink"/>
                        </flow>
                        <flow id="ipqf4vmi">
                           <container id="iprx9r1g" type="exclusive">
                              <title>Detail</title>
                              <flow id="iprx9r2o">
                                 <wait id="iprx9r49">
                                    <title>Delay for updating the Cloned Order record</title>
                                    <duration source="formula">
                                       <function name="duration_expression">
                                          <arg name="value">{$output.retryDelay}</arg>
                                          <arg name="scale">S</arg>
                                          <arg name="businessDays"/>
                                       </function>
                                    </duration>
                                    <link id="iprx9r55" targetId="iprx9r54"/>
                                 </wait>
                                 <assignment id="iprx9r54">
                                    <title>Assignment to COUpdateRetry</title>
                                    <operation source="formula" to="temp.COUpdateRetry">
                                       <expression language="XQuery">$temp.COUpdateRetry + 1</expression>
                                    </operation>
                                    <link id="iprx9r67" targetId="iprx9r5z"/>
                                 </assignment>
                                 <container id="iprx9r5z" type="exclusive">
                                    <title>COUpdateRetry</title>
                                    <flow id="iprx9r60">
                                       <container id="jhuu4uz4" type="exclusive">
                                          <title>Check if cloned order field is Polulated</title>
                                          <flow id="jhuu4v02">
                                             <link id="jhuu4v03" targetId="jhuu4uz4" type="containerLink"/>
                                          </flow>
                                          <flow id="jhuu4v05">
                                             <assignment id="jhuu4v6n">
                                                <title>Clear the Cloned External ID</title>
                                                <operation source="constant" to="temp.ClonedOrder.External_Order_ID__c"/>
                                             </assignment>
                                             <link id="jhuu4v06" targetId="jhuu4uz4" type="containerLink"/>
                                          </flow>
                                          <link id="jhuu4uzz" targetId="jhuu4v02" type="containerLink">
                                             <condition source="formula">
                                                <function name="string-equals">
                                                   <arg name="left">{$temp.ClonedOrder.External_Order_ID__c}</arg>
                                                   <arg name="right"/>
                                                </function>
                                             </condition>
                                          </link>
                                          <link id="jhuu4v00" targetId="jhuu4v05" type="containerLink"/>
                                          <link id="jhuu4v5m" targetId="jhuu4v5l"/>
                                       </container>
                                       <assignment id="jhuu4v5l">
                                          <title>Populate the External Portal Id with temp</title>
                                          <operation source="field" to="temp.currentOrder.External_Order_ID__c">temp.TempExternalPortalID</operation>
                                          <link id="jhuu4v5n" targetId="iprx9r61"/>
                                       </assignment>
                                       <throw id="iprx9r61">
                                          <throwInput>
                                             <parameter name="code" source="constant" updatable="true">{$output.COUpdatefaultInfo[1]/code}</parameter>
                                             <parameter name="detail" source="constant" updatable="true">Issue with cloning OLI. {$output.COUpdatefaultInfo[1]/detail}</parameter>
                                             <parameter name="reason" source="constant" updatable="true">There was a problem updating the Cloned Order</parameter>
                                          </throwInput>
                                       </throw>
                                    </flow>
                                    <flow id="iprx9r62">
                                       <jumpTo id="iprx9r63">
                                          <link id="iprx9r66" targetId="ipqf4vmb"/>
                                       </jumpTo>
                                    </flow>
                                    <link id="iprx9r64" targetId="iprx9r60" type="containerLink">
                                       <condition source="formula">
                                          <function name="greater-or-equals">
                                             <arg name="left">{$temp.COUpdateRetry}</arg>
                                             <arg name="right">{$output.retryCount}</arg>
                                          </function>
                                       </condition>
                                    </link>
                                    <link id="iprx9r65" targetId="iprx9r62" type="containerLink"/>
                                 </container>
                              </flow>
                              <flow id="iprx9r2r">
                                 <throw id="iprx9r2q">
                                    <throwInput>
                                       <parameter name="code" source="constant" updatable="true">{$output.COUpdatefaultInfo[1]/code}</parameter>
                                       <parameter name="detail" source="constant" updatable="true">{$output.COUpdatefaultInfo[1]/detail}</parameter>
                                       <parameter name="reason" source="constant" updatable="true">{$output.COUpdatefaultInfo[1]/reason}</parameter>
                                    </throwInput>
                                 </throw>
                              </flow>
                              <link id="iprx9r2l" targetId="iprx9r2o" type="containerLink">
                                 <condition source="formula">
                                    <function name="contains">
                                       <arg name="left">{$output.COUpdatefaultInfo[1]/detail}</arg>
                                       <arg name="right">UNABLE_TO_LOCK_ROW</arg>
                                    </function>
                                 </condition>
                              </link>
                              <link id="iprx9r2m" targetId="iprx9r2r" type="containerLink"/>
                           </container>
                        </flow>
                        <link id="ipqf4vmc" targetId="ipqf4vme" type="containerLink"/>
                        <link id="iprx9r9c" targetId="inrmw7jw"/>
                        <events>
                           <catch faultField="COUpdatefaultInfo" id="ipqf4vm6" interrupting="true">
                              <link id="ipqf4vmg" targetId="ipqf4vmi" type="containerLink"/>
                           </catch>
                        </events>
                     </eventContainer>
                     <link id="inrmw7f8" targetId="inrmw7dz" type="containerLink"/>
                  </flow>
                  <link id="inrmw7en" targetId="inrmw7e0" type="containerLink">
                     <condition source="formula">
                        <function name="true">
                           <arg name="field">{$input.OLICheckBox}</arg>
                        </function>
                     </condition>
                  </link>
                  <link id="inrmw7eo" targetId="inrmw7el" type="containerLink">
                     <condition source="formula">
                        <function name="false">
                           <arg name="field">{$input.OLICheckBox}</arg>
                        </function>
                     </condition>
                  </link>
                  <link id="inrmw7hd" targetId="d"/>
               </container>
               <end id="d">
                  <title>End</title>
               </end>
            </flow>
         </process>
      </types1:Entry>
      <types1:GUID>0gK7ytiGiHXcFLZZ9OIjQJ</types1:GUID>
      <types1:DisplayName>CloneOrderRoleOLI</types1:DisplayName>
   </types1:Item>
   <types1:CurrentServerDateTime>2023-05-18T11:15:42.988Z</types1:CurrentServerDateTime>
</aetgt:getResponse>
