<aetgt:getResponse xmlns:aetgt="http://schemas.active-endpoints.com/appmodules/repository/2010/10/avrepository.xsd"
                   xmlns:types1="http://schemas.active-endpoints.com/appmodules/repository/2010/10/avrepository.xsd">
   <types1:Item>
      <types1:EntryId>dypLK2D86CjqFVN-gt-15163779-2019-03-07T20:35:23.06Z::pd.xml</types1:EntryId>
      <types1:Name>INT-EU-Portal-SXDM-Order</types1:Name>
      <types1:ParentFlowIds>wnHUPAZf5kck8jK-gt-15162615-2019-03-07T20:35:05.336Z::pd.xml</types1:ParentFlowIds>
      <types1:MimeType>application/xml+process</types1:MimeType>
      <types1:Description>This will generate the XML Body for Order Node</types1:Description>
      <types1:AppliesTo>Salesforce:OrderItem</types1:AppliesTo>
      <types1:Tags/>
      <types1:VersionLabel>1.0</types1:VersionLabel>
      <types1:State>CURRENT</types1:State>
      <types1:ProcessGroup/>
      <types1:CreatedBy>admin@001e08.ghi</types1:CreatedBy>
      <types1:CreationDate>2019-03-07T20:35:23Z</types1:CreationDate>
      <types1:ModifiedBy>admin@par15.ghi</types1:ModifiedBy>
      <types1:ModificationDate>2023-05-01T22:23:29Z</types1:ModificationDate>
      <types1:PublicationStatus>published</types1:PublicationStatus>
      <types1:PublishedBy>admin@par15.ghi</types1:PublishedBy>
      <types1:PublicationDate>2023-05-16T22:11:01Z</types1:PublicationDate>
      <types1:PublishedContributionId>project:/spi.INT-EU-Portal-SXDM-Order/INT-EU-Portal-SXDM-Order.pd.xml</types1:PublishedContributionId>
      <types1:AutosaveExists>false</types1:AutosaveExists>
      <types1:Entry>
         <process xmlns="http://schemas.active-endpoints.com/appmodules/screenflow/2010/10/avosScreenflow.xsd"
                  xmlns:tfm="http://schemas.active-endpoints.com/appmodules/screenflow/2021/04/taskflowModel.xsd"
                  xmlns:list="urn:activevos:spi:list:functions"
                  displayName="INT-EU-Portal-SXDM-Order"
                  name="INT-EU-Portal-SXDM-Order">
            <parameterSet xmlns="http://schemas.active-endpoints.com/appmodules/screenflow/2021/04/taskflowModel.xsd"/>
            <appliesTo>Salesforce:OrderItem</appliesTo>
            <description>This will generate the XML Body for Order Node</description>
            <tags/>
            <generator>Informatica Process Designer 11</generator>
            <input>
               <parameter description="" name="InOrderId" type="string">
                  <options>
                     <option name="required">false</option>
                  </options>
               </parameter>
            </input>
            <output>
               <field description="" name="OrderType" type="reference">
                  <options>
                     <option name="referenceTo">GHI-ESB-REST:ProcessedOrderType</option>
                     <option name="required">false</option>
                     <option name="isCopy">true</option>
                     <option name="guid">04fR9piQEr8jbmyLWN9SwT</option>
                  </options>
               </field>
            </output>
            <tempFields>
               <field description=""
                      name="tempAddressAffiliationListPatient"
                      type="objectlist">
                  <options>
                     <option name="referenceTo">Salesforce:OSM_Address_Affiliation__c</option>
                     <option hide="true" name="multiSelect">true</option>
                     <option name="required">false</option>
                     <option name="guid">9rhyRDabNHiiDcOu4c64gK</option>
                  </options>
               </field>
               <field description=""
                      name="tempAddressAffiliationPatient"
                      type="reference">
                  <options>
                     <option name="referenceTo">Salesforce:OSM_Address_Affiliation__c</option>
                     <option name="required">false</option>
                     <option name="guid">9rhyRDabNHiiDcOu4c64gK</option>
                  </options>
               </field>
               <field description="" name="tempOLI" type="reference">
                  <options>
                     <option name="referenceTo">Salesforce:OrderItem</option>
                     <option name="required">false</option>
                     <option name="guid">9rhyRDabNHiiDcOu4c64gK</option>
                  </options>
               </field>
               <field description="" name="tempOrder" type="reference">
                  <options>
                     <option name="referenceTo">GHI-ESB-REST:ProcessedOrderType</option>
                     <option name="required">false</option>
                     <option name="isCopy">true</option>
                     <option name="guid">04fR9piQEr8jbmyLWN9SwT</option>
                  </options>
               </field>
               <field description="" name="tempOrderLineItems" type="reference">
                  <options>
                     <option name="referenceTo">GHI-ESB-REST:ProcessedOrderLineItems_AnonymousType</option>
                     <option name="required">false</option>
                     <option name="isCopy">true</option>
                     <option name="guid">04fR9piQEr8jbmyLWN9SwT</option>
                  </options>
               </field>
               <field description="" name="tempOS" type="reference">
                  <options>
                     <option name="referenceTo">Salesforce:OSM_Order_Specimen__c</option>
                     <option name="required">false</option>
                     <option name="guid">9rhyRDabNHiiDcOu4c64gK</option>
                  </options>
               </field>
               <field description="" name="tempOSList" type="objectlist">
                  <options>
                     <option name="referenceTo">Salesforce:OSM_Order_Specimen__c</option>
                     <option hide="true" name="multiSelect">true</option>
                     <option name="required">false</option>
                     <option name="guid">9rhyRDabNHiiDcOu4c64gK</option>
                  </options>
               </field>
               <field description="" name="tempPatient" type="reference">
                  <options>
                     <option name="referenceTo">GHI-ESB-REST:PatientType</option>
                     <option name="required">false</option>
                     <option name="isCopy">true</option>
                     <option name="guid">04fR9piQEr8jbmyLWN9SwT</option>
                  </options>
               </field>
               <field description="" name="tempPostalAddressesPatient" type="reference">
                  <options>
                     <option name="referenceTo">GHI-ESB-REST:PostalAddresses6_AnonymousType</option>
                     <option name="required">false</option>
                     <option name="isCopy">true</option>
                     <option name="guid">04fR9piQEr8jbmyLWN9SwT</option>
                  </options>
               </field>
               <field description="" name="tempPostalAddressPatient" type="reference">
                  <options>
                     <option name="referenceTo">GHI-ESB-REST:PostalAddressType</option>
                     <option name="required">false</option>
                     <option name="isCopy">true</option>
                     <option name="guid">04fR9piQEr8jbmyLWN9SwT</option>
                  </options>
               </field>
               <field description="" name="tempReturnAccountAddress" type="reference">
                  <options>
                     <option name="referenceTo">GHI-ESB-REST:PostalAddressType</option>
                     <option name="required">false</option>
                     <option name="isCopy">true</option>
                     <option name="guid">04fR9piQEr8jbmyLWN9SwT</option>
                  </options>
               </field>
               <field description="" name="tempSpecimen" type="reference">
                  <options>
                     <option name="referenceTo">GHI-ESB-REST:SpecimenType</option>
                     <option name="required">false</option>
                     <option name="isCopy">true</option>
                     <option name="guid">04fR9piQEr8jbmyLWN9SwT</option>
                  </options>
               </field>
               <field description="" name="tempSpecimens" type="reference">
                  <options>
                     <option name="referenceTo">GHI-ESB-REST:Specimens_AnonymousType</option>
                     <option name="required">false</option>
                     <option name="isCopy">true</option>
                     <option name="guid">04fR9piQEr8jbmyLWN9SwT</option>
                  </options>
               </field>
               <field description="" name="tempSubmittingAccountAddress" type="reference">
                  <options>
                     <option name="referenceTo">GHI-ESB-REST:PostalAddressType</option>
                     <option name="required">false</option>
                     <option name="isCopy">true</option>
                     <option name="guid">04fR9piQEr8jbmyLWN9SwT</option>
                  </options>
               </field>
               <field description="" name="tempSelectedOrderLineItem" type="reference">
                  <options>
                     <option name="referenceTo">GHI-ESB-REST:SelectedOrderLineItemType</option>
                     <option name="required">false</option>
                     <option name="isCopy">true</option>
                     <option name="guid">04fR9piQEr8jbmyLWN9SwT</option>
                  </options>
               </field>
               <field description="" name="tempCountry" type="string">
                  <options>
                     <option name="required">false</option>
                  </options>
               </field>
               <field description="" name="tempCountryandState" type="reference">
                  <options>
                     <option name="referenceTo">Salesforce:OSM_Country_and_State__c</option>
                     <option name="required">false</option>
                     <option name="guid">9rhyRDabNHiiDcOu4c64gK</option>
                  </options>
               </field>
               <field description="" name="tempIdentifiersList" type="reference">
                  <options>
                     <option name="referenceTo">GHI-ESB-REST:Identifiers_AnonymousType</option>
                     <option name="required">false</option>
                     <option name="isCopy">true</option>
                     <option name="guid">04fR9piQEr8jbmyLWN9SwT</option>
                  </options>
               </field>
               <field description="" name="tempName" type="reference">
                  <options>
                     <option name="referenceTo">GHI-ESB-REST:Name</option>
                     <option name="required">false</option>
                     <option name="isCopy">true</option>
                     <option name="guid">04fR9piQEr8jbmyLWN9SwT</option>
                  </options>
               </field>
               <field description="" name="tempPatientIdentifier" type="reference">
                  <options>
                     <option name="referenceTo">GHI-ESB-REST:Identifiers</option>
                     <option name="required">false</option>
                     <option name="isCopy">true</option>
                     <option name="guid">04fR9piQEr8jbmyLWN9SwT</option>
                  </options>
               </field>
               <field description="" name="tempOrderIdentifierList" type="reference">
                  <options>
                     <option name="referenceTo">GHI-ESB-REST:Identifiers_AnonymousType</option>
                     <option name="required">false</option>
                     <option name="isCopy">true</option>
                     <option name="guid">04fR9piQEr8jbmyLWN9SwT</option>
                  </options>
               </field>
               <field description="" name="tempOrderIdentifier" type="reference">
                  <options>
                     <option name="referenceTo">GHI-ESB-REST:Identifiers</option>
                     <option name="required">false</option>
                     <option name="isCopy">true</option>
                     <option name="guid">04fR9piQEr8jbmyLWN9SwT</option>
                  </options>
               </field>
            </tempFields>
            <notes>User Story 103283:Billing Message Auto generation : FR-BS-115</notes>
            <deployment skipIfRunning="false" suspendOnFault="false" tracingLevel="verbose">
               <rest/>
            </deployment>
            <flow id="a">
               <start id="b">
                  <link id="iw36nw74" targetId="istwbmon"/>
               </start>
               <assignment id="istwbmon">
                  <title>Assignment to tempOLI</title>
                  <operation source="query" to="temp.tempOLI">
                     <query advanceQuery="false" from="Salesforce:OrderItem">
                        <where>Id = '{$input.InOrderId }'</where>
                     </query>
                  </operation>
                  <link id="iw36nw6i" targetId="iw36nw6h"/>
               </assignment>
               <container id="iw36nw6h" type="exclusive">
                  <title>tempOLI</title>
                  <flow id="iw36nw7w">
                     <container id="jkjlgr4e" type="parallel">
                        <flow id="jkjlgr4k">
                           <subflow id="jkjlgr4v">
                              <title>INT-EU-Portal-SXDM-OrderLineItem</title>
                              <subflowGUID>6GbXjfYuVXFbhZ40NDb1CD</subflowGUID>
                              <subflowPath>INT-EU-Portal-SXDM-OrderLineItem</subflowPath>
                              <appliesTo>Salesforce:OrderItem</appliesTo>
                              <runForEach>false</runForEach>
                              <input/>
                              <outputDef>
                                 <field name="output_OrderLineItems" type="reference">
                                    <options>
                                       <option name="referenceTo">GHI-ESB-REST:OrderLineItems_AnonymousType</option>
                                       <option name="required">false</option>
                                       <option name="isCopy">true</option>
                                       <option name="guid">04fR9piQEr8jbmyLWN9SwT</option>
                                    </options>
                                 </field>
                              </outputDef>
                              <link id="jkjlgr6q" targetId="jkjlgr6p"/>
                           </subflow>
                           <assignment id="jkjlgr6p">
                              <title>Get Output OrderLineItems</title>
                              <operation source="formula" to="temp.tempOrderLineItems">
                                 <expression language="XQuery">$output.output_OrderLineItems</expression>
                              </operation>
                              <link id="jkjmlam9" targetId="jkjmlam8"/>
                           </assignment>
                           <assignment id="jkjmlam8">
                              <title>Assignment to temp.tempOrderIdentifier[1]/Value</title>
                              <operation source="field" to="temp.tempOrderIdentifier[1]/Value">Order.External_Order_ID__c</operation>
                              <link id="jkjmlamk" targetId="jkjmlamj"/>
                           </assignment>
                           <assignment id="jkjmlamj">
                              <title>Assignment to tempOrderIdentifierList</title>
                              <operation source="formula" to="temp.tempOrderIdentifierList[1]/Identifier">
                                 <function name="list:append">
                                    <arg name="dest_field">{$temp.tempOrderIdentifierList[1]/Identifier}</arg>
                                    <arg name="new_field">{$temp.tempOrderIdentifier}</arg>
                                 </function>
                              </operation>
                           </assignment>
                           <link id="jkjlgr4l" targetId="jkjlgr4e" type="containerLink"/>
                        </flow>
                        <flow id="jkjlgr4q">
                           <assignment id="jkjlgr4p">
                              <title>Assignment to temp.tempIdentifier[1]/Value</title>
                              <operation source="field" to="temp.tempPatientIdentifier[1]/Value">temp.tempOLI.Order.OSM_Patient_Last_Name__c</operation>
                              <link id="jkjlgr7n" targetId="jkjlgr7m"/>
                           </assignment>
                           <assignment id="jkjlgr7m">
                              <title>Assignment to temp.tempIdentifiersList[1]/Identifier</title>
                              <operation source="formula" to="temp.tempIdentifiersList[1]/Identifier">
                                 <function name="list:append">
                                    <arg name="dest_field">{$temp.tempIdentifiersList[1]/Identifier}</arg>
                                    <arg name="new_field">{$temp.tempPatientIdentifier}</arg>
                                 </function>
                              </operation>
                              <link id="l9z7phd2" targetId="l9z7phc5"/>
                           </assignment>
                           <assignment id="jkjlgra0">
                              <title>Assignment to PatientIdentifiers, CustomerId etc.</title>
                              <operation source="field" to="temp.tempPatient[1]/PatientIdentifiers">temp.tempIdentifiersList</operation>
                              <operation source="field" to="temp.tempPatient[1]/CustomerId">temp.tempOLI.Order.OSM_Patient__r.OSM_Main_Patient_ID__c</operation>
                              <operation source="field" to="temp.tempPatient[1]/Names[1]/Family">temp.tempOLI.Order.OSM_Patient_Last_Name__c</operation>
                              <operation source="field" to="temp.tempPatient[1]/DOB">temp.tempOLI.Order.OSM_Patient_DOB__c</operation>
                              <operation source="field" to="temp.tempPatient[1]/Gender">temp.tempOLI.Order.OSM_Patient_Gender__c</operation>
                              <operation source="field" to="temp.tempPatient[1]/Names[1]/Given">temp.tempOLI.Order.OSM_Patient_First_Name__c</operation>
                              <operation source="field" to="temp.tempPatient[1]/Names[1]/Middle">temp.tempOLI.Order.OSM_Patient_Middle_Name__c</operation>
                           </assignment>
                           <container id="l9z7phc5" type="exclusive">
                              <title>Sub-Channel</title>
                              <flow id="l9z7phc6">
                                 <container id="l9z7phc7" type="exclusive">
                                    <title>External Patient ID</title>
                                    <flow id="l9z7phc8">
                                       <container id="l9z7phc9" type="exclusive">
                                          <title>External Patient ID Type</title>
                                          <flow id="l9z7phca">
                                             <link id="l9z7phct" targetId="l9z7phc9" type="containerLink"/>
                                          </flow>
                                          <flow id="l9z7phcb">
                                             <jumpTo id="l9z7phcc">
                                                <link id="l9z7phcu" targetId="la0npx2r"/>
                                             </jumpTo>
                                          </flow>
                                          <link id="l9z7phcr" targetId="l9z7phca" type="containerLink">
                                             <condition source="formula">
                                                <function name="string-equals">
                                                   <arg name="left">{$Order.OSM_External_Patient_ID_Type__c}</arg>
                                                   <arg name="right"/>
                                                </function>
                                             </condition>
                                          </link>
                                          <link id="l9z7phcs" targetId="l9z7phcb" type="containerLink"/>
                                       </container>
                                       <link id="l9z7phcq" targetId="l9z7phc7" type="containerLink"/>
                                    </flow>
                                    <flow id="l9z7phcd">
                                       <assignment id="la0npx2r">
                                          <title>Assignment to Type, temp.tempPatientIdentifier[1]/Value etc.</title>
                                          <operation source="field" to="temp.tempPatientIdentifier[1]/Type">Order.OSM_External_Patient_ID_Type__c</operation>
                                          <operation source="field" to="temp.tempPatientIdentifier[1]/Value">Order.OSM_External_Patient_ID__c</operation>
                                          <operation source="constant" to="temp.tempPatientIdentifier[1]/System">External</operation>
                                          <link id="la0npx3g" targetId="la0npx3f"/>
                                       </assignment>
                                       <assignment id="la0npx3f">
                                          <title>Assignment to Identifier</title>
                                          <operation source="formula" to="temp.tempIdentifiersList[1]/Identifier">
                                             <function name="list:append">
                                                <arg name="dest_field">{$temp.tempIdentifiersList[1]/Identifier}</arg>
                                                <arg name="new_field">{$temp.tempPatientIdentifier}</arg>
                                             </function>
                                          </operation>
                                       </assignment>
                                       <link id="l9z7phcv" targetId="l9z7phc7" type="containerLink"/>
                                    </flow>
                                    <link id="l9z7phco" targetId="l9z7phc8" type="containerLink">
                                       <condition source="formula">
                                          <function name="string-equals">
                                             <arg name="left">{$Order.OSM_External_Patient_ID__c}</arg>
                                             <arg name="right"/>
                                          </function>
                                       </condition>
                                    </link>
                                    <link id="l9z7phcp" targetId="l9z7phcd" type="containerLink"/>
                                 </container>
                                 <link id="l9z7phcn" targetId="l9z7phc5" type="containerLink"/>
                              </flow>
                              <flow id="l9z7phck">
                                 <link id="l9z7phd1" targetId="l9z7phc5" type="containerLink"/>
                              </flow>
                              <link id="l9z7phcl" targetId="l9z7phc6" type="containerLink">
                                 <condition source="formula">
                                    <function name="string-equals">
                                       <arg name="left">{$Order.OSM_Sub_Channel__c}</arg>
                                       <arg name="right">MDx Portal</arg>
                                    </function>
                                 </condition>
                              </link>
                              <link id="l9z7phcm" targetId="l9z7phck" type="containerLink"/>
                              <link id="l9z7phd3" targetId="jkjlgra0"/>
                           </container>
                           <link id="jkjlgr4r" targetId="jkjlgr4e" type="containerLink"/>
                        </flow>
                        <link id="jkjlgr4i" targetId="jkjlgr4k" type="containerLink"/>
                        <link id="jkjlgr4o" targetId="jkjlgr4q" type="containerLink"/>
                        <link id="jkjlgr6u" targetId="jkj8h7ex"/>
                     </container>
                     <assignment id="jkj8h7ex">
                        <title>Order Mapping</title>
                        <operation source="formula" to="temp.tempOrder[1]/Description">
                           <expression language="XQuery">$temp.tempOLI.Order.Description</expression>
                        </operation>
                        <operation source="field" to="temp.tempOrder[1]/OrderChannel">temp.tempOLI.Order.OSM_Sub_Channel__c</operation>
                        <operation source="formula" to="temp.tempOrder[1]/OrderId">
                           <expression language="XQuery">$temp.tempOLI.Order.OSM_Main_Order_ID__c </expression>
                        </operation>
                        <operation source="field" to="temp.tempOrder[1]/Status">temp.tempOLI.Order.OSM_Status__c</operation>
                        <operation source="field" to="temp.tempOrder[1]/ProcessedOrderLineItems">temp.tempOrderLineItems</operation>
                        <operation source="field" to="temp.tempOrder[1]/identifiers">temp.tempOrderIdentifierList</operation>
                        <operation source="field" to="temp.tempOrder[1]/Patients">temp.tempPatient</operation>
                        <operation source="field" to="temp.tempOrder[1]/packageStatus">temp.tempOLI.Order.OSM_Package_Status__c</operation>
                        <operation source="field" to="temp.tempOrder[1]/HowToTestMultiplePrimaries">temp.tempOLI.Order.OSM_How_to_Test_Multiple_Primaries__c</operation>
                        <operation source="formula" to="temp.tempOrder[1]/MultiplePrimariesAvailable">
                           <expression language="XQuery">if($temp.tempOLI.Order.OSM_Multiple_Primaries_Option__c = 'Yes') then fn:true() else fn:false()</expression>
                        </operation>
                        <operation source="field" to="temp.tempOrder[1]/NumberOfMultiplePrimaries">temp.tempOLI.Order.OSM_Number_of_Multiple_Primaries__c</operation>
                        <operation source="field"
                                   to="temp.tempOrder[1]/MultiplePrimariesProcessingInstructions">temp.tempOLI.Order.GHI_Portal_Instructions__c</operation>
                        <operation source="field" to="temp.tempOrder[1]/canceledReason">temp.tempOLI.Order.OSM_Canceled_Reason__c</operation>
                        <operation source="field" to="temp.tempOrder[1]/canceledSubReason">temp.tempOLI.Order.OSM_Canceled_Sub_Reason__c</operation>
                        <operation source="formula" to="temp.tempOrder[1]/specimenID">
                           <expression language="XQuery">if($OSM_Product_Name__c = "Prostate"  and $Order.OSM_Sub_Channel__c  = "MDx Portal"  and $Order.GHI_Portal_Primary_Specimen_ID__c  != "") then $Order.GHI_Portal_Primary_Specimen_ID__c  
else
""

</expression>
                        </operation>
                        <operation source="formula" to="temp.tempOrder[1]/dateOfCollection">
                           <expression language="XQuery">if($OSM_Product_Name__c = "Prostate"  and $Order.OSM_Sub_Channel__c  = "MDx Portal"  and $Order.OSM_Date_of_Collection_Surgery__c != "") then $Order.OSM_Date_of_Collection_Surgery__c   
else
""

</expression>
                        </operation>
                        <operation source="formula" to="temp.tempOrder[1]/externalOrderCreationDateTime">
                           <expression language="XQuery">if($OSM_Product_Name__c = "Prostate"  and $Order.OSM_Sub_Channel__c  = "MDx Portal" and $Order.OSM_Earliest_Specimen_Receipt_Date__c != "") then fn:concat($Order.OSM_Earliest_Specimen_Receipt_Date__c, "T20:00:00.000Z")  
else
""

</expression>
                        </operation>
                        <link id="jkj8h7fc" targetId="jkj8h7fb"/>
                     </assignment>
                     <assignment id="jkj8h7fb">
                        <title>Assignment to OrderType</title>
                        <operation source="field" to="output.OrderType">temp.tempOrder</operation>
                        <link id="jkj8h7fj" targetId="iw7nkili"/>
                     </assignment>
                     <end id="iw7nkili"/>
                  </flow>
                  <flow id="iw36nw7z">
                     <end id="iw36nw7y"/>
                  </flow>
                  <link id="iw36nw7t" targetId="iw36nw7w" type="containerLink">
                     <condition source="formula">
                        <function name="set">
                           <arg name="field">{$temp.tempOLI}</arg>
                        </function>
                     </condition>
                  </link>
                  <link id="iw36nw7u" targetId="iw36nw7z" type="containerLink">
                     <condition source="formula">
                        <function name="unset">
                           <arg name="field">{$temp.tempOLI}</arg>
                        </function>
                     </condition>
                  </link>
               </container>
            </flow>
         </process>
      </types1:Entry>
      <types1:GUID>ej9lyMWMmkQg4LtHeI7P0K</types1:GUID>
      <types1:DisplayName>INT-EU-Portal-SXDM-Order</types1:DisplayName>
   </types1:Item>
   <types1:CurrentServerDateTime>2023-05-18T11:15:43.161Z</types1:CurrentServerDateTime>
</aetgt:getResponse>
