<aetgt:getResponse xmlns:aetgt="http://schemas.active-endpoints.com/appmodules/repository/2010/10/avrepository.xsd"
                   xmlns:types1="http://schemas.active-endpoints.com/appmodules/repository/2010/10/avrepository.xsd">
   <types1:Item>
      <types1:EntryId>11LOwD0wWcn6Hbf-gt-31668925-2023-04-27T21:55:59.853Z::pd.xml</types1:EntryId>
      <types1:Name>INT-XDM-QueryMessage-Shilo</types1:Name>
      <types1:ParentFlowIds>AfW90LK2D86CjqF-gt-15163563-2019-03-07T20:35:19.425Z::pd.xml</types1:ParentFlowIds>
      <types1:MimeType>application/xml+process</types1:MimeType>
      <types1:Description/>
      <types1:AppliesTo>$po:QueryMessage</types1:AppliesTo>
      <types1:Tags>117953,117954,FR-LAB-INTEGRATION-100-10,FR-LAB-INTEGRATION-100-9</types1:Tags>
      <types1:VersionLabel>1.0</types1:VersionLabel>
      <types1:State>CURRENT</types1:State>
      <types1:ProcessGroup/>
      <types1:CreatedBy>admin@par15.ghi</types1:CreatedBy>
      <types1:CreationDate>2023-04-27T21:56:00Z</types1:CreationDate>
      <types1:ModifiedBy>admin@par15.ghi</types1:ModifiedBy>
      <types1:ModificationDate>2023-05-01T22:23:28Z</types1:ModificationDate>
      <types1:PublicationStatus>published</types1:PublicationStatus>
      <types1:PublishedBy>admin@par15.ghi</types1:PublishedBy>
      <types1:PublicationDate>2023-05-02T22:00:04Z</types1:PublicationDate>
      <types1:PublishedContributionId>project:/spi.INT-XDM-QueryMessage-Shilo/INT-XDM-QueryMessage-Shilo.pd.xml</types1:PublishedContributionId>
      <types1:AutosaveExists>false</types1:AutosaveExists>
      <types1:Entry>
         <process xmlns="http://schemas.active-endpoints.com/appmodules/screenflow/2010/10/avosScreenflow.xsd"
                  xmlns:tfm="http://schemas.active-endpoints.com/appmodules/screenflow/2021/04/taskflowModel.xsd"
                  xmlns:list="urn:activevos:spi:list:functions"
                  displayName="INT-XDM-QueryMessage-Shilo"
                  name="INT-XDM-QueryMessage-Shilo"
                  overrideAPIName="false">
            <parameterSet xmlns="http://schemas.active-endpoints.com/appmodules/screenflow/2021/04/taskflowModel.xsd"/>
            <appliesTo isCopy="true">$po:QueryMessage</appliesTo>
            <description/>
            <tags>117953,117954,FR-LAB-INTEGRATION-100-10,FR-LAB-INTEGRATION-100-9</tags>
            <generator>Informatica Process Designer 11</generator>
            <input>
               <parameter description="" name="InQueryMessage" type="reference">
                  <options>
                     <option name="referenceTo">$po:QueryMessage</option>
                     <option name="required">false</option>
                     <option name="isCopy">true</option>
                     <option name="guid">4SVHK83n1KQfqa1VusLeUC</option>
                  </options>
               </parameter>
            </input>
            <output>
               <field description=""
                      name="MaterialReturnAddressQueryResponseMessageShilo"
                      type="reference">
                  <options>
                     <option name="referenceTo">GHI-ESB-Shilo-REST:MaterialReturnAddressQueryResponseMessage_AnonymousType</option>
                     <option name="required">false</option>
                     <option name="isCopy">true</option>
                     <option name="guid">0EHT7Yh1ssIcNV3nLTqv8e</option>
                  </options>
               </field>
            </output>
            <tempFields>
               <field description="" name="tempOrderSpecimen" type="reference">
                  <options>
                     <option name="referenceTo">Salesforce:OSM_Order_Specimen__c</option>
                     <option name="required">false</option>
                     <option name="guid">9rhyRDabNHiiDcOu4c64gK</option>
                  </options>
               </field>
               <field description="" name="InventoryCode" type="string">
                  <options>
                     <option name="required">false</option>
                  </options>
               </field>
               <field description="" name="OrderID" type="string">
                  <options>
                     <option name="required">false</option>
                  </options>
               </field>
               <field description="" name="tempOrder" type="reference">
                  <options>
                     <option name="referenceTo">Salesforce:Order</option>
                     <option name="required">false</option>
                     <option name="guid">9rhyRDabNHiiDcOu4c64gK</option>
                  </options>
               </field>
               <field description="" name="Codes" type="reference">
                  <options>
                     <option name="referenceTo">Salesforce:OSM_Country_and_State__c</option>
                     <option name="required">false</option>
                     <option name="guid">9rhyRDabNHiiDcOu4c64gK</option>
                  </options>
               </field>
               <field description="" name="tempState" type="string">
                  <options>
                     <option name="required">false</option>
                  </options>
               </field>
               <field description="" name="QueryRequest" type="reference">
                  <options>
                     <option name="referenceTo">SFDC-SOAP-API:Query_AnonymousType</option>
                     <option name="required">false</option>
                     <option name="isCopy">true</option>
                     <option name="guid">3gTBtpXtEeviZDN1JtRxOr</option>
                  </options>
               </field>
               <field description="" name="SessionHeader" type="reference">
                  <options>
                     <option name="referenceTo">SFDC-SOAP-API:SessionHeader_AnonymousType</option>
                     <option name="required">false</option>
                     <option name="isCopy">true</option>
                     <option name="guid">3gTBtpXtEeviZDN1JtRxOr</option>
                  </options>
               </field>
               <field description="" name="tempRecordCount" type="int">
                  <options>
                     <option name="required">false</option>
                     <option name="initialvalue">0</option>
                  </options>
               </field>
            </tempFields>
            <notes>117953	FR-LAB-INTEGRATION-100-9 Material Return Address Query Outbound Message 
117954	FR-LAB-INTEGRATION-100-10 Query inbound message</notes>
            <deployment skipIfRunning="false" suspendOnFault="false" tracingLevel="verbose">
               <rest/>
            </deployment>
            <flow id="a">
               <start id="b">
                  <link id="link1" targetId="c"/>
               </start>
               <assignment id="c">
                  <title>Get Query Parameters</title>
                  <operation source="formula" to="temp.OrderID">
                     <expression language="XQuery">$Parameters[1]/Parameter[name/text() = "OrderId"]/value</expression>
                  </operation>
                  <operation source="formula" to="temp.InventoryCode">
                     <expression language="XQuery">$Parameters[1]/Parameter[name/text() = "InventoryCode"]/value</expression>
                  </operation>
                  <link id="iyo9qpm9" targetId="iyo9qpm8"/>
               </assignment>
               <assignment id="iyo9qpm8">
                  <title>Assignment to Order</title>
                  <operation source="query" to="temp.tempOrder">
                     <query advanceQuery="false" from="Salesforce:Order">
                        <where>OrderNumber = '{$temp.OrderID}'</where>
                     </query>
                  </operation>
                  <link id="iyo9qpn7" targetId="iyo9qpn6"/>
               </assignment>
               <container id="iyo9qpn6" type="exclusive">
                  <title>tempOrder</title>
                  <flow id="iyo9qpnn">
                     <assignment id="iyo9qppa">
                        <title>Query OrderSpecimen</title>
                        <operation source="query" to="temp.tempOrderSpecimen">
                           <query advanceQuery="false" from="Salesforce:OSM_Order_Specimen__c">
                              <where>OSM_Order__r.OrderNumber = '{$temp.OrderID}' AND OSM_Master_Specimen_ID_text__c = '{$temp.InventoryCode}'</where>
                           </query>
                        </operation>
                        <link id="iyo9qpqk" targetId="iyo9qppr"/>
                     </assignment>
                     <container id="iyo9qppr" type="exclusive">
                        <title>Records returned</title>
                        <flow id="iyo9qpps">
                           <container id="iyo9qppt" type="parallel">
                              <title>Untitled</title>
                              <flow id="iyo9qppu">
                                 <container id="iyxw9mwu" type="exclusive">
                                    <title>Material Return State</title>
                                    <flow id="iyxw9mxd">
                                       <link id="iyxw9mxe" targetId="iyxw9mwu" type="containerLink"/>
                                    </flow>
                                    <flow id="iyxw9mxg">
                                       <assignment id="kosy979t">
                                          <title>Assignment to tempState</title>
                                          <operation source="formula" to="temp.tempState">
                                             <expression language="XQuery">fn:replace(util:escapeJsonString(fn:string($temp.tempOrderSpecimen.OSM_Material_Return_State__c)), "'", "\\'")</expression>
                                          </operation>
                                          <link id="kov26pd7" targetId="kotlvelk"/>
                                       </assignment>
                                       <subflow id="kotlvelk">
                                          <title>SP-SFDC-SOAP-Query-RequestResponse</title>
                                          <subflowGUID>9p3cHbqmMrAbqt9fJX09gJ</subflowGUID>
                                          <subflowPath>SP-SFDC-SOAP-Query-RequestResponse</subflowPath>
                                          <runForEach>false</runForEach>
                                          <input>
                                             <parameter name="InQueryRequest" source="constant" updatable="true">SELECT OSM_State_Code__c  FROM OSM_Country_and_State__c WHERE OSM_State_Name__c = '{$temp.tempState }' Limit 1</parameter>
                                          </input>
                                          <outputDef>
                                             <field name="outQueryResponse" type="reference">
                                                <options>
                                                   <option name="referenceTo">SFDC-SOAP-API:QueryResponse_AnonymousType</option>
                                                   <option name="required">false</option>
                                                   <option name="isCopy">true</option>
                                                   <option name="guid">3gTBtpXtEeviZDN1JtRxOr</option>
                                                </options>
                                             </field>
                                             <field name="outQueryResponseCount" type="int">
                                                <options>
                                                   <option name="required">false</option>
                                                </options>
                                             </field>
                                          </outputDef>
                                          <link id="kov26pel" targetId="kov26pag"/>
                                       </subflow>
                                       <container id="kov26pag" type="exclusive">
                                          <title>outQueryResponseCount</title>
                                          <flow id="kov26pb5">
                                             <assignment id="kov26pf6">
                                                <title>Map state code from Country and State Code</title>
                                                <operation source="formula"
                                                           to="output.MaterialReturnAddressQueryResponseMessageShilo[1]/Response[1]/ReturnAccountAddress[1]/StateCode">
                                                   <expression language="XQuery">$output.outQueryResponse[1]/result[1]/records/OSM_State_Code__c</expression>
                                                </operation>
                                             </assignment>
                                             <link id="kov26pb6" targetId="kov26pag" type="containerLink"/>
                                          </flow>
                                          <flow id="kov26pb7">
                                             <link id="kov26pb8" targetId="kov26pag" type="containerLink"/>
                                          </flow>
                                          <link id="kov26pay" targetId="kov26pb5" type="containerLink">
                                             <condition source="formula">
                                                <function name="equals">
                                                   <arg name="left">{$output.outQueryResponseCount}</arg>
                                                   <arg name="right">{1}</arg>
                                                </function>
                                             </condition>
                                          </link>
                                          <link id="kov26pb1" targetId="kov26pb7" type="containerLink"/>
                                       </container>
                                       <link id="iyxw9mxh" targetId="iyxw9mwu" type="containerLink"/>
                                    </flow>
                                    <link id="iyxw9mxa" targetId="iyxw9mxd" type="containerLink">
                                       <condition source="formula">
                                          <function name="string-equals">
                                             <arg name="left">{$temp.tempOrderSpecimen.OSM_Material_Return_State__c}</arg>
                                             <arg name="right"/>
                                          </function>
                                       </condition>
                                    </link>
                                    <link id="iyxw9mxb" targetId="iyxw9mxg" type="containerLink"/>
                                 </container>
                                 <link id="iyo9qpqb" targetId="iyo9qppt" type="containerLink"/>
                              </flow>
                              <flow id="iyo9qpq0">
                                 <assignment id="iyo9qpq1">
                                    <title>Map attributes</title>
                                    <operation source="field"
                                               to="output.MaterialReturnAddressQueryResponseMessageShilo[1]/activityId">activityId</operation>
                                    <operation source="field"
                                               to="output.MaterialReturnAddressQueryResponseMessageShilo[1]/batchId">batchId</operation>
                                    <operation source="field"
                                               to="output.MaterialReturnAddressQueryResponseMessageShilo[1]/batchMessageIndex">batchMessageIndex</operation>
                                    <operation source="field"
                                               to="output.MaterialReturnAddressQueryResponseMessageShilo[1]/batchSize">batchSize</operation>
                                    <operation source="formula"
                                               to="output.MaterialReturnAddressQueryResponseMessageShilo[1]/consumeBatchAtTarget">
                                       <expression language="XQuery">$consumeBatchAtTarget</expression>
                                    </operation>
                                    <operation source="field"
                                               to="output.MaterialReturnAddressQueryResponseMessageShilo[1]/correlationId">correlationId</operation>
                                    <operation source="constant"
                                               to="output.MaterialReturnAddressQueryResponseMessageShilo[1]/destination">ESB</operation>
                                    <operation source="field"
                                               to="output.MaterialReturnAddressQueryResponseMessageShilo[1]/expires">expires</operation>
                                    <operation source="formula"
                                               to="output.MaterialReturnAddressQueryResponseMessageShilo[1]/failBatchOnError">
                                       <expression language="XQuery">$failBatchOnError</expression>
                                    </operation>
                                    <operation source="field"
                                               to="output.MaterialReturnAddressQueryResponseMessageShilo[1]/messageInstanceId">messageInstanceId</operation>
                                    <operation source="constant"
                                               to="output.MaterialReturnAddressQueryResponseMessageShilo[1]/origin">SFDC</operation>
                                    <operation source="field"
                                               to="output.MaterialReturnAddressQueryResponseMessageShilo[1]/resendAttempt">resendAttempt</operation>
                                    <operation source="formula"
                                               to="output.MaterialReturnAddressQueryResponseMessageShilo[1]/timestamp">
                                       <expression language="XQuery">fn:current-dateTime()</expression>
                                    </operation>
                                    <operation source="constant"
                                               to="output.MaterialReturnAddressQueryResponseMessageShilo[1]/ackRequired">false</operation>
                                    <operation source="constant"
                                               to="output.MaterialReturnAddressQueryResponseMessageShilo[1]/nackRequired">true</operation>
                                    <link id="iyo9qpqi" targetId="iyo9qpq2"/>
                                 </assignment>
                                 <assignment id="iyo9qpq2">
                                    <title>Map header data</title>
                                    <operation source="field"
                                               to="output.MaterialReturnAddressQueryResponseMessageShilo[1]/Response[1]/InventoryCode">temp.InventoryCode</operation>
                                    <operation source="field"
                                               to="output.MaterialReturnAddressQueryResponseMessageShilo[1]/Response[1]/OrderId">temp.OrderID</operation>
                                    <link id="iyo9qpqj" targetId="iyo9qpq3"/>
                                 </assignment>
                                 <assignment id="iyo9qpq3">
                                    <title>Map address data</title>
                                    <operation source="field"
                                               to="output.MaterialReturnAddressQueryResponseMessageShilo[1]/Response[1]/ReturnAccountAddress[1]/AccountName">temp.tempOrderSpecimen.OSM_Material_Return_Order_Role__r.OSM_Account_Name__c</operation>
                                    <operation source="field"
                                               to="output.MaterialReturnAddressQueryResponseMessageShilo[1]/Response[1]/ReturnAccountAddress[1]/AddressContactName">temp.tempOrderSpecimen.OSM_Material_Return_Attn_To__c</operation>
                                    <operation source="field"
                                               to="output.MaterialReturnAddressQueryResponseMessageShilo[1]/Response[1]/ReturnAccountAddress[1]/AddressLine1">temp.tempOrderSpecimen.OSM_Material_Return_Address_Line_1__c</operation>
                                    <operation source="field"
                                               to="output.MaterialReturnAddressQueryResponseMessageShilo[1]/Response[1]/ReturnAccountAddress[1]/AddressLine2">temp.tempOrderSpecimen.OSM_Material_Return_Address_Line_2__c</operation>
                                    <operation source="field"
                                               to="output.MaterialReturnAddressQueryResponseMessageShilo[1]/Response[1]/ReturnAccountAddress[1]/AttentionTo">temp.tempOrderSpecimen.OSM_Material_Return_Attn_To__c</operation>
                                    <operation source="field"
                                               to="output.MaterialReturnAddressQueryResponseMessageShilo[1]/Response[1]/ReturnAccountAddress[1]/City">temp.tempOrderSpecimen.OSM_Material_Return_City__c</operation>
                                    <operation source="field"
                                               to="output.MaterialReturnAddressQueryResponseMessageShilo[1]/Response[1]/ReturnAccountAddress[1]/Country">temp.tempOrderSpecimen.OSM_Material_Return_Country__c</operation>
                                    <operation source="field"
                                               to="output.MaterialReturnAddressQueryResponseMessageShilo[1]/Response[1]/ReturnAccountAddress[1]/CountryISOAlphaCode">temp.tempOrderSpecimen.OSM_Material_Return_Country_Code__c</operation>
                                    <operation source="field"
                                               to="output.MaterialReturnAddressQueryResponseMessageShilo[1]/Response[1]/ReturnAccountAddress[1]/Fax">temp.tempOrderSpecimen.OSM_Material_Return_Fax__c</operation>
                                    <operation source="field"
                                               to="output.MaterialReturnAddressQueryResponseMessageShilo[1]/Response[1]/ReturnAccountAddress[1]/Phone">temp.tempOrderSpecimen.OSM_Material_Return_Phone__c</operation>
                                    <operation source="constant"
                                               to="output.MaterialReturnAddressQueryResponseMessageShilo[1]/Response[1]/ReturnAccountAddress[1]/PostalAddressId">NONE</operation>
                                    <operation source="constant"
                                               to="output.MaterialReturnAddressQueryResponseMessageShilo[1]/Response[1]/ReturnAccountAddress[1]/PostalAddressType">NONE</operation>
                                    <operation source="field"
                                               to="output.MaterialReturnAddressQueryResponseMessageShilo[1]/Response[1]/ReturnAccountAddress[1]/PostalCode">temp.tempOrderSpecimen.OSM_Material_Return_Postal_Code__c</operation>
                                    <operation source="field"
                                               to="output.MaterialReturnAddressQueryResponseMessageShilo[1]/Response[1]/ReturnAccountAddress[1]/State">temp.tempOrderSpecimen.OSM_Material_Return_State__c</operation>
                                 </assignment>
                                 <link id="iyo9qpqh" targetId="iyo9qppt" type="containerLink"/>
                              </flow>
                              <link id="iyo9qpq9" targetId="iyo9qppu" type="containerLink"/>
                              <link id="iyo9qpqa" targetId="iyo9qpq0" type="containerLink"/>
                              <link id="iyo9qpr4" targetId="iyo9qpr3"/>
                           </container>
                           <end id="iyo9qpr3"/>
                        </flow>
                        <flow id="iyo9qpq4">
                           <create id="iyo9qpro">
                              <title>Task</title>
                              <entityName>Salesforce:Task</entityName>
                              <createInput>
                                 <parameter name="RecordTypeId" source="constant" updatable="true">012U00000005dYtIAI</parameter>
                                 <parameter name="WhatId" source="field">temp.tempOrder</parameter>
                                 <parameter name="Subject" source="constant" updatable="true">QueryMessage error No Order Specimen found</parameter>
                                 <parameter name="Status" source="constant" updatable="true">Open</parameter>
                                 <parameter name="OwnerId" source="query" updatable="true">
                                    <query advanceQuery="false" from="Salesforce:User">
                                       <where>Alias = 'ICRT'</where>
                                    </query>
                                 </parameter>
                                 <parameter name="Description" source="constant" updatable="true">No Order Specimen found</parameter>
                                 <parameter name="MessageID__c" source="formula" updatable="true">
                                    <expression language="XQuery">$messageInstanceId</expression>
                                 </parameter>
                              </createInput>
                              <link id="iyo9qprv" targetId="iyo9qpq5"/>
                           </create>
                           <throw id="iyo9qpq5">
                              <throwInput>
                                 <parameter name="code" source="constant" updatable="true">1</parameter>
                                 <parameter name="detail" source="constant" updatable="true">No Order Specimen records found for InventoryCode: {$temp.InventoryCode} and OrderId: {$temp.OrderID}  </parameter>
                                 <parameter name="reason" source="constant" updatable="true">No Order Specimen records found for InventoryCode: {$temp.InventoryCode} and OrderId: {$temp.OrderID}</parameter>
                              </throwInput>
                           </throw>
                        </flow>
                        <link id="iyo9qpq6" targetId="iyo9qpps" type="containerLink">
                           <condition source="formula">
                              <function name="set">
                                 <arg name="field">{$temp.tempOrderSpecimen}</arg>
                              </function>
                           </condition>
                        </link>
                        <link id="iyo9qpq7" targetId="iyo9qpq4" type="containerLink">
                           <condition source="formula">
                              <function name="unset">
                                 <arg name="field">{$temp.tempOrderSpecimen}</arg>
                              </function>
                           </condition>
                        </link>
                     </container>
                  </flow>
                  <flow id="iyo9qpnq">
                     <throw id="iyo9qpnp">
                        <throwInput>
                           <parameter name="code" source="constant" updatable="true">Order Not Found</parameter>
                           <parameter name="detail" source="constant" updatable="true">Order Not Found</parameter>
                           <parameter name="reason" source="constant" updatable="true">Order Not Found</parameter>
                        </throwInput>
                     </throw>
                  </flow>
                  <link id="iyo9qpnk" targetId="iyo9qpnn" type="containerLink">
                     <condition source="formula">
                        <function name="set">
                           <arg name="field">{$temp.tempOrder}</arg>
                        </function>
                     </condition>
                  </link>
                  <link id="iyo9qpnl" targetId="iyo9qpnq" type="containerLink">
                     <condition source="formula">
                        <function name="unset">
                           <arg name="field">{$temp.tempOrder}</arg>
                        </function>
                     </condition>
                  </link>
               </container>
            </flow>
         </process>
      </types1:Entry>
      <types1:GUID>aB8vKx0YZ4pfyJuwqqzXcw</types1:GUID>
      <types1:DisplayName>INT-XDM-QueryMessage-Shilo</types1:DisplayName>
   </types1:Item>
   <types1:CurrentServerDateTime>2023-05-18T11:15:42.42Z</types1:CurrentServerDateTime>
</aetgt:getResponse>
