<aetgt:getResponse xmlns:aetgt="http://schemas.active-endpoints.com/appmodules/repository/2010/10/avrepository.xsd"
                   xmlns:types1="http://schemas.active-endpoints.com/appmodules/repository/2010/10/avrepository.xsd">
   <types1:Item>
      <types1:EntryId>11LOwD0wWcn6Hbf-gt-15162807-2019-03-07T20:35:07.785Z::pd.xml</types1:EntryId>
      <types1:Name>INT-XDM-AdhocDistributeDataMessage</types1:Name>
      <types1:ParentFlowIds>K8ZAZf5kck8jKBm-gt-15162165-2019-03-07T20:34:59.591Z::pd.xml</types1:ParentFlowIds>
      <types1:MimeType>application/xml+process</types1:MimeType>
      <types1:Description>This will construct the main body of AdhocDistributeDataMessage</types1:Description>
      <types1:AppliesTo>Salesforce:OSM_Order_Role__c</types1:AppliesTo>
      <types1:Tags>117958,2.1.9	Requirement FR-PRI-BUTTONS-100-2</types1:Tags>
      <types1:VersionLabel>1.0</types1:VersionLabel>
      <types1:State>CURRENT</types1:State>
      <types1:ProcessGroup/>
      <types1:CreatedBy>admin@001e08.ghi</types1:CreatedBy>
      <types1:CreationDate>2019-03-07T20:35:07Z</types1:CreationDate>
      <types1:ModifiedBy>admin@par15.ghi</types1:ModifiedBy>
      <types1:ModificationDate>2023-05-16T21:56:09Z</types1:ModificationDate>
      <types1:PublicationStatus>published</types1:PublicationStatus>
      <types1:PublishedBy>admin@par15.ghi</types1:PublishedBy>
      <types1:PublicationDate>2023-05-16T22:04:01Z</types1:PublicationDate>
      <types1:PublishedContributionId>project:/spi.INT-XDM-AdhocDistributeDataMessage/INT-XDM-AdhocDistributeDataMessage.pd.xml</types1:PublishedContributionId>
      <types1:AutosaveExists>false</types1:AutosaveExists>
      <types1:Entry>
         <process xmlns="http://schemas.active-endpoints.com/appmodules/screenflow/2010/10/avosScreenflow.xsd"
                  xmlns:tfm="http://schemas.active-endpoints.com/appmodules/screenflow/2021/04/taskflowModel.xsd"
                  xmlns:list="urn:activevos:spi:list:functions"
                  displayName="INT-XDM-AdhocDistributeDataMessage"
                  name="INT-XDM-AdhocDistributeDataMessage">
            <parameterSet xmlns="http://schemas.active-endpoints.com/appmodules/screenflow/2021/04/taskflowModel.xsd"/>
            <appliesTo>Salesforce:OSM_Order_Role__c</appliesTo>
            <description>This will construct the main body of AdhocDistributeDataMessage</description>
            <tags>117958,2.1.9	Requirement FR-PRI-BUTTONS-100-2</tags>
            <generator>Informatica Process Designer 11</generator>
            <input>
               <parameter description="" name="InReportId" type="string">
                  <options>
                     <option name="required">false</option>
                  </options>
               </parameter>
               <parameter description="" name="InDistributedId" type="string">
                  <options>
                     <option name="required">false</option>
                  </options>
               </parameter>
               <parameter description="" name="InExternalOrderId" type="string">
                  <options>
                     <option name="required">false</option>
                  </options>
               </parameter>
            </input>
            <tempFields>
               <field description=""
                      name="tempAdhocDistributeDataMessage"
                      type="reference">
                  <options>
                     <option name="referenceTo">GHI-ESB-REST:AdhocDistributeDataMessage_AnonymousType</option>
                     <option name="required">false</option>
                     <option name="isCopy">true</option>
                     <option name="guid">04fR9piQEr8jbmyLWN9SwT</option>
                  </options>
               </field>
               <field description="" name="tempRetryCount" type="int">
                  <options>
                     <option name="required">false</option>
                     <option name="initialvalue">0</option>
                  </options>
               </field>
               <field description="" name="tempOrder" type="reference">
                  <options>
                     <option name="referenceTo">Salesforce:Order</option>
                     <option name="required">false</option>
                     <option name="guid">9rhyRDabNHiiDcOu4c64gK</option>
                  </options>
               </field>
               <field description="" name="tempSourceXMLLength" type="int">
                  <options>
                     <option name="required">false</option>
                     <option hide="true" name="initialvalue">0</option>
                  </options>
               </field>
               <field description="" name="tempSystemSetting" type="reference">
                  <options>
                     <option name="referenceTo">Salesforce:Record_Type__c</option>
                     <option name="required">false</option>
                     <option name="guid">9rhyRDabNHiiDcOu4c64gK</option>
                  </options>
               </field>
               <field description="" name="tempIsAdhocMulesoft" type="boolean">
                  <options>
                     <option name="defaultvalue">false</option>
                     <option name="boolean_show_as">checkbox</option>
                     <option name="required">false</option>
                  </options>
               </field>
               <field description=""
                      name="tempAdhocDistributeDataMessageMulesoft"
                      type="reference">
                  <options>
                     <option name="referenceTo">GHI-ESB-MuleSoft-REST:AdhocDistributeDataMessage_AnonymousType</option>
                     <option name="required">false</option>
                     <option name="isCopy">true</option>
                     <option name="guid">2mesVm98m2aeU4noLBE2qQ</option>
                  </options>
               </field>
               <field description="" name="templabsiteid" type="string">
                  <options>
                     <option name="required">false</option>
                  </options>
               </field>
               <field description="" name="tempSubmittedLabSite" type="reference">
                  <options>
                     <option name="referenceTo">GHI-ESB-MuleSoft-REST:LabSiteType</option>
                     <option name="required">false</option>
                     <option name="isCopy">true</option>
                     <option name="guid">2mesVm98m2aeU4noLBE2qQ</option>
                  </options>
               </field>
               <field description="" name="tempCheckARV7EndPoint" type="boolean">
                  <options>
                     <option name="defaultvalue">false</option>
                     <option name="boolean_show_as">checkbox</option>
                     <option name="required">false</option>
                  </options>
               </field>
            </tempFields>
            <notes>117958	 FR-PRI-BUTTONS-100-2 Ad Hoc Distribution button and outbound message</notes>
            <deployment skipIfRunning="false" suspendOnFault="false" tracingLevel="normal">
               <rest/>
            </deployment>
            <flow id="a">
               <start id="b">
                  <link id="ktbhb2vu" targetId="ktbhb2vt"/>
               </start>
               <assignment id="ktbhb2vt">
                  <title>Assignment to tempSystemSetting</title>
                  <operation source="query" to="temp.tempSystemSetting">
                     <query advanceQuery="false" from="Salesforce:Record_Type__c">
                        <where>limit1</where>
                     </query>
                  </operation>
                  <link id="ktbhb2vv" targetId="ksspfti6"/>
               </assignment>
               <assignment id="ktbhb2z8">
                  <title>Assignment to tempCheckARV7EndPoint</title>
                  <operation source="formula" to="temp.tempCheckARV7EndPoint">
                     <expression language="XQuery">if($temp.tempSystemSetting.AR_V7_Message_End_Point__c = 'Biztalk' and $OSM_Product__c = 'Prostate-AR-V7')
     then 'true'
    else  'false'</expression>
                  </operation>
                  <link id="l7rjoiin" targetId="ktbhb31u"/>
               </assignment>
               <assignment id="ktn11upj">
                  <title>Assignment to tempRetryCount</title>
                  <operation source="constant" to="temp.tempRetryCount">0</operation>
                  <link id="l7rlakka" targetId="l7rlakk9"/>
               </assignment>
               <subflow id="ksspfti6">
                  <title>ER-Get GHI Integration Retry Settings 1</title>
                  <subflowGUID>ltcYSqXiM0KbxUkoOD3caj</subflowGUID>
                  <subflowPath>ER-Get_GHI_Integration_Retry_Settings</subflowPath>
                  <runForEach>false</runForEach>
                  <input/>
                  <outputDef>
                     <field name="retryCount" type="int">
                        <options>
                           <option name="required">false</option>
                        </options>
                     </field>
                     <field name="retryDelay" type="double">
                        <options>
                           <option name="required">false</option>
                        </options>
                     </field>
                  </outputDef>
                  <link id="ksspftlp" targetId="ksspftmb"/>
               </subflow>
               <eventContainer id="ksspftmb">
                  <subflow id="ksspftlo">
                     <title>SP-Order-Populate-LabSite-OutboundMessage-Update</title>
                     <subflowGUID>kuc9ZZ0b8gJhOHaBiUW86R</subflowGUID>
                     <subflowPath>SP-Order-Populate-LabSite-OutboundMessage-Update</subflowPath>
                     <appliesTo>Salesforce:Order</appliesTo>
                     <appliesToDataName source="field">OSM_Order__c</appliesToDataName>
                     <runForEach>false</runForEach>
                     <input/>
                     <outputDef/>
                  </subflow>
                  <flow id="ksspftmd">
                     <assignment id="l7r81ayn">
                        <title>labsiteid</title>
                        <operation source="field" to="temp.templabsiteid">OSM_Order__r.OSM_Lab_Site_ID__c</operation>
                     </assignment>
                     <link id="ksspftme" targetId="ksspftmb" type="containerLink"/>
                  </flow>
                  <flow id="ksspftmg">
                     <container id="ksspftnk" type="exclusive">
                        <title>Check for Lock Row Error 1</title>
                        <flow id="ksspftnl">
                           <container id="ksspftnm" type="exclusive">
                              <title>Check Retry Count  1 1</title>
                              <flow id="ksspftnn">
                                 <throw id="ksspftno">
                                    <title>Throw Error for lock row 1</title>
                                    <throwInput>
                                       <parameter name="code" source="constant" updatable="true">{$output.faultInfo[1]/code}</parameter>
                                       <parameter name="detail" source="constant" updatable="true">{$output.faultInfo[1]/detail}</parameter>
                                       <parameter name="reason" source="constant" updatable="true">{$output.faultInfo[1]/reason}</parameter>
                                    </throwInput>
                                 </throw>
                              </flow>
                              <flow id="ksspftnp">
                                 <wait id="ksspftnq">
                                    <title>Wait</title>
                                    <duration source="formula">
                                       <function name="duration_expression">
                                          <arg name="value">{$output.retryDelay}</arg>
                                          <arg name="scale">M</arg>
                                          <arg name="businessDays"/>
                                       </function>
                                    </duration>
                                    <link id="ksspfto2" targetId="ksspftnr"/>
                                 </wait>
                                 <assignment id="ksspftnr">
                                    <title>Increase Retry Count</title>
                                    <operation source="formula" to="temp.tempRetryCount">
                                       <expression language="XQuery">fn:sum($temp.tempRetryCount, 1)</expression>
                                    </operation>
                                    <link id="ksspfto3" targetId="ksspftns"/>
                                 </assignment>
                                 <jumpTo id="ksspftns">
                                    <link id="ksspfto4" targetId="ksspftmb"/>
                                 </jumpTo>
                              </flow>
                              <link id="ksspfto0" targetId="ksspftnn" type="containerLink">
                                 <condition source="formula">
                                    <function name="greater-than">
                                       <arg name="left">{$temp.tempRetryCount}</arg>
                                       <arg name="right">{$output.retryCount}</arg>
                                    </function>
                                 </condition>
                              </link>
                              <link id="ksspfto1" targetId="ksspftnp" type="containerLink"/>
                           </container>
                        </flow>
                        <flow id="ksspftnt">
                           <jumpTo id="ksspftnu">
                              <link id="ksspfto5" targetId="ksspftnm"/>
                           </jumpTo>
                        </flow>
                        <flow id="ksspftnv">
                           <throw id="ksspftnw">
                              <title>Throw Error non lock row errors 1</title>
                              <throwInput>
                                 <parameter name="code" source="constant" updatable="true">{$output.faultInfo[1]/code}</parameter>
                                 <parameter name="detail" source="constant" updatable="true">{$output.faultInfo[1]/detail} </parameter>
                                 <parameter name="reason" source="constant" updatable="true">{$output.faultInfo[1]/reason}</parameter>
                              </throwInput>
                           </throw>
                        </flow>
                        <link id="ksspftnx" targetId="ksspftnl" type="containerLink">
                           <condition source="formula">
                              <function name="contains">
                                 <arg name="left">{$output.faultInfo[1]/reason}</arg>
                                 <arg name="right">UNABLE_TO_LOCK_ROW</arg>
                              </function>
                           </condition>
                        </link>
                        <link id="ksspftny" targetId="ksspftnt" type="containerLink">
                           <condition source="formula">
                              <function name="contains">
                                 <arg name="left">{$output.faultInfo[1]/reason}</arg>
                                 <arg name="right">unable to obtain exclusive access to this record</arg>
                              </function>
                           </condition>
                        </link>
                        <link id="ksspftnz" targetId="ksspftnv" type="containerLink"/>
                     </container>
                  </flow>
                  <link id="ksspftmc" targetId="ksspftmd" type="containerLink"/>
                  <link id="ktbhb2z9" targetId="ktbhb2z8"/>
                  <events>
                     <catch faultField="faultInfo" id="ksspftlr" interrupting="true">
                        <link id="ksspftmf" targetId="ksspftmg" type="containerLink"/>
                     </catch>
                  </events>
               </eventContainer>
               <container id="ktbhb31u" type="exclusive">
                  <title>tempCheckARV7EndPoint</title>
                  <flow id="ktbhb31y">
                     <subflow id="l7rlakgt">
                        <title>INT-SXDM-OrderRole-AdHoc</title>
                        <subflowGUID>5aMp2nsUXVxfBISpWR0hQc</subflowGUID>
                        <subflowPath>INT-SXDM-OrderRole-AdHoc</subflowPath>
                        <appliesTo>Salesforce:OSM_Order_Role__c</appliesTo>
                        <runForEach>false</runForEach>
                        <input/>
                        <outputDef>
                           <field name="output_OrderRoles" type="reference">
                              <options>
                                 <option name="referenceTo">GHI-ESB-REST:OrderRoles_AnonymousType</option>
                                 <option name="required">false</option>
                                 <option name="isCopy">true</option>
                                 <option name="guid">04fR9piQEr8jbmyLWN9SwT</option>
                              </options>
                           </field>
                        </outputDef>
                     </subflow>
                     <link id="ktbhb31z" targetId="ktbhb31u" type="containerLink"/>
                  </flow>
                  <flow id="ktbhb321">
                     <subflow id="l7rlakej">
                        <title>INT-SXDM-OrderRole-AdHoc-Mulesoft</title>
                        <subflowGUID>67Qs1HXaN0QloBXAWJEXW0</subflowGUID>
                        <subflowPath>INT-SXDM-OrderRole-AdHoc-Mulesoft</subflowPath>
                        <appliesTo>Salesforce:OSM_Order_Role__c</appliesTo>
                        <runForEach>false</runForEach>
                        <input/>
                        <outputDef>
                           <field name="output_OrderRolesMulesoft" type="reference">
                              <options>
                                 <option name="referenceTo">GHI-ESB-MuleSoft-REST:OrderRoles_AnonymousType</option>
                                 <option name="required">false</option>
                                 <option name="isCopy">true</option>
                                 <option name="guid">2mesVm98m2aeU4noLBE2qQ</option>
                              </options>
                           </field>
                        </outputDef>
                     </subflow>
                     <link id="ktbhb322" targetId="ktbhb31u" type="containerLink"/>
                  </flow>
                  <link id="ktbhb31x" targetId="ktbhb31y" type="containerLink">
                     <condition source="formula">
                        <function name="true">
                           <arg name="field">{$temp.tempCheckARV7EndPoint}</arg>
                        </function>
                     </condition>
                  </link>
                  <link id="ktbhb320" targetId="ktbhb321" type="containerLink">
                     <condition source="formula">
                        <function name="false">
                           <arg name="field">{$temp.tempCheckARV7EndPoint}</arg>
                        </function>
                     </condition>
                  </link>
                  <link id="l7r81b75" targetId="l7r81b74"/>
               </container>
               <container id="l7r81b74" type="exclusive">
                  <title>Lab Site</title>
                  <flow id="l7r81b78">
                     <assignment id="l7r81b9a">
                        <title>Assignment to temp.tempSubmittedLabSite[1]/LabSiteId, temp.tempSubmittedLabSite[1]/LicenseNumber etc.</title>
                        <operation source="field" to="temp.tempSubmittedLabSite[1]/LabSiteId">OSM_Order__r.OSM_Lab_Site__r.Lab_Site_ID__c</operation>
                        <operation source="field" to="temp.tempSubmittedLabSite[1]/LicenseNumber">OSM_Order__r.OSM_Lab_Site__r.License_Number__c</operation>
                        <operation source="field" to="temp.tempSubmittedLabSite[1]/Name">OSM_Order__r.OSM_Lab_Site__r.Name</operation>
                        <operation source="field"
                                   to="temp.tempSubmittedLabSite[1]/LegalFacilityAddress[1]/AddressContactName">OSM_Order__r.OSM_Lab_Site__r.Legal_Facility_Name__c</operation>
                        <operation source="field"
                                   to="temp.tempSubmittedLabSite[1]/LegalFacilityAddress[1]/AddressLine1">OSM_Order__r.OSM_Lab_Site__r.Legal_Facility_Address_Line_1__c</operation>
                        <operation source="field"
                                   to="temp.tempSubmittedLabSite[1]/LegalFacilityAddress[1]/AddressLine2">OSM_Order__r.OSM_Lab_Site__r.Legal_Facility_Address_Line_2__c</operation>
                        <operation source="field"
                                   to="temp.tempSubmittedLabSite[1]/LegalFacilityAddress[1]/City">OSM_Order__r.OSM_Lab_Site__r.Legal_Facility_City__c</operation>
                        <operation source="field"
                                   to="temp.tempSubmittedLabSite[1]/LegalFacilityAddress[1]/Country">OSM_Order__r.OSM_Lab_Site__r.Legal_Facility_Country__c</operation>
                        <operation source="field"
                                   to="temp.tempSubmittedLabSite[1]/LegalFacilityAddress[1]/CountryISOAlphaCode">OSM_Order__r.OSM_Lab_Site__r.Legal_Facility_Country_Code__c</operation>
                        <operation source="field"
                                   to="temp.tempSubmittedLabSite[1]/LegalFacilityAddress[1]/Phone">OSM_Order__r.OSM_Lab_Site__r.Legal_Facility_Phone__c</operation>
                        <operation source="constant"
                                   to="temp.tempSubmittedLabSite[1]/LegalFacilityAddress[1]/PostalAddressType"/>
                        <operation source="field"
                                   to="temp.tempSubmittedLabSite[1]/LegalFacilityAddress[1]/PostalCode">OSM_Order__r.OSM_Lab_Site__r.Legal_Facility_Postal_Code__c</operation>
                        <operation source="field"
                                   to="temp.tempSubmittedLabSite[1]/LegalFacilityAddress[1]/State">OSM_Order__r.OSM_Lab_Site__r.Legal_Facility_State__c</operation>
                        <operation source="field"
                                   to="temp.tempSubmittedLabSite[1]/LegalFacilityAddress[1]/StateCode">OSM_Order__r.OSM_Lab_Site__r.Legal_Facility_State_Code__c</operation>
                        <link id="l7r81b9b" targetId="l7r81b8m"/>
                     </assignment>
                     <assignment id="l7r81b8m">
                        <title>Assignment to SubmittedLabSite, temp.tempAdhocDistributeDataMessage[1]/SubmittedLabSite</title>
                        <operation source="field"
                                   to="temp.tempAdhocDistributeDataMessageMulesoft[1]/SubmittedLabSite">temp.tempSubmittedLabSite</operation>
                        <operation source="formula"
                                   to="temp.tempAdhocDistributeDataMessage[1]/SubmittedLabSite">
                           <expression language="XQuery">$temp.tempSubmittedLabSite </expression>
                        </operation>
                     </assignment>
                     <link id="l7r81b79" targetId="l7r81b74" type="containerLink"/>
                  </flow>
                  <flow id="l7r81b7b">
                     <link id="l7r81b7c" targetId="l7r81b74" type="containerLink"/>
                  </flow>
                  <link id="l7r81b77" targetId="l7r81b78" type="containerLink">
                     <condition source="formula">
                        <function name="set">
                           <arg name="field">{$OSM_Order__r.OSM_Lab_Site__c}</arg>
                        </function>
                     </condition>
                  </link>
                  <link id="l7r81b7a" targetId="l7r81b7b" type="containerLink">
                     <condition source="formula">
                        <function name="unset">
                           <arg name="field">{$OSM_Order__r.OSM_Lab_Site__c}</arg>
                        </function>
                     </condition>
                  </link>
                  <link id="l7r81b76" targetId="ktn11upj"/>
               </container>
               <container id="l7rlakk9" type="exclusive">
                  <title>tempCheckARV7EndPoint?</title>
                  <flow id="l7rlakkd">
                     <assignment id="l7rlakl6">
                        <title>Assignment to OrderRole, ackRequired etc.</title>
                        <operation source="field" to="temp.tempAdhocDistributeDataMessage[1]/OrderRole">output.output_OrderRoles[1]/OrderRole</operation>
                        <operation source="constant"
                                   to="temp.tempAdhocDistributeDataMessage[1]/ackRequired">true</operation>
                        <operation source="formula" to="temp.tempAdhocDistributeDataMessage[1]/activityId">
                           <expression language="XQuery">util:generateUUID()</expression>
                        </operation>
                        <operation source="formula"
                                   to="temp.tempAdhocDistributeDataMessage[1]/correlationId">
                           <expression language="XQuery">util:generateUUID()</expression>
                        </operation>
                        <operation source="constant"
                                   to="temp.tempAdhocDistributeDataMessage[1]/destination">ESB</operation>
                        <operation source="field"
                                   to="temp.tempAdhocDistributeDataMessage[1]/DistributedID">input.InDistributedId</operation>
                        <operation source="formula" to="temp.tempAdhocDistributeDataMessage[1]/expires">
                           <expression language="XQuery">xs:dateTime(current-dateTime()) + xs:dayTimeDuration('PT2H')</expression>
                        </operation>
                        <operation source="formula"
                                   to="temp.tempAdhocDistributeDataMessage[1]/messageInstanceId">
                           <expression language="XQuery">util:generateUUID()</expression>
                        </operation>
                        <operation source="constant"
                                   to="temp.tempAdhocDistributeDataMessage[1]/nackRequired">true</operation>
                        <operation source="field" to="temp.tempAdhocDistributeDataMessage[1]/origin">temp.tempSystemSetting.OSM_SFDC_Org_Origin__c</operation>
                        <operation source="field" to="temp.tempAdhocDistributeDataMessage[1]/ReportID">input.InReportId</operation>
                        <operation source="formula" to="temp.tempAdhocDistributeDataMessage[1]/timestamp">
                           <expression language="XQuery">fn:current-dateTime()</expression>
                        </operation>
                        <operation source="field"
                                   to="temp.tempAdhocDistributeDataMessage[1]/ExternalOrderId">input.InExternalOrderId</operation>
                        <link id="l7rlakmr" targetId="l7rlakmq"/>
                     </assignment>
                     <create id="l7rlakmq">
                        <title>ICRT Message Log Outbound 1</title>
                        <entityName>Salesforce:ICRT_Message_Log__c</entityName>
                        <createInput>
                           <parameter name="ICRT_Create_Process_ID__c" source="formula" updatable="true">
                              <expression language="XQuery">util:getProcessId()</expression>
                           </parameter>
                           <parameter name="ICRT_Message_Direction__c" source="constant" updatable="true">Outbound</parameter>
                           <parameter name="ICRT_Message_Status__c" source="constant" updatable="true">New</parameter>
                           <parameter name="ICRT_Message_Type__c" source="constant" updatable="true">AdhocDistributeDataMessage</parameter>
                           <parameter name="ICRT_Object_ID__c" source="field" updatable="true">output.output_OrderRoles[1]/OrderRole[1]/OrderId</parameter>
                           <parameter name="ICRT_Object_Name__c" source="constant" updatable="true">Order</parameter>
                           <parameter name="ICRT_Record_Name__c" source="constant" updatable="true">Order Role</parameter>
                           <parameter name="ICRT_Source_Message_ID__c" source="field" updatable="true">temp.tempAdhocDistributeDataMessage[1]/messageInstanceId</parameter>
                           <parameter name="ICRT_Order__c" source="field">OSM_Order__c</parameter>
                           <parameter name="ICRT_Orderable__c" source="field" updatable="true">OSM_Order__r.OSM_Product__c</parameter>
                        </createInput>
                        <link id="l7rlakpw" targetId="l7rlako9"/>
                     </create>
                     <eventContainer id="l7rlako9">
                        <service id="l7rlakp5">
                           <title>AdhocDistribution</title>
                           <serviceName>GHI-ESB-REST:AdhocDistribution</serviceName>
                           <serviceGUID>04fR9piQEr8jbmyLWN9SwT</serviceGUID>
                           <serviceInput>
                              <parameter name="AdhocDistributeDataMessage" source="field">temp.tempAdhocDistributeDataMessage</parameter>
                           </serviceInput>
                        </service>
                        <flow id="l7rlakoa">
                           <assignment id="l7rlakob">
                              <title>Assignment</title>
                              <operation source="constant"
                                         to="output.Created ICRT_Message_Log__c.ICRT_Message_Status__c">Middleware Accepted</operation>
                              <operation source="formula"
                                         to="output.Created ICRT_Message_Log__c.ICRT_Update_Process_ID__c">
                                 <expression language="XQuery">util:getProcessId()</expression>
                              </operation>
                           </assignment>
                           <link id="l7rlakp8" targetId="l7rlako9" type="containerLink"/>
                        </flow>
                        <flow id="l7rlakoc">
                           <container id="l7rlakod" type="exclusive">
                              <title>Reason</title>
                              <flow id="l7rlakoe">
                                 <assignment id="l7rlakof">
                                    <title>Assignment to Error Reason, tempSourceXMLLength</title>
                                    <operation source="formula"
                                               to="output.Created ICRT_Message_Log__c.ICRT_Error_Reason__c">
                                       <expression language="XQuery">fn:substring-before($output.faultInfoOutbound[1]/reason, 'SourceXMLBody:')</expression>
                                    </operation>
                                    <operation source="formula" to="temp.tempSourceXMLLength">
                                       <expression language="XQuery">fn:string-length(fn:substring-after($output.faultInfoOutbound[1]/reason, 'SourceXMLBody:'))</expression>
                                    </operation>
                                    <link id="l7rlakpd" targetId="l7rlakog"/>
                                 </assignment>
                                 <container id="l7rlakog" type="exclusive">
                                    <title>tempSourceXMLLength</title>
                                    <flow id="l7rlakoh">
                                       <assignment id="l7rlakoi">
                                          <title>Assignment to SourceXMLBody, SourceXMLBody Additional, etc.</title>
                                          <operation source="formula"
                                                     to="output.Created ICRT_Message_Log__c.ICRT_SourceXMLBody__c">
                                             <expression language="XQuery">fn:substring(fn:substring-after($output.faultInfoOutbound[1]/reason, 'SourceXMLBody:'),1, 130000)</expression>
                                          </operation>
                                          <operation source="formula"
                                                     to="output.Created ICRT_Message_Log__c.ICRT_SourceXMLBody_Additional__c">
                                             <expression language="XQuery">fn:substring(fn:substring-after($output.faultInfoOutbound[1]/reason, 'SourceXMLBody:'),130001, 130000)</expression>
                                          </operation>
                                          <operation source="constant"
                                                     to="output.Created ICRT_Message_Log__c.ICRT_ESBMEssagePartSequenceNumber__c">2</operation>
                                       </assignment>
                                       <link id="l7rlakpg" targetId="l7rlakog" type="containerLink"/>
                                    </flow>
                                    <flow id="l7rlakoj">
                                       <assignment id="l7rlakok">
                                          <title>Assignment to SourceXMLBody, SourceXMLBody Additional, etc.</title>
                                          <operation source="formula"
                                                     to="output.Created ICRT_Message_Log__c.ICRT_SourceXMLBody__c">
                                             <expression language="XQuery">fn:substring-after($output.faultInfoOutbound[1]/reason, 'SourceXMLBody:')</expression>
                                          </operation>
                                          <operation source="constant"
                                                     to="output.Created ICRT_Message_Log__c.ICRT_ESBMEssagePartSequenceNumber__c">1</operation>
                                       </assignment>
                                       <link id="l7rlakph" targetId="l7rlakog" type="containerLink"/>
                                    </flow>
                                    <link id="l7rlakpe" targetId="l7rlakoh" type="containerLink">
                                       <condition source="formula">
                                          <function name="greater-than">
                                             <arg name="left">{$temp.tempSourceXMLLength}</arg>
                                             <arg name="right">{130000}</arg>
                                          </function>
                                       </condition>
                                    </link>
                                    <link id="l7rlakpf" targetId="l7rlakoj" type="containerLink"/>
                                 </container>
                                 <link id="l7rlakpc" targetId="l7rlakod" type="containerLink"/>
                              </flow>
                              <flow id="l7rlakol">
                                 <assignment id="l7rlakom">
                                    <title>Assignment to Error Reason</title>
                                    <operation source="field"
                                               to="output.Created ICRT_Message_Log__c.ICRT_Error_Reason__c">output.faultInfoOutbound[1]/reason</operation>
                                 </assignment>
                                 <link id="l7rlakpi" targetId="l7rlakod" type="containerLink"/>
                              </flow>
                              <link id="l7rlakp9" targetId="l7rlakoe" type="containerLink">
                                 <condition source="formula">
                                    <function name="contains">
                                       <arg name="left">{$output.faultInfoOutbound[1]/reason}</arg>
                                       <arg name="right">SourceXMLBody:</arg>
                                    </function>
                                 </condition>
                              </link>
                              <link id="l7rlakpa" targetId="l7rlakol" type="containerLink"/>
                              <link id="l7rlakpb" targetId="l7rlakon"/>
                           </container>
                           <container id="l7rlakon" type="exclusive">
                              <title>Reason</title>
                              <flow id="l7rlakoo">
                                 <assignment id="l7rlakop">
                                    <title>Assignment to tempRetryCount</title>
                                    <operation source="formula" to="temp.tempRetryCount">
                                       <expression language="XQuery">$temp.tempRetryCount + 1</expression>
                                    </operation>
                                    <link id="l7rlakpm" targetId="l7rlakoq"/>
                                 </assignment>
                                 <container id="l7rlakoq" type="exclusive">
                                    <title>retryCount</title>
                                    <flow id="l7rlakor">
                                       <wait id="l7rlakos">
                                          <duration source="formula">
                                             <function name="duration_expression">
                                                <arg name="value">{$output.retryDelay}</arg>
                                                <arg name="scale">S</arg>
                                                <arg name="businessDays"/>
                                             </function>
                                          </duration>
                                          <link id="l7rlakpp" targetId="l7rlakot"/>
                                       </wait>
                                       <jumpTo id="l7rlakot">
                                          <link id="l7rlakpq" targetId="l7rlako9"/>
                                       </jumpTo>
                                    </flow>
                                    <flow id="l7rlakou">
                                       <assignment id="l7rlakov">
                                          <title>Assignment to Error Message, Error Reason, etc. outbound</title>
                                          <operation source="constant"
                                                     to="output.Created ICRT_Message_Log__c.ICRT_Error_Message__c">Code : {$output.faultInfoOutbound[1]/code} 
Detail:{$output.faultInfoOutbound[1]/detail}</operation>
                                          <operation source="constant"
                                                     to="output.Created ICRT_Message_Log__c.ICRT_Message_Status__c">Middleware Timeout Error</operation>
                                          <operation source="formula"
                                                     to="output.Created ICRT_Message_Log__c.ICRT_Update_Process_ID__c">
                                             <expression language="XQuery">util:getProcessId()</expression>
                                          </operation>
                                          <link id="l7rlakpr" targetId="l7rlakow"/>
                                       </assignment>
                                       <throw id="l7rlakow">
                                          <throwInput>
                                             <parameter name="code" source="formula" updatable="true">
                                                <expression language="XQuery">fn:concat('SystemITQueue','||--||',$output.faultInfoOutbound[1]/code)</expression>
                                             </parameter>
                                             <parameter name="detail" source="field" updatable="true">output.faultInfoOutbound[1]/detail</parameter>
                                             <parameter name="reason" source="field" updatable="true">output.faultInfoOutbound[1]/reason</parameter>
                                          </throwInput>
                                       </throw>
                                    </flow>
                                    <link id="l7rlakpn" targetId="l7rlakor" type="containerLink">
                                       <condition source="formula">
                                          <function name="greater-than">
                                             <arg name="left">{$output.retryCount}</arg>
                                             <arg name="right">{$temp.tempRetryCount}</arg>
                                          </function>
                                       </condition>
                                    </link>
                                    <link id="l7rlakpo" targetId="l7rlakou" type="containerLink"/>
                                 </container>
                              </flow>
                              <flow id="l7rlakox">
                                 <assignment id="l7rlakoy">
                                    <title>Assignment to Error Message, Error Reason, etc.</title>
                                    <operation source="constant"
                                               to="output.Created ICRT_Message_Log__c.ICRT_Error_Message__c">Code : {$output.faultInfoOutbound[1]/code} 
Detail:{$output.faultInfoOutbound[1]/detail}</operation>
                                    <operation source="constant"
                                               to="output.Created ICRT_Message_Log__c.ICRT_Message_Status__c">Middleware Validation Error</operation>
                                    <operation source="formula"
                                               to="output.Created ICRT_Message_Log__c.ICRT_Update_Process_ID__c">
                                       <expression language="XQuery">util:getProcessId()</expression>
                                    </operation>
                                    <link id="l7rlakps" targetId="l7rlakoz"/>
                                 </assignment>
                                 <assignment id="l7rlakoz">
                                    <title>Assignment Order</title>
                                    <operation source="query" to="temp.tempOrder">
                                       <query advanceQuery="false" from="Salesforce:Order">
                                          <where>OrderNumber = '{$output.output_OrderRoles[1]/OrderRole[1]/OrderId}' OR (OSM_Legacy_Order_ID__c != '' AND OSM_Legacy_Order_ID__c = '{$output.output_OrderRoles[1]/OrderRole[1]/OrderId}')</where>
                                       </query>
                                    </operation>
                                    <link id="l7rlakpt" targetId="l7rlakp0"/>
                                 </assignment>
                                 <create id="l7rlakp0">
                                    <title>Create Task</title>
                                    <entityName>Salesforce:Task</entityName>
                                    <createInput>
                                       <parameter name="RecordTypeId" source="constant" updatable="true">012U00000005dYtIAI</parameter>
                                       <parameter name="WhatId" source="field">temp.tempOrder</parameter>
                                       <parameter name="Subject" source="constant" updatable="true">AdhocDistributeDataMessage Error</parameter>
                                       <parameter name="Status" source="constant" updatable="true">Open</parameter>
                                       <parameter name="Priority" source="constant" updatable="true">2 - Normal</parameter>
                                       <parameter name="Description" source="constant" updatable="true">Code:{$output.faultInfoOutbound[1]/code}
Reason:{$output.CreatedICRT_Message_Log__c.ICRT_Error_Reason__c} Detail:{$output.faultInfoOutbound[1]/detail}</parameter>
                                       <parameter name="MessageID__c" source="field" updatable="true">output.Created ICRT_Message_Log__c.ICRT_Source_Message_ID__c</parameter>
                                       <parameter name="OSM_ICRT_Last_Modified_Process_ID__c"
                                                  source="formula"
                                                  updatable="true">
                                          <expression language="XQuery">util:getProcessId()</expression>
                                       </parameter>
                                    </createInput>
                                    <link id="l7rlakpu" targetId="l7rlakp1"/>
                                 </create>
                                 <end id="l7rlakp1"/>
                              </flow>
                              <flow id="l7rlakp2">
                                 <assignment id="l7rlakp3">
                                    <title>Assignment to Error Message, Error Reason, etc.</title>
                                    <operation source="constant"
                                               to="output.Created ICRT_Message_Log__c.ICRT_Error_Message__c">Code : {$output.faultInfoOutbound[1]/code} 
Detail:{$output.faultInfoOutbound[1]/detail}</operation>
                                    <operation source="constant"
                                               to="output.Created ICRT_Message_Log__c.ICRT_Message_Status__c">Unknown Error</operation>
                                    <operation source="formula"
                                               to="output.Created ICRT_Message_Log__c.ICRT_Update_Process_ID__c">
                                       <expression language="XQuery">util:getProcessId()</expression>
                                    </operation>
                                    <link id="l7rlakpv" targetId="l7rlakp4"/>
                                 </assignment>
                                 <throw id="l7rlakp4">
                                    <throwInput>
                                       <parameter name="code" source="formula" updatable="true">
                                          <expression language="XQuery">fn:concat('SystemITQueue','||--||',$output.faultInfoOutbound[1]/code)</expression>
                                       </parameter>
                                       <parameter name="detail" source="field" updatable="true">output.faultInfoOutbound[1]/detail</parameter>
                                       <parameter name="reason" source="field" updatable="true">output.faultInfoOutbound[1]/reason</parameter>
                                    </throwInput>
                                 </throw>
                              </flow>
                              <link id="l7rlakpj" targetId="l7rlakoo" type="containerLink">
                                 <condition source="formula">
                                    <function name="contains">
                                       <arg name="left">{$output.faultInfoOutbound[1]/reason}</arg>
                                       <arg name="right">timeout error</arg>
                                    </function>
                                 </condition>
                              </link>
                              <link id="l7rlakpk" targetId="l7rlakox" type="containerLink">
                                 <condition source="formula">
                                    <function name="contains">
                                       <arg name="left">{$output.faultInfoOutbound[1]/reason}</arg>
                                       <arg name="right">validation failure</arg>
                                    </function>
                                 </condition>
                              </link>
                              <link id="l7rlakpl" targetId="l7rlakp2" type="containerLink"/>
                           </container>
                        </flow>
                        <link id="l7rlakp6" targetId="l7rlakoa" type="containerLink"/>
                        <events>
                           <catch faultField="faultInfoOutbound" id="iznjfk6s" interrupting="true">
                              <link id="l7rlakp7" targetId="l7rlakoc" type="containerLink"/>
                           </catch>
                        </events>
                     </eventContainer>
                     <link id="l7rlakke" targetId="l7rlakk9" type="containerLink"/>
                  </flow>
                  <flow id="l7rlakkg">
                     <assignment id="l7rlakr4">
                        <title>Assignment to ackRequired, activityId etc.</title>
                        <operation source="constant"
                                   to="temp.tempAdhocDistributeDataMessageMulesoft[1]/ackRequired">true</operation>
                        <operation source="formula"
                                   to="temp.tempAdhocDistributeDataMessageMulesoft[1]/activityId">
                           <expression language="XQuery">util:generateUUID()</expression>
                        </operation>
                        <operation source="formula"
                                   to="temp.tempAdhocDistributeDataMessageMulesoft[1]/correlationId">
                           <expression language="XQuery">util:generateUUID()</expression>
                        </operation>
                        <operation source="constant"
                                   to="temp.tempAdhocDistributeDataMessageMulesoft[1]/destination">ESB</operation>
                        <operation source="field"
                                   to="temp.tempAdhocDistributeDataMessageMulesoft[1]/DistributedID">input.InDistributedId</operation>
                        <operation source="formula"
                                   to="temp.tempAdhocDistributeDataMessageMulesoft[1]/expires">
                           <expression language="XQuery">xs:dateTime(current-dateTime()) + xs:dayTimeDuration('PT2H')</expression>
                        </operation>
                        <operation source="formula"
                                   to="temp.tempAdhocDistributeDataMessageMulesoft[1]/messageInstanceId">
                           <expression language="XQuery">util:generateUUID()</expression>
                        </operation>
                        <operation source="constant"
                                   to="temp.tempAdhocDistributeDataMessageMulesoft[1]/nackRequired">true</operation>
                        <operation source="field"
                                   to="temp.tempAdhocDistributeDataMessageMulesoft[1]/origin">temp.tempSystemSetting.OSM_SFDC_Org_Origin__c</operation>
                        <operation source="field"
                                   to="temp.tempAdhocDistributeDataMessageMulesoft[1]/ReportID">input.InReportId</operation>
                        <operation source="formula"
                                   to="temp.tempAdhocDistributeDataMessageMulesoft[1]/timestamp">
                           <expression language="XQuery">fn:current-dateTime()</expression>
                        </operation>
                        <operation source="field"
                                   to="temp.tempAdhocDistributeDataMessageMulesoft[1]/ExternalOrderId">input.InExternalOrderId</operation>
                        <operation source="field"
                                   to="temp.tempAdhocDistributeDataMessageMulesoft[1]/OrderRole">output.output_OrderRolesMulesoft[1]/OrderRole</operation>
                        <link id="l7rlaksp" targetId="l7rlakso"/>
                     </assignment>
                     <create id="l7rlakso">
                        <title>ICRT Message Log Outbound 2</title>
                        <entityName>Salesforce:ICRT_Message_Log__c</entityName>
                        <createInput>
                           <parameter name="ICRT_Create_Process_ID__c" source="formula" updatable="true">
                              <expression language="XQuery">util:getProcessId()</expression>
                           </parameter>
                           <parameter name="ICRT_Message_Direction__c" source="constant" updatable="true">Outbound</parameter>
                           <parameter name="ICRT_Message_Status__c" source="constant" updatable="true">New</parameter>
                           <parameter name="ICRT_Message_Type__c" source="constant" updatable="true">AdhocDistributeDataMessage</parameter>
                           <parameter name="ICRT_Object_ID__c" source="field" updatable="true">output.output_OrderRolesMulesoft[1]/OrderRole[1]/OrderId</parameter>
                           <parameter name="ICRT_Object_Name__c" source="constant" updatable="true">Order</parameter>
                           <parameter name="ICRT_Record_Name__c" source="constant" updatable="true">Order Role</parameter>
                           <parameter name="ICRT_Source_Message_ID__c" source="field" updatable="true">temp.tempAdhocDistributeDataMessageMulesoft[1]/messageInstanceId</parameter>
                           <parameter name="ICRT_Order__c" source="field">OSM_Order__c</parameter>
                           <parameter name="ICRT_Orderable__c" source="field" updatable="true">OSM_Order__r.OSM_Product__c</parameter>
                        </createInput>
                        <link id="l7rlakvu" targetId="l7rlaku7"/>
                     </create>
                     <eventContainer id="l7rlaku7">
                        <service id="l7rlakv3">
                           <title>AdhocDistributionMulesoft</title>
                           <serviceName>GHI-ESB-MuleSoft-REST:AdhocDistribution</serviceName>
                           <serviceGUID>2mesVm98m2aeU4noLBE2qQ</serviceGUID>
                           <serviceInput>
                              <parameter name="AdhocDistributeDataMessage" source="field">temp.tempAdhocDistributeDataMessageMulesoft</parameter>
                           </serviceInput>
                        </service>
                        <flow id="l7rlaku8">
                           <assignment id="l7rlaku9">
                              <title>Assignment 1</title>
                              <operation source="constant"
                                         to="output.Created ICRT_Message_Log__c.ICRT_Message_Status__c">Middleware Accepted</operation>
                              <operation source="formula"
                                         to="output.Created ICRT_Message_Log__c.ICRT_Update_Process_ID__c">
                                 <expression language="XQuery">util:getProcessId()</expression>
                              </operation>
                           </assignment>
                           <link id="l7rlakv6" targetId="l7rlaku7" type="containerLink"/>
                        </flow>
                        <flow id="l7rlakua">
                           <container id="l7rlakub" type="exclusive">
                              <title>Reason 1</title>
                              <flow id="l7rlakuc">
                                 <assignment id="l7rlakud">
                                    <title>Assignment to Error Reason, tempSourceXMLLength 1</title>
                                    <operation source="formula"
                                               to="output.Created ICRT_Message_Log__c.ICRT_Error_Reason__c">
                                       <expression language="XQuery">fn:substring-before($output.faultInfoOutbound[1]/reason, 'SourceXMLBody:')</expression>
                                    </operation>
                                    <operation source="formula" to="temp.tempSourceXMLLength">
                                       <expression language="XQuery">fn:string-length(fn:substring-after($output.faultInfoOutbound[1]/reason, 'SourceXMLBody:'))</expression>
                                    </operation>
                                    <link id="l7rlakvb" targetId="l7rlakue"/>
                                 </assignment>
                                 <container id="l7rlakue" type="exclusive">
                                    <title>tempSourceXMLLength 1</title>
                                    <flow id="l7rlakuf">
                                       <assignment id="l7rlakug">
                                          <title>Assignment to SourceXMLBody, SourceXMLBody Additional, etc. 1</title>
                                          <operation source="formula"
                                                     to="output.Created ICRT_Message_Log__c.ICRT_SourceXMLBody__c">
                                             <expression language="XQuery">fn:substring(fn:substring-after($output.faultInfoOutbound[1]/reason, 'SourceXMLBody:'),1, 130000)</expression>
                                          </operation>
                                          <operation source="formula"
                                                     to="output.Created ICRT_Message_Log__c.ICRT_SourceXMLBody_Additional__c">
                                             <expression language="XQuery">fn:substring(fn:substring-after($output.faultInfoOutbound[1]/reason, 'SourceXMLBody:'),130001, 130000)</expression>
                                          </operation>
                                          <operation source="constant"
                                                     to="output.Created ICRT_Message_Log__c.ICRT_ESBMEssagePartSequenceNumber__c">2</operation>
                                       </assignment>
                                       <link id="l7rlakve" targetId="l7rlakue" type="containerLink"/>
                                    </flow>
                                    <flow id="l7rlakuh">
                                       <assignment id="l7rlakui">
                                          <title>Assignment to SourceXMLBody, SourceXMLBody Additional, etc. 1</title>
                                          <operation source="formula"
                                                     to="output.Created ICRT_Message_Log__c.ICRT_SourceXMLBody__c">
                                             <expression language="XQuery">fn:substring-after($output.faultInfoOutbound[1]/reason, 'SourceXMLBody:')</expression>
                                          </operation>
                                          <operation source="constant"
                                                     to="output.Created ICRT_Message_Log__c.ICRT_ESBMEssagePartSequenceNumber__c">1</operation>
                                       </assignment>
                                       <link id="l7rlakvf" targetId="l7rlakue" type="containerLink"/>
                                    </flow>
                                    <link id="l7rlakvc" targetId="l7rlakuf" type="containerLink">
                                       <condition source="formula">
                                          <function name="greater-than">
                                             <arg name="left">{$temp.tempSourceXMLLength}</arg>
                                             <arg name="right">{130000}</arg>
                                          </function>
                                       </condition>
                                    </link>
                                    <link id="l7rlakvd" targetId="l7rlakuh" type="containerLink"/>
                                 </container>
                                 <link id="l7rlakva" targetId="l7rlakub" type="containerLink"/>
                              </flow>
                              <flow id="l7rlakuj">
                                 <assignment id="l7rlakuk">
                                    <title>Assignment to Error Reason 1</title>
                                    <operation source="field"
                                               to="output.Created ICRT_Message_Log__c.ICRT_Error_Reason__c">output.faultInfoOutbound[1]/reason</operation>
                                 </assignment>
                                 <link id="l7rlakvg" targetId="l7rlakub" type="containerLink"/>
                              </flow>
                              <link id="l7rlakv7" targetId="l7rlakuc" type="containerLink">
                                 <condition source="formula">
                                    <function name="contains">
                                       <arg name="left">{$output.faultInfoOutbound[1]/reason}</arg>
                                       <arg name="right">SourceXMLBody:</arg>
                                    </function>
                                 </condition>
                              </link>
                              <link id="l7rlakv8" targetId="l7rlakuj" type="containerLink"/>
                              <link id="l7rlakv9" targetId="l7rlakul"/>
                           </container>
                           <container id="l7rlakul" type="exclusive">
                              <title>Reason 1</title>
                              <flow id="l7rlakum">
                                 <assignment id="l7rlakun">
                                    <title>Assignment to tempRetryCount 1</title>
                                    <operation source="formula" to="temp.tempRetryCount">
                                       <expression language="XQuery">$temp.tempRetryCount + 1</expression>
                                    </operation>
                                    <link id="l7rlakvk" targetId="l7rlakuo"/>
                                 </assignment>
                                 <container id="l7rlakuo" type="exclusive">
                                    <title>retryCount 1</title>
                                    <flow id="l7rlakup">
                                       <wait id="l7rlakuq">
                                          <duration source="formula">
                                             <function name="duration_expression">
                                                <arg name="value">{$output.retryDelay}</arg>
                                                <arg name="scale">S</arg>
                                                <arg name="businessDays"/>
                                             </function>
                                          </duration>
                                          <link id="l7rlakvn" targetId="l7rlakur"/>
                                       </wait>
                                       <jumpTo id="l7rlakur">
                                          <link id="l7rlakvo" targetId="l7rlaku7"/>
                                       </jumpTo>
                                    </flow>
                                    <flow id="l7rlakus">
                                       <assignment id="l7rlakut">
                                          <title>Assignment to Error Message, Error Reason, etc. outbound 1</title>
                                          <operation source="constant"
                                                     to="output.Created ICRT_Message_Log__c.ICRT_Error_Message__c">Code : {$output.faultInfoOutbound[1]/code} 
Detail:{$output.faultInfoOutbound[1]/detail}</operation>
                                          <operation source="constant"
                                                     to="output.Created ICRT_Message_Log__c.ICRT_Message_Status__c">Middleware Timeout Error</operation>
                                          <operation source="formula"
                                                     to="output.Created ICRT_Message_Log__c.ICRT_Update_Process_ID__c">
                                             <expression language="XQuery">util:getProcessId()</expression>
                                          </operation>
                                          <link id="l7rlakvp" targetId="l7rlakuu"/>
                                       </assignment>
                                       <throw id="l7rlakuu">
                                          <throwInput>
                                             <parameter name="code" source="formula" updatable="true">
                                                <expression language="XQuery">fn:concat('SystemITQueue','||--||',$output.faultInfoOutbound[1]/code)</expression>
                                             </parameter>
                                             <parameter name="detail" source="field" updatable="true">output.faultInfoOutbound[1]/detail</parameter>
                                             <parameter name="reason" source="field" updatable="true">output.faultInfoOutbound[1]/reason</parameter>
                                          </throwInput>
                                       </throw>
                                    </flow>
                                    <link id="l7rlakvl" targetId="l7rlakup" type="containerLink">
                                       <condition source="formula">
                                          <function name="greater-than">
                                             <arg name="left">{$output.retryCount}</arg>
                                             <arg name="right">{$temp.tempRetryCount}</arg>
                                          </function>
                                       </condition>
                                    </link>
                                    <link id="l7rlakvm" targetId="l7rlakus" type="containerLink"/>
                                 </container>
                              </flow>
                              <flow id="l7rlakuv">
                                 <assignment id="l7rlakuw">
                                    <title>Assignment to Error Message, Error Reason, etc. 1</title>
                                    <operation source="constant"
                                               to="output.Created ICRT_Message_Log__c.ICRT_Error_Message__c">Code : {$output.faultInfoOutbound[1]/code} 
Detail:{$output.faultInfoOutbound[1]/detail}</operation>
                                    <operation source="constant"
                                               to="output.Created ICRT_Message_Log__c.ICRT_Message_Status__c">Middleware Validation Error</operation>
                                    <operation source="formula"
                                               to="output.Created ICRT_Message_Log__c.ICRT_Update_Process_ID__c">
                                       <expression language="XQuery">util:getProcessId()</expression>
                                    </operation>
                                    <link id="l7rlakvq" targetId="l7rlakux"/>
                                 </assignment>
                                 <assignment id="l7rlakux">
                                    <title>Assignment Order 1</title>
                                    <operation source="query" to="temp.tempOrder">
                                       <query advanceQuery="false" from="Salesforce:Order">
                                          <where>OrderNumber = '{$output.output_OrderRoles[1]/OrderRole[1]/OrderId}' OR (OSM_Legacy_Order_ID__c != '' AND OSM_Legacy_Order_ID__c = '{$output.output_OrderRoles[1]/OrderRole[1]/OrderId}')</where>
                                       </query>
                                    </operation>
                                    <link id="l7rlakvr" targetId="l7rlakuy"/>
                                 </assignment>
                                 <create id="l7rlakuy">
                                    <title>Create Task 1</title>
                                    <entityName>Salesforce:Task</entityName>
                                    <createInput>
                                       <parameter name="RecordTypeId" source="constant" updatable="true">012U00000005dYtIAI</parameter>
                                       <parameter name="WhatId" source="field">temp.tempOrder</parameter>
                                       <parameter name="Subject" source="constant" updatable="true">AdhocDistributeDataMessage Error</parameter>
                                       <parameter name="Status" source="constant" updatable="true">Open</parameter>
                                       <parameter name="Priority" source="constant" updatable="true">2 - Normal</parameter>
                                       <parameter name="Description" source="constant" updatable="true">Code:{$output.faultInfoOutbound[1]/code}
Reason:{$output.CreatedICRT_Message_Log__c.ICRT_Error_Reason__c} Detail:{$output.faultInfoOutbound[1]/detail}</parameter>
                                       <parameter name="MessageID__c" source="field" updatable="true">output.Created ICRT_Message_Log__c.ICRT_Source_Message_ID__c</parameter>
                                       <parameter name="OSM_ICRT_Last_Modified_Process_ID__c"
                                                  source="formula"
                                                  updatable="true">
                                          <expression language="XQuery">util:getProcessId()</expression>
                                       </parameter>
                                    </createInput>
                                    <link id="l7rlakvs" targetId="l7rlakuz"/>
                                 </create>
                                 <end id="l7rlakuz"/>
                              </flow>
                              <flow id="l7rlakv0">
                                 <assignment id="l7rlakv1">
                                    <title>Assignment to Error Message, Error Reason, etc. 1</title>
                                    <operation source="constant"
                                               to="output.Created ICRT_Message_Log__c.ICRT_Error_Message__c">Code : {$output.faultInfoOutbound[1]/code} 
Detail:{$output.faultInfoOutbound[1]/detail}</operation>
                                    <operation source="constant"
                                               to="output.Created ICRT_Message_Log__c.ICRT_Message_Status__c">Unknown Error</operation>
                                    <operation source="formula"
                                               to="output.Created ICRT_Message_Log__c.ICRT_Update_Process_ID__c">
                                       <expression language="XQuery">util:getProcessId()</expression>
                                    </operation>
                                    <link id="l7rlakvt" targetId="l7rlakv2"/>
                                 </assignment>
                                 <throw id="l7rlakv2">
                                    <throwInput>
                                       <parameter name="code" source="formula" updatable="true">
                                          <expression language="XQuery">fn:concat('SystemITQueue','||--||',$output.faultInfoOutbound[1]/code)</expression>
                                       </parameter>
                                       <parameter name="detail" source="field" updatable="true">output.faultInfoOutbound[1]/detail</parameter>
                                       <parameter name="reason" source="field" updatable="true">output.faultInfoOutbound[1]/reason</parameter>
                                    </throwInput>
                                 </throw>
                              </flow>
                              <link id="l7rlakvh" targetId="l7rlakum" type="containerLink">
                                 <condition source="formula">
                                    <function name="contains">
                                       <arg name="left">{$output.faultInfoOutbound[1]/reason}</arg>
                                       <arg name="right">timeout error</arg>
                                    </function>
                                 </condition>
                              </link>
                              <link id="l7rlakvi" targetId="l7rlakuv" type="containerLink">
                                 <condition source="formula">
                                    <function name="contains">
                                       <arg name="left">{$output.faultInfoOutbound[1]/reason}</arg>
                                       <arg name="right">validation failure</arg>
                                    </function>
                                 </condition>
                              </link>
                              <link id="l7rlakvj" targetId="l7rlakv0" type="containerLink"/>
                           </container>
                        </flow>
                        <link id="l7rlakv4" targetId="l7rlaku8" type="containerLink"/>
                        <events>
                           <catch faultField="faultInfoOutbound" id="iznjfk6s" interrupting="true">
                              <link id="l7rlakv5" targetId="l7rlakua" type="containerLink"/>
                           </catch>
                        </events>
                     </eventContainer>
                     <link id="l7rlakkh" targetId="l7rlakk9" type="containerLink"/>
                  </flow>
                  <link id="l7rlakkc" targetId="l7rlakkd" type="containerLink">
                     <condition source="formula">
                        <function name="true">
                           <arg name="field">{$temp.tempCheckARV7EndPoint}</arg>
                        </function>
                     </condition>
                  </link>
                  <link id="l7rlakkf" targetId="l7rlakkg" type="containerLink">
                     <condition source="formula">
                        <function name="false">
                           <arg name="field">{$temp.tempCheckARV7EndPoint}</arg>
                        </function>
                     </condition>
                  </link>
                  <link id="l7rlakx2" targetId="d"/>
               </container>
               <end id="d"/>
            </flow>
         </process>
      </types1:Entry>
      <types1:GUID>07WmdXnpQC1kSlLwvlV6Ov</types1:GUID>
      <types1:DisplayName>INT-XDM-AdhocDistributeDataMessage</types1:DisplayName>
   </types1:Item>
   <types1:CurrentServerDateTime>2023-05-18T11:15:43.192Z</types1:CurrentServerDateTime>
</aetgt:getResponse>
