<aetgt:getResponse xmlns:aetgt="http://schemas.active-endpoints.com/appmodules/repository/2010/10/avrepository.xsd"
                   xmlns:types1="http://schemas.active-endpoints.com/appmodules/repository/2010/10/avrepository.xsd">
   <types1:Item>
      <types1:EntryId>lnMQoPVm5Y6tMFy-gt-15164211-2019-03-07T20:35:31.179Z::pd.xml</types1:EntryId>
      <types1:Name>INT-XDM-CaseToStarlims-CaseDataMessage</types1:Name>
      <types1:ParentFlowIds>028jIw8jIw8jIw8-gt-15161775-2019-03-07T20:34:55.999Z::pd.xml,11LOwD0wWcn6Hbf-gt-15163767-2019-03-07T20:35:22.85Z::pd.xml,JnE29Em2kVNKSmv-gt-15163269-2019-03-07T20:35:14.576Z::pd.xml,STu0kMVX3cjk91p-gt-15162177-2019-03-07T20:34:59.712Z::pd.xml,UWplp6oIuQaaabc-gt-15162513-2019-03-07T20:35:03.975Z::pd.xml,X67WHK80FIRi92q-gt-15164037-2019-03-07T20:35:27.793Z::pd.xml</types1:ParentFlowIds>
      <types1:MimeType>application/xml+process</types1:MimeType>
      <types1:Description>System shall send a case message to starlims when certain conditions meet</types1:Description>
      <types1:AppliesTo>Salesforce:Case</types1:AppliesTo>
      <types1:Tags>11937,Case,FR-LAB-INTEGRATION-100-6,US115043</types1:Tags>
      <types1:VersionLabel>1.0</types1:VersionLabel>
      <types1:State>CURRENT</types1:State>
      <types1:ProcessGroup/>
      <types1:CreatedBy>admin@001e08.ghi</types1:CreatedBy>
      <types1:CreationDate>2019-03-07T20:35:31Z</types1:CreationDate>
      <types1:ModifiedBy>admin@par15.ghi</types1:ModifiedBy>
      <types1:ModificationDate>2023-05-01T22:23:27Z</types1:ModificationDate>
      <types1:PublicationStatus>published</types1:PublicationStatus>
      <types1:PublishedBy>admin@par15.ghi</types1:PublishedBy>
      <types1:PublicationDate>2023-05-16T22:11:02Z</types1:PublicationDate>
      <types1:PublishedContributionId>project:/spi.INT-XDM-CaseToStarlims-CaseDataMessage/INT-XDM-CaseToStarlims-CaseDataMessage.pd.xml</types1:PublishedContributionId>
      <types1:AutosaveExists>false</types1:AutosaveExists>
      <types1:Entry>
         <process xmlns="http://schemas.active-endpoints.com/appmodules/screenflow/2010/10/avosScreenflow.xsd"
                  xmlns:tfm="http://schemas.active-endpoints.com/appmodules/screenflow/2021/04/taskflowModel.xsd"
                  xmlns:list="urn:activevos:spi:list:functions"
                  displayName="INT-XDM-CaseToStarlims-CaseDataMessage"
                  name="INT-XDM-CaseToStarlims-CaseDataMessage">
            <parameterSet xmlns="http://schemas.active-endpoints.com/appmodules/screenflow/2021/04/taskflowModel.xsd"/>
            <appliesTo>Salesforce:Case</appliesTo>
            <description>System shall send a case message to starlims when certain conditions meet</description>
            <tags>11937,Case,FR-LAB-INTEGRATION-100-6,US115043</tags>
            <generator>Informatica Process Designer 11</generator>
            <tempFields>
               <field description="" name="tempCaseDataMsg" type="reference">
                  <options>
                     <option name="referenceTo">GHI-ESB-REST:CaseDataMessageType</option>
                     <option name="required">false</option>
                     <option name="isCopy">true</option>
                     <option name="guid">04fR9piQEr8jbmyLWN9SwT</option>
                  </options>
               </field>
               <field description="" name="tempCaseType" type="reference">
                  <options>
                     <option name="referenceTo">GHI-ESB-REST:CaseType</option>
                     <option name="required">false</option>
                     <option name="isCopy">true</option>
                     <option name="guid">04fR9piQEr8jbmyLWN9SwT</option>
                  </options>
               </field>
               <field description="" name="tempRetryCount" type="int">
                  <options>
                     <option name="required">false</option>
                     <option hide="true" name="initialvalue">0</option>
                  </options>
               </field>
               <field description="" name="tempSourceXMLLength" type="int">
                  <options>
                     <option name="required">false</option>
                     <option hide="true" name="initialvalue">0</option>
                  </options>
               </field>
               <field description="" name="tempCaseDataMsgMulesoft" type="reference">
                  <options>
                     <option name="referenceTo">GHI-ESB-MuleSoft-REST:CaseDataMessageType</option>
                     <option name="required">false</option>
                     <option name="isCopy">true</option>
                     <option name="guid">2mesVm98m2aeU4noLBE2qQ</option>
                  </options>
               </field>
               <field description="" name="tempSystemSetting" type="reference">
                  <options>
                     <option name="referenceTo">Salesforce:Record_Type__c</option>
                     <option name="required">false</option>
                     <option name="guid">9rhyRDabNHiiDcOu4c64gK</option>
                  </options>
               </field>
            </tempFields>
            <notes>User Story 119237:Re-implement: FR-LAB-INTEGRATION-100-6: Case to Starlims update outbound message</notes>
            <deployment skipIfRunning="false" suspendOnFault="false" tracingLevel="verbose">
               <rest/>
            </deployment>
            <flow id="a">
               <start id="b">
                  <link id="j0t6a5sn" targetId="j0t6a5sm"/>
               </start>
               <container id="j0t6a5sm" type="exclusive">
                  <title>Orderable</title>
                  <flow id="j0t6a5uc">
                     <container id="j0t6a5wa" type="exclusive">
                        <title>Status</title>
                        <flow id="j0t6a5wb">
                           <container id="j0t6a5wc" type="exclusive">
                              <title>System Consumers</title>
                              <flow id="j0t6a5wd">
                                 <assignment id="j0t6a5we">
                                    <title>Assignment to CaseId, OrderId etc.</title>
                                    <operation source="field" to="temp.tempCaseType[1]/CaseId">OSM_Main_Case_Number__c</operation>
                                    <operation source="field" to="temp.tempCaseType[1]/OrderId">OSM_Primary_Order__r.OSM_Main_Order_ID__c</operation>
                                    <operation source="field" to="temp.tempCaseType[1]/OrderLineItemId">OSM_Primary_Order_Line_Item__r.OSM_Main_Order_Line_Item_ID__c</operation>
                                    <operation source="field" to="temp.tempCaseType[1]/CaseRequestId">OSM_System_Case_Request_ID__c</operation>
                                    <operation source="field" to="temp.tempCaseType[1]/Requestor">OSM_Requested_By__c</operation>
                                    <operation source="field" to="OSM_Requested_Date_Time__c">OSM_Requested_Date_Time__c</operation>
                                    <operation source="field" to="temp.tempCaseType[1]/Status">Status</operation>
                                    <operation source="field" to="temp.tempCaseType[1]/ClosedDate">ClosedDate</operation>
                                    <operation source="field" to="temp.tempCaseType[1]/ClosedReason">OSM_Case_Results__c</operation>
                                    <operation source="field" to="temp.tempCaseType[1]/CaseCreationDate">CreatedDate</operation>
                                    <operation source="field" to="temp.tempCaseType[1]/CreatedOn">CreatedDate</operation>
                                    <operation source="field" to="temp.tempCaseType[1]/CreatedBy">CreatedBy.Alias</operation>
                                    <operation source="field" to="temp.tempCaseType[1]/ModifiedOn">LastModifiedDate</operation>
                                    <operation source="field" to="temp.tempCaseType[1]/ModifiedBy">LastModifiedBy.Alias</operation>
                                    <operation source="field" to="temp.tempCaseType[1]/CaseType">Type</operation>
                                    <operation source="query" to="temp.tempSystemSetting">
                                       <query advanceQuery="false" from="Salesforce:Record_Type__c">
                                          <where>limit 1</where>
                                       </query>
                                    </operation>
                                    <link id="j0t6a5xl" targetId="j0t6a5wf"/>
                                 </assignment>
                                 <assignment id="j0t6a5wf">
                                    <title>Assignment to ackRequired, activityId etc.</title>
                                    <operation source="constant" to="temp.tempCaseDataMsg[1]/ackRequired">true</operation>
                                    <operation source="formula" to="temp.tempCaseDataMsg[1]/activityId">
                                       <expression language="XQuery">util:generateUUID()</expression>
                                    </operation>
                                    <operation source="field" to="temp.tempCaseDataMsg[1]/Case">temp.tempCaseType</operation>
                                    <operation source="formula" to="temp.tempCaseDataMsg[1]/correlationId">
                                       <expression language="XQuery">util:generateUUID()</expression>
                                    </operation>
                                    <operation source="constant" to="temp.tempCaseDataMsg[1]/destination">LIMS</operation>
                                    <operation source="formula" to="temp.tempCaseDataMsg[1]/expires">
                                       <expression language="XQuery">xs:dateTime(current-dateTime()) + xs:dayTimeDuration('PT2H')</expression>
                                    </operation>
                                    <operation source="formula" to="temp.tempCaseDataMsg[1]/messageInstanceId">
                                       <expression language="XQuery">util:generateUUID()</expression>
                                    </operation>
                                    <operation source="constant" to="temp.tempCaseDataMsg[1]/nackRequired">true</operation>
                                    <operation source="field" to="temp.tempCaseDataMsg[1]/origin">temp.tempSystemSetting.OSM_SFDC_Org_Origin__c</operation>
                                    <operation source="formula" to="temp.tempCaseDataMsg[1]/timestamp">
                                       <function name="time_from_now">
                                          <arg name="value">0</arg>
                                          <arg name="HM_flag">M</arg>
                                       </function>
                                    </operation>
                                    <link id="j0t6a5xm" targetId="j0t6a5wg"/>
                                 </assignment>
                                 <assignment id="l42jwowj">
                                    <title>Assignment to tempCaseDataMsgMulesoft</title>
                                    <operation source="formula" to="temp.tempCaseDataMsgMulesoft">
                                       <expression language="XQuery">$temp.tempCaseDataMsg </expression>
                                    </operation>
                                    <link id="l441oveh" targetId="j0t6a5wi"/>
                                 </assignment>
                                 <subflow id="j0t6a5wg">
                                    <title>ER-Get GHI Integration Retry Settings</title>
                                    <subflowGUID>ltcYSqXiM0KbxUkoOD3caj</subflowGUID>
                                    <subflowPath>ER-Get_GHI_Integration_Retry_Settings</subflowPath>
                                    <runForEach>false</runForEach>
                                    <input/>
                                    <outputDef>
                                       <field name="retryCount" type="int">
                                          <options>
                                             <option name="required">false</option>
                                          </options>
                                       </field>
                                       <field name="retryDelay" type="double">
                                          <options>
                                             <option name="required">false</option>
                                          </options>
                                       </field>
                                    </outputDef>
                                    <link id="j0t6a5xn" targetId="j0t6a5wh"/>
                                 </subflow>
                                 <create id="j0t6a5wh">
                                    <title>ICRT Message Log Outbound</title>
                                    <entityName>Salesforce:ICRT_Message_Log__c</entityName>
                                    <createInput>
                                       <parameter name="ICRT_Create_Process_ID__c" source="formula" updatable="true">
                                          <expression language="XQuery">util:getProcessId()</expression>
                                       </parameter>
                                       <parameter name="ICRT_Message_Direction__c" source="constant" updatable="true">Outbound</parameter>
                                       <parameter name="ICRT_Message_Status__c" source="constant" updatable="true">New</parameter>
                                       <parameter name="ICRT_Message_Type__c" source="constant" updatable="true">CaseDataMessage</parameter>
                                       <parameter name="ICRT_Object_ID__c" source="constant" updatable="true">{$CaseNumber}</parameter>
                                       <parameter name="ICRT_Object_Name__c" source="constant" updatable="true">Case</parameter>
                                       <parameter name="ICRT_Record_Name__c" source="constant" updatable="true">Case</parameter>
                                       <parameter name="ICRT_Source_Message_ID__c" source="field" updatable="true">temp.tempCaseDataMsg[1]/messageInstanceId</parameter>
                                       <parameter name="ICRT_Case__c" source="field">Id</parameter>
                                       <parameter name="ICRT_Order_Line_Item__c" source="field">OSM_Primary_Order_Line_Item__r.Id</parameter>
                                       <parameter name="ICRT_Order__c" source="field">OSM_Primary_Order__r.Id</parameter>
                                       <parameter name="ICRT_Orderable__c" source="field" updatable="true">OSM_Primary_Order__r.OSM_Product__c</parameter>
                                       <parameter name="ICRT_Test__c" source="field">OSM_Primary_Order_Line_Item__r.PricebookEntry.Name</parameter>
                                    </createInput>
                                    <link id="l42jwowk" targetId="l42jwowj"/>
                                 </create>
                                 <eventContainer id="j0t6a5wi">
                                    <service id="j0t6a5xc">
                                       <title>Case</title>
                                       <serviceName>GHI-ESB-MuleSoft-REST:Case</serviceName>
                                       <serviceGUID>2mesVm98m2aeU4noLBE2qQ</serviceGUID>
                                       <serviceInput>
                                          <parameter name="CaseDataMessage" source="field">temp.tempCaseDataMsgMulesoft</parameter>
                                       </serviceInput>
                                    </service>
                                    <flow id="j0t6a5wj">
                                       <assignment id="j0t6a5wk">
                                          <title>Assignment</title>
                                          <operation source="constant"
                                                     to="output.Created ICRT_Message_Log__c.ICRT_Message_Status__c">Middleware Accepted</operation>
                                          <operation source="formula"
                                                     to="output.Created ICRT_Message_Log__c.ICRT_Update_Process_ID__c">
                                             <expression language="XQuery">util:getProcessId()</expression>
                                          </operation>
                                       </assignment>
                                       <link id="j0t6a5xr" targetId="j0t6a5wi" type="containerLink"/>
                                    </flow>
                                    <flow id="j0t6a5wl">
                                       <container id="j0t6a5wm" type="exclusive">
                                          <title>Reason</title>
                                          <flow id="j0t6a5wn">
                                             <assignment id="j0t6a5wo">
                                                <title>Assignment to Error Reason, tempSourceXMLLength</title>
                                                <operation source="formula"
                                                           to="output.Created ICRT_Message_Log__c.ICRT_Error_Reason__c">
                                                   <expression language="XQuery">fn:substring-before($output.faultInfoOutbound[1]/reason, 'SourceXMLBody:')
</expression>
                                                </operation>
                                                <operation source="formula" to="temp.tempSourceXMLLength">
                                                   <expression language="XQuery">fn:string-length(fn:substring-after($output.faultInfoOutbound[1]/reason, 'SourceXMLBody:'))</expression>
                                                </operation>
                                                <link id="j0t6a5xx" targetId="j0t6a5wp"/>
                                             </assignment>
                                             <container id="j0t6a5wp" type="exclusive">
                                                <title>tempSourceXMLLength</title>
                                                <flow id="j0t6a5wq">
                                                   <assignment id="j0t6a5wr">
                                                      <title>Assignment to SourceXMLBody, SourceXMLBody Additional, etc.</title>
                                                      <operation source="formula"
                                                                 to="output.Created ICRT_Message_Log__c.ICRT_SourceXMLBody__c">
                                                         <expression language="XQuery">fn:substring(fn:substring-after($output.faultInfoOutbound[1]/reason, 'SourceXMLBody:'),1,130000)</expression>
                                                      </operation>
                                                      <operation source="formula"
                                                                 to="output.Created ICRT_Message_Log__c.ICRT_SourceXMLBody_Additional__c">
                                                         <expression language="XQuery">fn:substring(fn:substring-after($output.faultInfoOutbound[1]/reason, 'SourceXMLBody:'),130001,130000)</expression>
                                                      </operation>
                                                      <operation source="constant"
                                                                 to="output.Created ICRT_Message_Log__c.ICRT_ESBMEssagePartSequenceNumber__c">2</operation>
                                                   </assignment>
                                                   <link id="j0t6a5y0" targetId="j0t6a5wp" type="containerLink"/>
                                                </flow>
                                                <flow id="j0t6a5ws">
                                                   <assignment id="j0t6a5wt">
                                                      <title>Assignment to SourceXMLBody, SourceXMLBody Additional, etc.</title>
                                                      <operation source="formula"
                                                                 to="output.Created ICRT_Message_Log__c.ICRT_SourceXMLBody__c">
                                                         <expression language="XQuery">fn:substring-after($output.faultInfoOutbound[1]/reason, 'SourceXMLBody:')</expression>
                                                      </operation>
                                                      <operation source="constant"
                                                                 to="output.Created ICRT_Message_Log__c.ICRT_ESBMEssagePartSequenceNumber__c">1</operation>
                                                   </assignment>
                                                   <link id="j0t6a5y1" targetId="j0t6a5wp" type="containerLink"/>
                                                </flow>
                                                <link id="j0t6a5xy" targetId="j0t6a5wq" type="containerLink">
                                                   <condition source="formula">
                                                      <function name="greater-than">
                                                         <arg name="left">{$temp.tempSourceXMLLength}</arg>
                                                         <arg name="right">{130000}</arg>
                                                      </function>
                                                   </condition>
                                                </link>
                                                <link id="j0t6a5xz" targetId="j0t6a5ws" type="containerLink"/>
                                             </container>
                                             <link id="j0t6a5xw" targetId="j0t6a5wm" type="containerLink"/>
                                          </flow>
                                          <flow id="j0t6a5wu">
                                             <assignment id="j0t6a5wv">
                                                <title>Assignment to Error Reason</title>
                                                <operation source="field"
                                                           to="output.Created ICRT_Message_Log__c.ICRT_Error_Reason__c">output.faultInfoOutbound[1]/reason</operation>
                                             </assignment>
                                             <link id="j0t6a5y2" targetId="j0t6a5wm" type="containerLink"/>
                                          </flow>
                                          <link id="j0t6a5xt" targetId="j0t6a5wn" type="containerLink">
                                             <condition source="formula">
                                                <function name="contains">
                                                   <arg name="left">{$output.faultInfoOutbound[1]/reason}</arg>
                                                   <arg name="right">SourceXMLBody:</arg>
                                                </function>
                                             </condition>
                                          </link>
                                          <link id="j0t6a5xu" targetId="j0t6a5wu" type="containerLink"/>
                                          <link id="j0t6a5xv" targetId="j0t6a5ww"/>
                                       </container>
                                       <container id="j0t6a5ww" type="exclusive">
                                          <title>Reason</title>
                                          <flow id="j0t6a5wx">
                                             <assignment id="j0t6a5wy">
                                                <title>Assignment to tempRetryCount</title>
                                                <operation source="formula" to="temp.tempRetryCount">
                                                   <expression language="XQuery">$temp.tempRetryCount + 1</expression>
                                                </operation>
                                                <link id="j0t6a5y7" targetId="j0t6a5wz"/>
                                             </assignment>
                                             <container id="j0t6a5wz" type="exclusive">
                                                <title>retryCount</title>
                                                <flow id="j0t6a5x0">
                                                   <wait id="j0t6a5x1">
                                                      <duration source="formula">
                                                         <function name="duration_expression">
                                                            <arg name="value">{$output.retryDelay}</arg>
                                                            <arg name="scale">S</arg>
                                                            <arg name="businessDays"/>
                                                         </function>
                                                      </duration>
                                                      <link id="j0t6a5ya" targetId="j0t6a5x2"/>
                                                   </wait>
                                                   <jumpTo id="j0t6a5x2">
                                                      <link id="j0t6a5yb" targetId="j0t6a5wi"/>
                                                   </jumpTo>
                                                </flow>
                                                <flow id="j0t6a5x3">
                                                   <assignment id="j0t6a5x4">
                                                      <title>Assignment to Error Message, Error Reason, etc. outbound</title>
                                                      <operation source="constant"
                                                                 to="output.Created ICRT_Message_Log__c.ICRT_Error_Message__c">Code:{$output.faultInfoOutbound[1]/code} 
Detail:{$output.faultInfoOutbound[1]/detail} </operation>
                                                      <operation source="constant"
                                                                 to="output.Created ICRT_Message_Log__c.ICRT_Message_Status__c">Middleware Timeout Error</operation>
                                                      <operation source="formula"
                                                                 to="output.Created ICRT_Message_Log__c.ICRT_Update_Process_ID__c">
                                                         <expression language="XQuery">util:getProcessId()</expression>
                                                      </operation>
                                                      <link id="jsyyx2tr" targetId="jsyyx2tq"/>
                                                   </assignment>
                                                   <throw id="jsyyx2tq">
                                                      <throwInput>
                                                         <parameter name="code" source="formula" updatable="true">
                                                            <expression language="XQuery">fn:concat('SystemITQueue','||--||',$output.faultInfoOutbound[1]/code)</expression>
                                                         </parameter>
                                                         <parameter name="detail" source="field" updatable="true">output.faultInfoOutbound[1]/detail</parameter>
                                                         <parameter name="reason" source="field" updatable="true">output.faultInfoOutbound[1]/reason</parameter>
                                                      </throwInput>
                                                   </throw>
                                                </flow>
                                                <link id="j0t6a5y8" targetId="j0t6a5x0" type="containerLink">
                                                   <condition source="formula">
                                                      <function name="greater-than">
                                                         <arg name="left">{$output.retryCount}</arg>
                                                         <arg name="right">{$temp.tempRetryCount}</arg>
                                                      </function>
                                                   </condition>
                                                </link>
                                                <link id="j0t6a5y9" targetId="j0t6a5x3" type="containerLink"/>
                                             </container>
                                          </flow>
                                          <flow id="j0t6a5x6">
                                             <assignment id="j0t6a5x7">
                                                <title>Assignment to Error Message, Error Reason, etc. outbound</title>
                                                <operation source="constant"
                                                           to="output.Created ICRT_Message_Log__c.ICRT_Error_Message__c">Code:{$output.faultInfoOutbound[1]/code} 
Detail:{$output.faultInfoOutbound[1]/detail} </operation>
                                                <operation source="constant"
                                                           to="output.Created ICRT_Message_Log__c.ICRT_Message_Status__c">Middleware Validation Error</operation>
                                                <operation source="formula"
                                                           to="output.Created ICRT_Message_Log__c.ICRT_Update_Process_ID__c">
                                                   <expression language="XQuery">util:getProcessId()</expression>
                                                </operation>
                                                <link id="jsyyx2rp" targetId="jsyyx2ro"/>
                                             </assignment>
                                             <create id="jsyyx2ro">
                                                <title>Create Task</title>
                                                <entityName>Salesforce:Task</entityName>
                                                <createInput>
                                                   <parameter name="RecordTypeId" source="constant" updatable="true">012U00000005dYtIAI</parameter>
                                                   <parameter name="WhatId" source="field">OSM_Primary_Order__c</parameter>
                                                   <parameter name="Subject" source="constant" updatable="true">CaseOutboundMessage Error</parameter>
                                                   <parameter name="Status" source="constant" updatable="true">Open</parameter>
                                                   <parameter name="Priority" source="constant" updatable="true">2 - Normal</parameter>
                                                   <parameter name="Description" source="constant" updatable="true">Code:{$output.faultInfoOutbound[1]/code}
Detail:{$output.faultInfoOutbound[1]/detail} 
Reason:{$output.CreatedICRT_Message_Log__c.ICRT_Error_Reason__c} </parameter>
                                                   <parameter name="MessageID__c" source="field" updatable="true">output.Created ICRT_Message_Log__c.ICRT_Source_Message_ID__c</parameter>
                                                   <parameter name="OSM_ICRT_Last_Modified_Process_ID__c"
                                                              source="formula"
                                                              updatable="true">
                                                      <expression language="XQuery">util:getProcessId()</expression>
                                                   </parameter>
                                                </createInput>
                                                <link id="jsyyx2rq" targetId="j0t6a5x8"/>
                                             </create>
                                             <end id="j0t6a5x8"/>
                                          </flow>
                                          <flow id="j0t6a5x9">
                                             <assignment id="j0t6a5xa">
                                                <title>Assignment to Error Message, Error Reason, etc. outbound</title>
                                                <operation source="constant"
                                                           to="output.Created ICRT_Message_Log__c.ICRT_Error_Message__c">Code:{$output.faultInfoOutbound[1]/code} 
Detail:{$output.faultInfoOutbound[1]/detail} </operation>
                                                <operation source="constant"
                                                           to="output.Created ICRT_Message_Log__c.ICRT_Message_Status__c">Unknown Error</operation>
                                                <operation source="formula"
                                                           to="output.Created ICRT_Message_Log__c.ICRT_Update_Process_ID__c">
                                                   <expression language="XQuery">util:getProcessId()</expression>
                                                </operation>
                                                <link id="jsyyx2xk" targetId="jsyyx2xj"/>
                                             </assignment>
                                             <throw id="jsyyx2xj">
                                                <throwInput>
                                                   <parameter name="code" source="formula" updatable="true">
                                                      <expression language="XQuery">fn:concat('SystemITQueue','||--||',$output.faultInfoOutbound[1]/code)</expression>
                                                   </parameter>
                                                   <parameter name="detail" source="field" updatable="true">output.faultInfoOutbound[1]/detail</parameter>
                                                   <parameter name="reason" source="field" updatable="true">output.faultInfoOutbound[1]/reason</parameter>
                                                </throwInput>
                                             </throw>
                                          </flow>
                                          <link id="j0t6a5y3" targetId="j0t6a5wx" type="containerLink">
                                             <condition source="formula">
                                                <function name="contains">
                                                   <arg name="left">{$output.faultInfoOutbound[1]/reason}</arg>
                                                   <arg name="right">timeout error</arg>
                                                </function>
                                             </condition>
                                          </link>
                                          <link id="j0t6a5y4" targetId="j0t6a5x6" type="containerLink">
                                             <condition source="formula">
                                                <function name="contains">
                                                   <arg name="left">{$output.faultInfoOutbound[1]/reason}</arg>
                                                   <arg name="right">validation failure</arg>
                                                </function>
                                             </condition>
                                          </link>
                                          <link id="j0t6a5y5" targetId="j0t6a5x9" type="containerLink"/>
                                       </container>
                                    </flow>
                                    <link id="j0t6a5xp" targetId="j0t6a5wj" type="containerLink"/>
                                    <events>
                                       <catch faultField="faultInfoOutbound" id="izk5wwzr" interrupting="true">
                                          <link id="j0t6a5xq" targetId="j0t6a5wl" type="containerLink"/>
                                       </catch>
                                    </events>
                                 </eventContainer>
                                 <link id="j0t6a5xk" targetId="j0t6a5wc" type="containerLink"/>
                              </flow>
                              <flow id="j0t6a5xd">
                                 <end id="jsoh494x">
                                    <title>End</title>
                                 </end>
                              </flow>
                              <link id="j0t6a5xi" targetId="j0t6a5wd" type="containerLink">
                                 <condition source="formula">
                                    <function name="contains-any-of">
                                       <arg name="left">{$OSM_System_Consumers__c}</arg>
                                       <arg name="right">LIMS</arg>
                                    </function>
                                 </condition>
                              </link>
                              <link id="j0t6a5xj" targetId="j0t6a5xd" type="containerLink"/>
                           </container>
                           <link id="j0t6a5xh" targetId="j0t6a5wa" type="containerLink"/>
                        </flow>
                        <flow id="j0t6a5xe">
                           <link id="j0t6a5yj" targetId="j0t6a5wa" type="containerLink"/>
                        </flow>
                        <link id="j0t6a5xf" targetId="j0t6a5wb" type="containerLink">
                           <condition source="formula">
                              <function name="included">
                                 <arg name="left">{$Status}</arg>
                                 <arg name="right">Open,Pending,Communication Ready,Closed</arg>
                              </function>
                           </condition>
                        </link>
                        <link id="j0t6a5xg" targetId="j0t6a5xe" type="containerLink"/>
                     </container>
                     <link id="j0t6a5ud" targetId="j0t6a5sm" type="containerLink"/>
                  </flow>
                  <flow id="j0t6a5uf">
                     <end id="j0t6a5ue"/>
                  </flow>
                  <link id="j0t6a5u9" targetId="j0t6a5uc" type="containerLink">
                     <condition source="formula">
                        <function name="included">
                           <arg name="left">{$OSM_Primary_Order__r.OSM_Product__c}</arg>
                           <arg name="right">Colon,DCIS,IBC,Liquid Select,MMR,MMR and Colon,MMR Reflex to Colon,Prostate,Prostate-AR-V7,Unknown</arg>
                        </function>
                     </condition>
                  </link>
                  <link id="j0t6a5ua" targetId="j0t6a5uf" type="containerLink"/>
                  <link id="j0t6a5z9" targetId="d"/>
               </container>
               <end id="d"/>
            </flow>
         </process>
      </types1:Entry>
      <types1:GUID>e6ugabC5b2ojlpDYUPjmuA</types1:GUID>
      <types1:DisplayName>INT-XDM-CaseToStarlims-CaseDataMessage</types1:DisplayName>
   </types1:Item>
   <types1:CurrentServerDateTime>2023-05-18T11:15:42.504Z</types1:CurrentServerDateTime>
</aetgt:getResponse>
