<aetgt:getResponse xmlns:aetgt="http://schemas.active-endpoints.com/appmodules/repository/2010/10/avrepository.xsd"
                   xmlns:types1="http://schemas.active-endpoints.com/appmodules/repository/2010/10/avrepository.xsd">
   <types1:Item>
      <types1:EntryId>KnbeErhNzUzeA8r-gt-15162471-2019-03-07T20:35:03.459Z::pd.xml</types1:EntryId>
      <types1:Name>INT-Process-CaseDataMessage-CreateCase</types1:Name>
      <types1:ParentFlowIds>BTWvbeGoQwg74Rp-gt-15164175-2019-03-07T20:35:30.444Z::pd.xml,JnE29Em2kVNKSmv-gt-15163269-2019-03-07T20:35:14.576Z::pd.xml</types1:ParentFlowIds>
      <types1:MimeType>application/xml+process</types1:MimeType>
      <types1:Description>Create Case from inbound CaseDataMessage</types1:Description>
      <types1:AppliesTo/>
      <types1:Tags>FR-LAB-INTEGRATION-100-5,User Story 115042</types1:Tags>
      <types1:VersionLabel>1.0</types1:VersionLabel>
      <types1:State>CURRENT</types1:State>
      <types1:ProcessGroup/>
      <types1:CreatedBy>admin@001e08.ghi</types1:CreatedBy>
      <types1:CreationDate>2019-03-07T20:35:03Z</types1:CreationDate>
      <types1:ModifiedBy>admin@par15.ghi</types1:ModifiedBy>
      <types1:ModificationDate>2023-05-01T22:23:27Z</types1:ModificationDate>
      <types1:PublicationStatus>out-of-date</types1:PublicationStatus>
      <types1:PublishedBy>admin@par15.ghi</types1:PublishedBy>
      <types1:PublicationDate>2023-05-02T22:20:58Z</types1:PublicationDate>
      <types1:PublishedContributionId>project:/spi.INT-Process-CaseDataMessage-CreateCase/INT-Process-CaseDataMessage-CreateCase.pd.xml</types1:PublishedContributionId>
      <types1:AutosaveExists>false</types1:AutosaveExists>
      <types1:Entry>
         <process xmlns="http://schemas.active-endpoints.com/appmodules/screenflow/2010/10/avosScreenflow.xsd"
                  xmlns:tfm="http://schemas.active-endpoints.com/appmodules/screenflow/2021/04/taskflowModel.xsd"
                  xmlns:list="urn:activevos:spi:list:functions"
                  displayName="INT-Process-CaseDataMessage-CreateCase"
                  name="INT-Process-CaseDataMessage-CreateCase">
            <parameterSet xmlns="http://schemas.active-endpoints.com/appmodules/screenflow/2021/04/taskflowModel.xsd"/>
            <appliesTo/>
            <description>Create Case from inbound CaseDataMessage</description>
            <tags>FR-LAB-INTEGRATION-100-5,User Story 115042</tags>
            <generator>Informatica Process Designer 11</generator>
            <input>
               <parameter description="" name="CaseDataMessage" type="reference">
                  <options>
                     <option name="referenceTo">$po:CaseDataMessage</option>
                     <option name="required">false</option>
                     <option name="isCopy">true</option>
                     <option name="guid">a3ujc0XFbgrjlsXdYaYXyA</option>
                  </options>
               </parameter>
            </input>
            <output>
               <field description="" name="caseId" type="string">
                  <options>
                     <option name="required">false</option>
                  </options>
               </field>
            </output>
            <tempFields>
               <field description="" name="tempCaseRecId" type="reference">
                  <options>
                     <option name="referenceTo">Salesforce:RecordType</option>
                     <option name="required">false</option>
                     <option name="guid">9rhyRDabNHiiDcOu4c64gK</option>
                  </options>
               </field>
               <field description="" name="tempCase" type="reference">
                  <options>
                     <option name="referenceTo">Salesforce:Case</option>
                     <option name="required">false</option>
                     <option name="guid">9rhyRDabNHiiDcOu4c64gK</option>
                  </options>
               </field>
               <field description="" name="tempOrder" type="reference">
                  <options>
                     <option name="referenceTo">Salesforce:Order</option>
                     <option name="required">false</option>
                     <option name="guid">9rhyRDabNHiiDcOu4c64gK</option>
                  </options>
               </field>
               <field description="" name="tempOLI" type="reference">
                  <options>
                     <option name="referenceTo">Salesforce:OrderItem</option>
                     <option name="required">false</option>
                     <option name="guid">9rhyRDabNHiiDcOu4c64gK</option>
                  </options>
               </field>
               <field description="" name="tempFinalOLIId" type="string">
                  <options>
                     <option name="required">false</option>
                  </options>
               </field>
               <field description="" name="tempOLIId" type="string">
                  <options>
                     <option name="required">false</option>
                  </options>
               </field>
            </tempFields>
            <notes>User Story 115042:FR-LAB-INTEGRATION-100-5: Case creation/update from Starlims inbound message</notes>
            <deployment skipIfRunning="false" suspendOnFault="false" tracingLevel="normal">
               <rest>
                  <allowedUsers>
                     <user>icrtsfdcintegration@dev14.ghi</user>
                     <user>icrtsfdcintegration@dev14.ghi</user>
                  </allowedUsers>
               </rest>
            </deployment>
            <flow id="a">
               <start id="b">
                  <link id="izk43akh" targetId="izk43akg"/>
               </start>
               <assignment id="izk43akg">
                  <title>Assignment To tempOrderRecord</title>
                  <operation source="query" to="temp.tempOrder">
                     <query advanceQuery="false" from="Salesforce:Order">
                        <where>OrderNumber = '{$input.CaseDataMessage[1]/Case[1]/OrderId}' OR (OSM_Legacy_Order_ID__c != '' AND OSM_Legacy_Order_ID__c = '{$input.CaseDataMessage[1]/Case[1]/OrderId}')</where>
                     </query>
                  </operation>
                  <link id="izk43ash" targetId="izk43asg"/>
               </assignment>
               <container id="izk43asg" type="exclusive">
                  <title>tempOrder</title>
                  <flow id="izk43atk">
                     <assignment id="lgnwxszs">
                        <title>Assignment to tempOLIId</title>
                        <operation source="formula" to="temp.tempFinalOLIId">
                           <expression language="XQuery">fn:replace(fn:replace($input.CaseDataMessage[1]/Case[1]/OrderLineItemId,"OLE","0"),"OL","0")


</expression>
                        </operation>
                        <link id="lgnwxszt" targetId="izk43awe"/>
                     </assignment>
                     <assignment id="izk43awe">
                        <title>Assignment to tempOLI</title>
                        <operation source="query" to="temp.tempOLI">
                           <query advanceQuery="false" from="Salesforce:OrderItem">
                              <where>OrderId = '{$temp.tempOrder}' AND (OrderItemNumber = '{$temp.tempFinalOLIId}' OR (OSM_Legacy_Order_Line_Item_ID__c != '' AND OSM_Legacy_Order_Line_Item_ID__c = '{$input.CaseDataMessage[1]/Case[1]/OrderLineItemId}'))</where>
                           </query>
                        </operation>
                        <link id="izk43ayl" targetId="izk43ayk"/>
                     </assignment>
                     <container id="izk43ayk" type="exclusive">
                        <title>tempOLI</title>
                        <flow id="izk43azp">
                           <container id="izk43b4l" type="exclusive">
                              <title>Check Type</title>
                              <flow id="izk43b4m">
                                 <assignment id="izk43b4n">
                                    <title>Assignment to Case Record Id</title>
                                    <operation source="query" to="temp.tempCaseRecId">
                                       <query advanceQuery="false" from="Salesforce:RecordType">
                                          <where>DeveloperName = 'OSM_Specimen_Retrieval' AND SobjectType = 'Case' </where>
                                       </query>
                                    </operation>
                                 </assignment>
                                 <link id="izk43b4s" targetId="izk43b4l" type="containerLink"/>
                              </flow>
                              <flow id="izk43b4o">
                                 <assignment id="izk43b4p">
                                    <title>Assignment to Case Record Id</title>
                                    <operation source="query" to="temp.tempCaseRecId">
                                       <query advanceQuery="false" from="Salesforce:RecordType">
                                          <where>DeveloperName = 'OSM_Missing_Data' AND SobjectType = 'Case' </where>
                                       </query>
                                    </operation>
                                 </assignment>
                                 <link id="izk43b4t" targetId="izk43b4l" type="containerLink"/>
                              </flow>
                              <link id="izk43b4q" targetId="izk43b4m" type="containerLink">
                                 <condition source="formula">
                                    <function name="contains">
                                       <arg name="left">{$input.CaseDataMessage[1]/Case[1]/CaseType}</arg>
                                       <arg name="right">Optimal Specimen Outreach</arg>
                                    </function>
                                 </condition>
                              </link>
                              <link id="izk43b4r" targetId="izk43b4o" type="containerLink"/>
                              <link id="izk43b63" targetId="izk7coij"/>
                           </container>
                           <container id="izk43bam" type="exclusive">
                              <title>out_CaseId</title>
                              <flow id="izk43ban">
                                 <throw id="izk43bnq">
                                    <throwInput>
                                       <parameter name="code" source="constant" updatable="true">1</parameter>
                                       <parameter name="detail" source="constant" updatable="true">Case not Created . Unknown Error</parameter>
                                       <parameter name="reason" source="constant" updatable="true"/>
                                    </throwInput>
                                 </throw>
                              </flow>
                              <flow id="izk43bao">
                                 <assignment id="izk43bap">
                                    <title>Assignment to tempCase</title>
                                    <operation source="formula" to="temp.tempCase">
                                       <expression language="XQuery">$output.out_CaseId</expression>
                                    </operation>
                                    <operation source="field" to="output.caseId">output.out_CaseId</operation>
                                    <link id="jd9u7z1l" targetId="jd9u7z3i"/>
                                 </assignment>
                                 <eventContainer id="jd9u7z3i">
                                    <subflow id="jd9u7z1k">
                                       <title>SP-Report-Distribution-Hold-Status-Case</title>
                                       <subflowGUID>eXNPMt0lMOYf98t8HRXMeH</subflowGUID>
                                       <subflowPath>SP-Report-Distribution-Hold-Status-Case</subflowPath>
                                       <appliesTo>Salesforce:Case</appliesTo>
                                       <appliesToDataName source="field">temp.tempCase</appliesToDataName>
                                       <runForEach>false</runForEach>
                                       <input>
                                          <parameter name="inOrderNumber" source="field" updatable="true">temp.tempOrder</parameter>
                                       </input>
                                       <outputDef/>
                                    </subflow>
                                    <flow id="jd9u7z3l">
                                       <link id="jd9u7z3m" targetId="jd9u7z3i" type="containerLink"/>
                                    </flow>
                                    <flow id="jd9u7z3p">
                                       <throw id="jd9u7z3o">
                                          <throwInput>
                                             <parameter name="code" source="constant" updatable="true">{$output.faultInfo1[1]/code}</parameter>
                                             <parameter name="detail" source="constant" updatable="true">{$output.faultInfo1[1]/detail}</parameter>
                                             <parameter name="reason" source="constant" updatable="true">{$output.faultInfo1[1]/reason}</parameter>
                                          </throwInput>
                                       </throw>
                                    </flow>
                                    <link id="jd9u7z3j" targetId="jd9u7z3l" type="containerLink"/>
                                    <link id="jd9u7z1m" targetId="izk43bpg"/>
                                    <events>
                                       <catch faultField="faultInfo1" id="jd9u7z2i" interrupting="true">
                                          <link id="jd9u7z3n" targetId="jd9u7z3p" type="containerLink"/>
                                       </catch>
                                    </events>
                                 </eventContainer>
                                 <end id="izk43bpg"/>
                              </flow>
                              <link id="izk43bar" targetId="izk43ban" type="containerLink">
                                 <condition source="formula">
                                    <function name="string-equals">
                                       <arg name="left">{$output.out_CaseId}</arg>
                                       <arg name="right"/>
                                    </function>
                                 </condition>
                              </link>
                              <link id="izk43bas" targetId="izk43bao" type="containerLink"/>
                           </container>
                           <eventContainer id="izk7coij">
                              <subflow id="izk43b62">
                                 <title>SP-Create-Case-With-Given-Data</title>
                                 <subflowGUID>3vDpYyhVy7LcdxsQA9pJe4</subflowGUID>
                                 <subflowPath>SP-Create-Case-With-Given-Data</subflowPath>
                                 <runForEach>false</runForEach>
                                 <input>
                                    <parameter name="InType" source="field" updatable="true">input.CaseDataMessage[1]/Case[1]/CaseType</parameter>
                                    <parameter name="InRecType" source="field">temp.tempCaseRecId</parameter>
                                    <parameter name="InDescription" source="field" updatable="true">input.CaseDataMessage[1]/Case[1]/RequestComment</parameter>
                                    <parameter name="inPrimaryOrder" source="field">temp.tempOrder</parameter>
                                    <parameter name="InStatus" source="field" updatable="true">input.CaseDataMessage[1]/Case[1]/Status</parameter>
                                    <parameter name="InReportDistributionHold" source="constant" updatable="true">true</parameter>
                                    <parameter name="InOLI" source="field">temp.tempOLI</parameter>
                                    <parameter name="InSystemCaseRequestId" source="field" updatable="true">input.CaseDataMessage[1]/Case[1]/CaseRequestId</parameter>
                                    <parameter name="lnRequestedBy" source="field" updatable="true">input.CaseDataMessage[1]/Case[1]/Requestor</parameter>
                                    <parameter name="InRequestedDateTime" source="field" updatable="true">input.CaseDataMessage[1]/Case[1]/RequestedDate</parameter>
                                    <parameter name="InInitialDescription" source="field" updatable="true">input.CaseDataMessage[1]/Case[1]/RequestComment</parameter>
                                    <parameter name="lnClosedReason" source="field" updatable="true">input.CaseDataMessage[1]/Case[1]/ClosedReason</parameter>
                                    <parameter name="InOrigin" source="field" updatable="true">input.CaseDataMessage[1]/Case[1]/SourceSystemId</parameter>
                                 </input>
                                 <outputDef>
                                    <field name="out_CaseId" type="string">
                                       <options>
                                          <option name="required">false</option>
                                       </options>
                                    </field>
                                 </outputDef>
                              </subflow>
                              <flow id="izk7coim">
                                 <link id="izk7coin" targetId="izk7coij" type="containerLink"/>
                              </flow>
                              <flow id="izk7coiq">
                                 <create id="izk7comh">
                                    <title>Create Task</title>
                                    <entityName>Salesforce:Task</entityName>
                                    <createInput>
                                       <parameter name="RecordTypeId" source="constant" updatable="true">012U00000005dYtIAI</parameter>
                                       <parameter name="WhatId" source="field">temp.tempOrder</parameter>
                                       <parameter name="Subject" source="constant" updatable="true">CaseDataMessage: Error creating Case</parameter>
                                       <parameter name="Status" source="constant" updatable="true">Open</parameter>
                                       <parameter name="Priority" source="constant" updatable="true">2 - Normal</parameter>
                                       <parameter name="Description" source="constant" updatable="true">Code:{$output.faultInfo[1]/code}
Reason:{$output.faultInfo[1]/reason} 
Detail:{$output.faultInfo[1]/detail} 
</parameter>
                                       <parameter name="MessageID__c" source="field" updatable="true">input.CaseDataMessage[1]/messageInstanceId</parameter>
                                    </createInput>
                                    <link id="izk7conj" targetId="izk7como"/>
                                 </create>
                                 <throw id="izk7como">
                                    <throwInput>
                                       <parameter name="code" source="field" updatable="true">output.faultInfo[1]/code</parameter>
                                       <parameter name="detail" source="field" updatable="true">output.faultInfo[1]/detail</parameter>
                                       <parameter name="reason" source="field" updatable="true">output.faultInfo[1]/reason</parameter>
                                    </throwInput>
                                 </throw>
                              </flow>
                              <link id="izk7coik" targetId="izk7coim" type="containerLink"/>
                              <link id="izk43bnw" targetId="izk43bam"/>
                              <events>
                                 <catch faultField="faultInfo" id="izk7coh8" interrupting="true">
                                    <link id="izk7coio" targetId="izk7coiq" type="containerLink"/>
                                 </catch>
                              </events>
                           </eventContainer>
                        </flow>
                        <flow id="izk43azs">
                           <throw id="izk43azr">
                              <throwInput>
                                 <parameter name="code" source="constant" updatable="true">1</parameter>
                                 <parameter name="detail" source="constant" updatable="true">Order Line Item Not Found OrderLineItem ID:{$input.CaseDataMessage[1]/Case[1]/OrderLineItemId} </parameter>
                                 <parameter name="reason" source="constant" updatable="true">Order Line Item Not Found</parameter>
                              </throwInput>
                           </throw>
                        </flow>
                        <link id="izk43azm" targetId="izk43azp" type="containerLink">
                           <condition source="formula">
                              <function name="set">
                                 <arg name="field">{$temp.tempOLI}</arg>
                              </function>
                           </condition>
                        </link>
                        <link id="izk43azn" targetId="izk43azs" type="containerLink">
                           <condition source="formula">
                              <function name="unset">
                                 <arg name="field">{$temp.tempOLI}</arg>
                              </function>
                           </condition>
                        </link>
                     </container>
                  </flow>
                  <flow id="izk43atn">
                     <throw id="izk43atm">
                        <throwInput>
                           <parameter name="code" source="constant" updatable="true">1</parameter>
                           <parameter name="detail" source="constant" updatable="true">Order Not Found Order Id: {$input.CaseDataMessage[1]/Case[1]/OrderId} </parameter>
                           <parameter name="reason" source="constant" updatable="true">Order Not Found</parameter>
                        </throwInput>
                     </throw>
                  </flow>
                  <link id="izk43ath" targetId="izk43atk" type="containerLink">
                     <condition source="formula">
                        <function name="set">
                           <arg name="field">{$temp.tempOrder}</arg>
                        </function>
                     </condition>
                  </link>
                  <link id="izk43ati" targetId="izk43atn" type="containerLink">
                     <condition source="formula">
                        <function name="unset">
                           <arg name="field">{$temp.tempOrder}</arg>
                        </function>
                     </condition>
                  </link>
               </container>
            </flow>
         </process>
      </types1:Entry>
      <types1:GUID>9PNoMmI2sAMkf0VOQFfOIr</types1:GUID>
      <types1:DisplayName>INT-Process-CaseDataMessage-CreateCase</types1:DisplayName>
   </types1:Item>
   <types1:CurrentServerDateTime>2023-05-18T11:15:42.597Z</types1:CurrentServerDateTime>
</aetgt:getResponse>
