<aetgt:getResponse xmlns:aetgt="http://schemas.active-endpoints.com/appmodules/repository/2010/10/avrepository.xsd"
                   xmlns:types1="http://schemas.active-endpoints.com/appmodules/repository/2010/10/avrepository.xsd">
   <types1:Item>
      <types1:EntryId>wnHUPAZf5kck8jK-gt-15162615-2019-03-07T20:35:05.336Z::pd.xml</types1:EntryId>
      <types1:Name>INT-XDM-EU-Portal-ProcessedOrderDataMessage</types1:Name>
      <types1:ParentFlowIds>02Fjuz3PI2HBxZm-gt-15161505-2019-03-07T20:34:53.994Z::pd.xml,2ISUXL86zqzm5Y6-gt-15162531-2019-03-07T20:35:04.186Z::pd.xml,3saabclvAhrswVY-gt-15162465-2019-03-07T20:35:03.387Z::pd.xml,5QKtBOAPbdutaaa-gt-15163713-2019-03-07T20:35:21.909Z::pd.xml,5uSRCU7uMydx2CG-gt-15161883-2019-03-07T20:34:56.918Z::pd.xml,A6CjqFVNN5Kaaab-gt-15162519-2019-03-07T20:35:04.042Z::pd.xml,cgqRQciSrZMSPfX-gt-15162567-2019-03-07T20:35:04.703Z::pd.xml,f60S24FsWTzIf6r-gt-15161787-2019-03-07T20:34:56.096Z::pd.xml,jFKbdtqSLlBWlD2-gt-15163551-2019-03-07T20:35:19.158Z::pd.xml,m1Y6tMFyglsO7RY-gt-15162123-2019-03-07T20:34:59.196Z::pd.xml,pAkRtO3M4WwOC2X-gt-134810045-2021-10-08T22:05:24.253Z::pd.xml,SkThJWjzDt0x7bc-gt-15161739-2019-03-07T20:34:55.715Z::pd.xml,ygfRZoSRnCKwKBq-gt-15163257-2019-03-07T20:35:14.401Z::pd.xml</types1:ParentFlowIds>
      <types1:MimeType>application/xml+process</types1:MimeType>
      <types1:Description>This will construct the main body of OrderDataMessage</types1:Description>
      <types1:AppliesTo>Salesforce:Order</types1:AppliesTo>
      <types1:Tags/>
      <types1:VersionLabel>1.0</types1:VersionLabel>
      <types1:State>CURRENT</types1:State>
      <types1:ProcessGroup/>
      <types1:CreatedBy>admin@001e08.ghi</types1:CreatedBy>
      <types1:CreationDate>2019-03-07T20:35:05Z</types1:CreationDate>
      <types1:ModifiedBy>admin@par15.ghi</types1:ModifiedBy>
      <types1:ModificationDate>2023-05-01T22:23:30Z</types1:ModificationDate>
      <types1:PublicationStatus>published</types1:PublicationStatus>
      <types1:PublishedBy>admin@par15.ghi</types1:PublishedBy>
      <types1:PublicationDate>2023-05-16T22:11:01Z</types1:PublicationDate>
      <types1:PublishedContributionId>project:/spi.INT-XDM-EU-Portal-ProcessedOrderDataMessage/INT-XDM-EU-Portal-ProcessedOrderDataMessage.pd.xml</types1:PublishedContributionId>
      <types1:AutosaveExists>false</types1:AutosaveExists>
      <types1:Entry>
         <process xmlns="http://schemas.active-endpoints.com/appmodules/screenflow/2010/10/avosScreenflow.xsd"
                  xmlns:tfm="http://schemas.active-endpoints.com/appmodules/screenflow/2021/04/taskflowModel.xsd"
                  xmlns:list="urn:activevos:spi:list:functions"
                  displayName="INT-XDM-EU-Portal-ProcessedOrderDataMessage"
                  name="INT-XDM-EU-Portal-ProcessedOrderDataMessage">
            <parameterSet xmlns="http://schemas.active-endpoints.com/appmodules/screenflow/2021/04/taskflowModel.xsd"/>
            <appliesTo>Salesforce:Order</appliesTo>
            <description>This will construct the main body of OrderDataMessage</description>
            <tags/>
            <generator>Informatica Process Designer 11</generator>
            <output>
               <field description="" name="ErrorMessage" type="string">
                  <options>
                     <option name="required">false</option>
                  </options>
               </field>
            </output>
            <tempFields>
               <field description="" name="tempOLI" type="reference">
                  <options>
                     <option name="referenceTo">Salesforce:OrderItem</option>
                     <option name="required">false</option>
                     <option name="guid">9rhyRDabNHiiDcOu4c64gK</option>
                  </options>
               </field>
               <field description="" name="tempOrderDataMessage" type="reference">
                  <options>
                     <option name="referenceTo">GHI-ESB-REST:ProcessedOrderDataMessageType</option>
                     <option name="required">false</option>
                     <option name="isCopy">true</option>
                     <option name="guid">04fR9piQEr8jbmyLWN9SwT</option>
                  </options>
               </field>
               <field description="" name="tempRetryCount" type="int">
                  <options>
                     <option name="required">false</option>
                     <option name="initialvalue">0</option>
                  </options>
               </field>
               <field description="" name="tempOrder" type="reference">
                  <options>
                     <option name="referenceTo">Salesforce:Order</option>
                     <option name="required">false</option>
                     <option name="guid">9rhyRDabNHiiDcOu4c64gK</option>
                  </options>
               </field>
               <field description="" name="tempSourceXMLLength" type="int">
                  <options>
                     <option name="required">false</option>
                     <option hide="true" name="initialvalue">0</option>
                  </options>
               </field>
               <field description="" name="tempSelectedOLI" type="reference">
                  <options>
                     <option name="referenceTo">GHI-ESB-REST:SelectedOrderLineItems_AnonymousType</option>
                     <option name="required">false</option>
                     <option name="isCopy">true</option>
                     <option name="guid">04fR9piQEr8jbmyLWN9SwT</option>
                  </options>
               </field>
               <field description="" name="tempSystemITQueue" type="reference">
                  <options>
                     <option name="referenceTo">Salesforce:Group</option>
                     <option name="required">false</option>
                     <option name="guid">9rhyRDabNHiiDcOu4c64gK</option>
                  </options>
               </field>
               <field description="" name="tempSystemErrorQueue" type="reference">
                  <options>
                     <option name="referenceTo">Salesforce:Group</option>
                     <option name="required">false</option>
                     <option name="guid">9rhyRDabNHiiDcOu4c64gK</option>
                  </options>
               </field>
               <field description="" name="ProcessName" type="string">
                  <options>
                     <option name="required">false</option>
                  </options>
               </field>
               <field description="" name="tempFaultCode" type="string">
                  <options>
                     <option name="required">false</option>
                  </options>
               </field>
               <field description="" name="tempIsSubChannelNull" type="boolean">
                  <options>
                     <option name="defaultvalue">false</option>
                     <option name="boolean_show_as">checkbox</option>
                     <option name="required">false</option>
                     <option name="guid"/>
                  </options>
               </field>
               <field description="" name="tempSystemSettings" type="reference">
                  <options>
                     <option name="referenceTo">Salesforce:Record_Type__c</option>
                     <option name="required">false</option>
                     <option name="guid">9rhyRDabNHiiDcOu4c64gK</option>
                  </options>
               </field>
               <field description=""
                      name="tempcheckdisableOrderUpdatesOrderable"
                      type="boolean">
                  <options>
                     <option name="defaultvalue">false</option>
                     <option name="boolean_show_as">checkbox</option>
                     <option name="required">false</option>
                  </options>
               </field>
               <field description=""
                      name="tempProcessedOrderDataMessage"
                      type="reference">
                  <options>
                     <option name="referenceTo">GHI-ESB-MuleSoft-REST:ProcessedOrderDataMessageType</option>
                     <option name="required">false</option>
                     <option name="isCopy">true</option>
                     <option name="guid">2mesVm98m2aeU4noLBE2qQ</option>
                  </options>
               </field>
            </tempFields>
            <notes>User Story 303119 : OM: EuroMove - [Integrations] - ProcessedOrderMessage Mapping Updates</notes>
            <deployment skipIfRunning="false" suspendOnFault="false" tracingLevel="normal">
               <rest/>
            </deployment>
            <flow id="a">
               <start id="b">
                  <link id="jknm5gmr" targetId="jknm5gmq"/>
               </start>
               <assignment id="jknm5gmq">
                  <title>Assignment to ProcessName, tempIsSubChannelNull etc.</title>
                  <operation source="formula" to="temp.ProcessName">
                     <expression language="XQuery">ipd:setProcessTitle(fn:concat('INT-XDM-EU-Portal-ProcessedOrderDataMessage', '-',$OrderNumber))</expression>
                  </operation>
                  <operation source="formula" to="temp.tempIsSubChannelNull">
                     <expression language="XQuery">fn:empty($OSM_Sub_Channel__c)
</expression>
                  </operation>
                  <operation source="query" to="temp.tempSystemSettings">
                     <query advanceQuery="false" from="Salesforce:Record_Type__c">
                        <where>limit 1</where>
                     </query>
                  </operation>
                  <link id="ketlswol" targetId="ketlswok"/>
               </assignment>
               <assignment id="ketlswok">
                  <title>Assignment to tempcheckdisableOrderUpdatesOrderable</title>
                  <operation source="formula" to="temp.tempcheckdisableOrderUpdatesOrderable">
                     <expression language="XQuery">if(fn:contains($temp.tempSystemSettings.ExtProcessedOrderMessage_Skip_Orderable__c ,$OSM_Product__c ))
     then 'true'
    else  'false'</expression>
                  </operation>
                  <link id="ketlswrl" targetId="ketlswrk"/>
               </assignment>
               <container id="ketlswrk" type="exclusive">
                  <title>tempcheckdisableOrderUpdatesOrderable?</title>
                  <flow id="ketlsws2">
                     <end id="ketlswsw">
                        <title>End 1</title>
                     </end>
                  </flow>
                  <flow id="ketlsws4">
                     <link id="ketlsws5" targetId="ketlswrk" type="containerLink"/>
                  </flow>
                  <link id="ketlswrv" targetId="ketlsws2" type="containerLink">
                     <condition source="formula">
                        <function name="true">
                           <arg name="field">{$temp.tempcheckdisableOrderUpdatesOrderable}</arg>
                        </function>
                     </condition>
                  </link>
                  <link id="ketlswry" targetId="ketlsws4" type="containerLink">
                     <condition source="formula">
                        <function name="false">
                           <arg name="field">{$temp.tempcheckdisableOrderUpdatesOrderable}</arg>
                        </function>
                     </condition>
                  </link>
                  <link id="ketlswrm" targetId="jlq4z8n4"/>
               </container>
               <container id="jlq4z8n4" type="exclusive">
                  <title>State</title>
                  <flow id="jlq4z8ng">
                     <end id="jlq4z8nf"/>
                  </flow>
                  <flow id="jlq4z8nj">
                     <container id="kemqwzf6" type="exclusive">
                        <title>tempIsSubChannelNull?</title>
                        <flow id="kemqwzfl">
                           <end id="kemqwzgw"/>
                        </flow>
                        <flow id="kemqwzfn">
                           <link id="kemqwzfo" targetId="kemqwzf6" type="containerLink"/>
                        </flow>
                        <link id="kemqwzfe" targetId="kemqwzfl" type="containerLink">
                           <condition source="formula">
                              <function name="true">
                                 <arg name="field">{$temp.tempIsSubChannelNull}</arg>
                              </function>
                           </condition>
                        </link>
                        <link id="kemqwzfh" targetId="kemqwzfn" type="containerLink">
                           <condition source="formula">
                              <function name="false">
                                 <arg name="field">{$temp.tempIsSubChannelNull}</arg>
                              </function>
                           </condition>
                        </link>
                        <link id="kemqwzf7" targetId="jlq4z8ny"/>
                     </container>
                     <container id="jlq4z8ny" type="exclusive">
                        <title>Sub-Channel</title>
                        <flow id="jpar3oma">
                           <link id="jpar3op7" targetId="jlq4z8ny" type="containerLink"/>
                        </flow>
                        <flow id="jlq4z8ph">
                           <container id="jpar3omh" type="exclusive">
                              <title>External Portal Order ID</title>
                              <flow id="jpar3omi">
                                 <end id="jsppz1m2"/>
                              </flow>
                              <flow id="jpar3omk">
                                 <container id="jpar3oml" type="exclusive">
                                    <title>Order Line Item Count</title>
                                    <flow id="jpar3omm">
                                       <assignment id="jpar3omn">
                                          <title>Assignment to tempOLI</title>
                                          <operation source="query" to="temp.tempOLI">
                                             <query advanceQuery="false" from="Salesforce:OrderItem">
                                                <where>OrderId = '{$Id}' Order By CreatedDate DESC Limit 1</where>
                                             </query>
                                          </operation>
                                          <link id="jpar3oo2" targetId="jpar3omo"/>
                                       </assignment>
                                       <assignment id="jpar3omp">
                                          <title>Assignment to correlationId, destination etc.</title>
                                          <operation source="formula" to="temp.tempOrderDataMessage[1]/correlationId">
                                             <expression language="XQuery">util:generateUUID()</expression>
                                          </operation>
                                          <operation source="constant" to="temp.tempOrderDataMessage[1]/destination">EXTPORTAL</operation>
                                          <operation source="formula" to="temp.tempOrderDataMessage[1]/messageInstanceId">
                                             <expression language="XQuery">util:generateUUID()</expression>
                                          </operation>
                                          <operation source="field" to="temp.tempOrderDataMessage[1]/origin">temp.tempSystemSettings.OSM_SFDC_Org_Origin__c</operation>
                                          <operation source="formula" to="temp.tempOrderDataMessage[1]/timestamp">
                                             <expression language="XQuery">xs:dateTime(fn:concat(fn:replace(fn:substring(xs:string(current-dateTime()), 1, 21), 'Z', '.0'),'11Z'))
</expression>
                                          </operation>
                                          <operation source="formula" to="temp.tempOrderDataMessage[1]/ProcessedOrder">
                                             <expression language="XQuery">$output.OrderType</expression>
                                          </operation>
                                          <link id="jpar3oo4" targetId="jpar3omq"/>
                                       </assignment>
                                       <subflow id="jpar3omo">
                                          <title>INT-EU-Portal-SXDM-Order</title>
                                          <subflowGUID>ej9lyMWMmkQg4LtHeI7P0K</subflowGUID>
                                          <subflowPath>INT-EU-Portal-SXDM-Order</subflowPath>
                                          <appliesTo>Salesforce:OrderItem</appliesTo>
                                          <appliesToDataName source="field">temp.tempOLI</appliesToDataName>
                                          <runForEach>false</runForEach>
                                          <input>
                                             <parameter name="InOrderId" source="formula" updatable="true">
                                                <expression language="XQuery">$temp.tempOLI.Id</expression>
                                             </parameter>
                                          </input>
                                          <outputDef>
                                             <field name="OrderType" type="reference">
                                                <options>
                                                   <option name="referenceTo">GHI-ESB-REST:ProcessedOrderType</option>
                                                   <option name="required">false</option>
                                                   <option name="isCopy">true</option>
                                                   <option name="guid">04fR9piQEr8jbmyLWN9SwT</option>
                                                </options>
                                             </field>
                                          </outputDef>
                                          <link id="jpar3oo3" targetId="jpar3omp"/>
                                       </subflow>
                                       <subflow id="jpar3omq">
                                          <title>ER-Get GHI ICRT Retry Settings</title>
                                          <subflowGUID>l4srhfOIvKLgD3l4HRWAyQ</subflowGUID>
                                          <subflowPath>ER-Get_GHI_ICRT_Retry_Settings</subflowPath>
                                          <runForEach>false</runForEach>
                                          <input/>
                                          <outputDef>
                                             <field name="retryCount" type="int">
                                                <options>
                                                   <option name="required">false</option>
                                                </options>
                                             </field>
                                             <field name="retryDelay" type="double">
                                                <options>
                                                   <option name="required">false</option>
                                                </options>
                                             </field>
                                          </outputDef>
                                          <link id="jpar3oo5" targetId="jpar3omr"/>
                                       </subflow>
                                       <eventContainer id="jpar3omr">
                                          <create id="jpar3onu">
                                             <title>ICRT Message Log Outbound</title>
                                             <entityName>Salesforce:ICRT_Message_Log__c</entityName>
                                             <createInput>
                                                <parameter name="ICRT_Action__c" source="constant" updatable="true">Order Update</parameter>
                                                <parameter name="ICRT_Create_Process_ID__c" source="formula" updatable="true">
                                                   <expression language="XQuery">util:getProcessId()</expression>
                                                </parameter>
                                                <parameter name="ICRT_Message_Direction__c" source="constant" updatable="true">Outbound</parameter>
                                                <parameter name="ICRT_Message_Status__c" source="constant" updatable="true">New</parameter>
                                                <parameter name="ICRT_Message_Type__c" source="constant" updatable="true">ProcessedOrder</parameter>
                                                <parameter name="ICRT_Object_ID__c" source="field">OrderNumber</parameter>
                                                <parameter name="ICRT_Object_Name__c" source="constant" updatable="true">Order</parameter>
                                                <parameter name="ICRT_Order__c" source="field">Id</parameter>
                                                <parameter name="ICRT_Orderable__c" source="field" updatable="true">OSM_Product__c</parameter>
                                             </createInput>
                                          </create>
                                          <flow id="jpar3oms">
                                             <assignment id="jpar3omt">
                                                <title>Assignment to tempRetryCount</title>
                                                <operation source="constant" to="temp.tempRetryCount">0</operation>
                                                <link id="l2pauwxd" targetId="l2pauwxc"/>
                                             </assignment>
                                             <assignment id="l2pauwxc">
                                                <title>Assignment to tempProcessedOrderDataMessage</title>
                                                <operation source="formula" to="temp.tempProcessedOrderDataMessage">
                                                   <expression language="XQuery">$temp.tempOrderDataMessage </expression>
                                                </operation>
                                                <link id="l2pauwxe" targetId="jpar3omu"/>
                                             </assignment>
                                             <eventContainer id="jpar3omu">
                                                <service id="jpar3onf">
                                                   <title>ProcessedOrder</title>
                                                   <serviceName>GHI-ESB-MuleSoft-REST:ProcessedOrder</serviceName>
                                                   <serviceGUID>2mesVm98m2aeU4noLBE2qQ</serviceGUID>
                                                   <serviceInput>
                                                      <parameter name="ProcessedOrderDataMessage" source="field">temp.tempProcessedOrderDataMessage</parameter>
                                                   </serviceInput>
                                                </service>
                                                <flow id="jpar3omv">
                                                   <assignment id="jpar3omw">
                                                      <title>Assignment to ICRT Message Log Outbound</title>
                                                      <operation source="constant"
                                                                 to="output.Created ICRT_Message_Log__c.ICRT_Message_Status__c">Middleware Accepted</operation>
                                                      <operation source="field"
                                                                 to="output.Created ICRT_Message_Log__c.ICRT_Source_Message_ID__c">temp.tempOrderDataMessage[1]/messageInstanceId</operation>
                                                      <link id="jpar3oob" targetId="jpar3omx"/>
                                                   </assignment>
                                                   <end id="jpar3omx"/>
                                                </flow>
                                                <flow id="jpar3omy">
                                                   <assignment id="jpar3omz">
                                                      <title>Assignment to tempFaultCode</title>
                                                      <operation source="formula" to="temp.tempFaultCode">
                                                         <expression language="XQuery">fn:replace($output.faultInfoXMLPayload[1]/code, 'HTTP_','')</expression>
                                                      </operation>
                                                      <link id="jpar3ooc" targetId="jpar3on0"/>
                                                   </assignment>
                                                   <container id="jpar3on0" type="exclusive">
                                                      <title>tempFaultCode</title>
                                                      <flow id="jpar3on1">
                                                         <assignment id="jpar3on2">
                                                            <title>Assignment to Message Status</title>
                                                            <operation source="constant"
                                                                       to="output.Created ICRT_Message_Log__c.ICRT_Message_Status__c">Middleware Validation Error</operation>
                                                            <link id="jpar3oog" targetId="jpar3on3"/>
                                                         </assignment>
                                                         <throw id="jpar3on3">
                                                            <throwInput>
                                                               <parameter name="code" source="formula" updatable="true">
                                                                  <expression language="XQuery">fn:concat($temp.tempFaultCode,
'||--||',$output.CreatedICRT_Message_Log__c)</expression>
                                                               </parameter>
                                                               <parameter name="detail" source="field" updatable="true">output.faultInfoXMLPayload[1]/detail</parameter>
                                                               <parameter name="reason" source="field" updatable="true">output.faultInfoXMLPayload[1]/reason</parameter>
                                                            </throwInput>
                                                         </throw>
                                                      </flow>
                                                      <flow id="jpar3on4">
                                                         <container id="jpar3on5" type="exclusive">
                                                            <title>Check Retry Count </title>
                                                            <flow id="jpar3on6">
                                                               <assignment id="jpar3on7">
                                                                  <title>Assignment to Message Status</title>
                                                                  <operation source="constant"
                                                                             to="output.Created ICRT_Message_Log__c.ICRT_Message_Status__c">Middleware Timeout Error</operation>
                                                                  <link id="jpar3ooj" targetId="jpar3on8"/>
                                                               </assignment>
                                                               <throw id="jpar3on8">
                                                                  <throwInput>
                                                                     <parameter name="code" source="formula" updatable="true">
                                                                        <expression language="XQuery">fn:concat($temp.tempFaultCode,
'||--||',$output.CreatedICRT_Message_Log__c)</expression>
                                                                     </parameter>
                                                                     <parameter name="detail" source="field" updatable="true">output.faultInfoXMLPayload[1]/detail</parameter>
                                                                     <parameter name="reason" source="field" updatable="true">output.faultInfoXMLPayload[1]/reason</parameter>
                                                                  </throwInput>
                                                               </throw>
                                                            </flow>
                                                            <flow id="jpar3on9">
                                                               <wait id="jpar3ona">
                                                                  <duration source="formula">
                                                                     <function name="duration_expression">
                                                                        <arg name="value">{$output.retryDelay}</arg>
                                                                        <arg name="scale">S</arg>
                                                                        <arg name="businessDays"/>
                                                                     </function>
                                                                  </duration>
                                                                  <link id="jpar3ook" targetId="jpar3onb"/>
                                                               </wait>
                                                               <assignment id="jpar3onb">
                                                                  <title>Increase Retry Count</title>
                                                                  <operation source="formula" to="temp.tempRetryCount">
                                                                     <expression language="XQuery">$temp.tempRetryCount + 1</expression>
                                                                  </operation>
                                                                  <link id="jpar3ool" targetId="jpar3onc"/>
                                                               </assignment>
                                                               <jumpTo id="jpar3onc">
                                                                  <link id="jpar3oom" targetId="jpar3omu"/>
                                                               </jumpTo>
                                                            </flow>
                                                            <link id="jpar3ooh" targetId="jpar3on6" type="containerLink">
                                                               <condition source="formula">
                                                                  <function name="greater-than">
                                                                     <arg name="left">{$temp.tempRetryCount}</arg>
                                                                     <arg name="right">{$output.retryCount}</arg>
                                                                  </function>
                                                               </condition>
                                                            </link>
                                                            <link id="jpar3ooi" targetId="jpar3on9" type="containerLink"/>
                                                         </container>
                                                      </flow>
                                                      <flow id="jpar3ond">
                                                         <throw id="jpar3one">
                                                            <throwInput>
                                                               <parameter name="code" source="formula" updatable="true">
                                                                  <expression language="XQuery">fn:concat($temp.tempFaultCode,
'||--||',$output.CreatedICRT_Message_Log__c)</expression>
                                                               </parameter>
                                                               <parameter name="detail" source="field" updatable="true">output.faultInfoXMLPayload[1]/detail</parameter>
                                                               <parameter name="reason" source="field" updatable="true">output.faultInfoXMLPayload[1]/reason</parameter>
                                                            </throwInput>
                                                         </throw>
                                                      </flow>
                                                      <link id="jpar3ood" targetId="jpar3on1" type="containerLink">
                                                         <condition source="formula">
                                                            <function name="starts-with">
                                                               <arg name="left">{$temp.tempFaultCode}</arg>
                                                               <arg name="right">4</arg>
                                                            </function>
                                                         </condition>
                                                      </link>
                                                      <link id="jpar3ooe" targetId="jpar3on4" type="containerLink">
                                                         <condition source="formula">
                                                            <function name="starts-with">
                                                               <arg name="left">{$temp.tempFaultCode}</arg>
                                                               <arg name="right">5</arg>
                                                            </function>
                                                         </condition>
                                                      </link>
                                                      <link id="jpar3oof" targetId="jpar3ond" type="containerLink"/>
                                                   </container>
                                                </flow>
                                                <link id="jpar3oo9" targetId="jpar3omv" type="containerLink"/>
                                                <events>
                                                   <catch faultField="faultInfoXMLPayload" id="iznpgmpn" interrupting="true">
                                                      <link id="jpar3ooa" targetId="jpar3omy" type="containerLink"/>
                                                   </catch>
                                                </events>
                                             </eventContainer>
                                          </flow>
                                          <flow id="jpar3ong">
                                             <container id="jpar3onh" type="exclusive">
                                                <title>Check for Lock Row Error</title>
                                                <flow id="jpar3oni">
                                                   <container id="jpar3onj" type="exclusive">
                                                      <title>Check Retry Count </title>
                                                      <flow id="jpar3onk">
                                                         <throw id="jpar3onl">
                                                            <throwInput>
                                                               <parameter name="code" source="field" updatable="true">output.faultInfo[1]/code</parameter>
                                                               <parameter name="detail" source="field" updatable="true">output.faultInfo[1]/detail</parameter>
                                                               <parameter name="reason" source="field" updatable="true">output.faultInfo[1]/reason</parameter>
                                                            </throwInput>
                                                         </throw>
                                                      </flow>
                                                      <flow id="jpar3onm">
                                                         <wait id="jpar3onn">
                                                            <duration source="formula">
                                                               <function name="duration_expression">
                                                                  <arg name="value">{$output.retryDelay}</arg>
                                                                  <arg name="scale">S</arg>
                                                                  <arg name="businessDays"/>
                                                               </function>
                                                            </duration>
                                                            <link id="jpar3oos" targetId="jpar3ono"/>
                                                         </wait>
                                                         <assignment id="jpar3ono">
                                                            <title>Increase Retry Count</title>
                                                            <operation source="formula" to="temp.tempRetryCount">
                                                               <expression language="XQuery">$temp.tempRetryCount + 1</expression>
                                                            </operation>
                                                            <link id="jpar3oot" targetId="jpar3onp"/>
                                                         </assignment>
                                                         <jumpTo id="jpar3onp">
                                                            <link id="jpar3oou" targetId="jpar3omr"/>
                                                         </jumpTo>
                                                      </flow>
                                                      <link id="jpar3ooq" targetId="jpar3onk" type="containerLink">
                                                         <condition source="formula">
                                                            <function name="greater-than">
                                                               <arg name="left">{$temp.tempRetryCount}</arg>
                                                               <arg name="right">{$output.retryCount}</arg>
                                                            </function>
                                                         </condition>
                                                      </link>
                                                      <link id="jpar3oor" targetId="jpar3onm" type="containerLink"/>
                                                   </container>
                                                </flow>
                                                <flow id="jpar3onq">
                                                   <jumpTo id="jpar3onr">
                                                      <link id="jpar3oov" targetId="jpar3onj"/>
                                                   </jumpTo>
                                                </flow>
                                                <flow id="jpar3ons">
                                                   <throw id="jpar3ont">
                                                      <throwInput>
                                                         <parameter name="code" source="field" updatable="true">output.faultInfo[1]/code</parameter>
                                                         <parameter name="detail" source="field" updatable="true">output.faultInfo[1]/detail</parameter>
                                                         <parameter name="reason" source="field" updatable="true">output.faultInfo[1]/reason</parameter>
                                                      </throwInput>
                                                   </throw>
                                                </flow>
                                                <link id="jpar3oon" targetId="jpar3oni" type="containerLink">
                                                   <condition source="formula">
                                                      <function name="contains">
                                                         <arg name="left">{$output.faultInfo[1]/reason}</arg>
                                                         <arg name="right">UNABLE_TO_LOCK_ROW</arg>
                                                      </function>
                                                   </condition>
                                                </link>
                                                <link id="jpar3ooo" targetId="jpar3onq" type="containerLink">
                                                   <condition source="formula">
                                                      <function name="contains">
                                                         <arg name="left">{$output.faultInfo[1]/reason}</arg>
                                                         <arg name="right">unable to obtain exclusive access to this record</arg>
                                                      </function>
                                                   </condition>
                                                </link>
                                                <link id="jpar3oop" targetId="jpar3ons" type="containerLink"/>
                                             </container>
                                          </flow>
                                          <link id="jpar3oo6" targetId="jpar3oms" type="containerLink"/>
                                          <events>
                                             <catch faultField="faultInfo" id="jkccko7v" interrupting="true">
                                                <link id="jpar3oo7" targetId="jpar3ong" type="containerLink"/>
                                             </catch>
                                          </events>
                                       </eventContainer>
                                    </flow>
                                    <flow id="jpar3onv">
                                       <assignment id="jpar3onw">
                                          <title>Assignment to ErrorMessage</title>
                                          <operation source="constant" to="output.ErrorMessage">Order has no Order Line Items to send Order Data Message.</operation>
                                          <link id="jpar3oow" targetId="jpar3onx"/>
                                       </assignment>
                                       <end id="jpar3onx"/>
                                    </flow>
                                    <link id="jpar3oo0" targetId="jpar3omm" type="containerLink">
                                       <condition source="formula">
                                          <function name="greater-than">
                                             <arg name="left">{$OSM_Order_Line_Item_Count__c}</arg>
                                             <arg name="right">{0}</arg>
                                          </function>
                                       </condition>
                                    </link>
                                    <link id="jpar3oo1" targetId="jpar3onv" type="containerLink"/>
                                 </container>
                              </flow>
                              <link id="jpar3ony" targetId="jpar3omi" type="containerLink">
                                 <condition source="formula">
                                    <function name="string-equals">
                                       <arg name="left">{$External_Order_ID__c}</arg>
                                       <arg name="right"/>
                                    </function>
                                 </condition>
                              </link>
                              <link id="jpar3onz" targetId="jpar3omk" type="containerLink"/>
                           </container>
                        </flow>
                        <link id="jpar3om7" targetId="jpar3oma" type="containerLink">
                           <condition source="formula">
                              <function name="string-equals">
                                 <arg name="left">{$OSM_Sub_Channel__c}</arg>
                                 <arg name="right">Internal Portal</arg>
                              </function>
                           </condition>
                        </link>
                        <link id="jlq4z8pk" targetId="jlq4z8ph" type="containerLink"/>
                        <link id="jpar3op1" targetId="jpar3op0"/>
                     </container>
                     <end id="jpar3op0"/>
                  </flow>
                  <link id="jlq4z8nd" targetId="jlq4z8ng" type="containerLink">
                     <condition source="formula">
                        <function name="string-equals">
                           <arg name="left">{$Status}</arg>
                           <arg name="right">New</arg>
                        </function>
                     </condition>
                  </link>
                  <link id="jlq4z8ne" targetId="jlq4z8nj" type="containerLink"/>
               </container>
            </flow>
         </process>
      </types1:Entry>
      <types1:GUID>2hyxxBVnbeMglnaiWWSka9</types1:GUID>
      <types1:DisplayName>INT-XDM-EU-Portal-ProcessedOrderDataMessage</types1:DisplayName>
   </types1:Item>
   <types1:CurrentServerDateTime>2023-05-18T11:15:43.331Z</types1:CurrentServerDateTime>
</aetgt:getResponse>
