<aetgt:getResponse xmlns:aetgt="http://schemas.active-endpoints.com/appmodules/repository/2010/10/avrepository.xsd"
                   xmlns:types1="http://schemas.active-endpoints.com/appmodules/repository/2010/10/avrepository.xsd">
   <types1:Item>
      <types1:EntryId>uCckQIW3Ni7A7vN-gt-15162135-2019-03-07T20:34:59.32Z::pd.xml</types1:EntryId>
      <types1:Name>INT-SP-ReportIdGenertion</types1:Name>
      <types1:ParentFlowIds>C5oplp6oIuQaaab-gt-15163131-2019-03-07T20:35:12.457Z::pd.xml,eHls2z8Uuopz4Kh-gt-15162213-2019-03-07T20:35:00.07Z::pd.xml</types1:ParentFlowIds>
      <types1:MimeType>application/xml+process</types1:MimeType>
      <types1:Description>This will generate ReportId on Render and Distribute</types1:Description>
      <types1:AppliesTo>Salesforce:OSM_Result__c</types1:AppliesTo>
      <types1:Tags>115048,115049,DataMessageGeneration,FR-PRI-INTEGRATION-100,Integration,RenderAndDistributeDataMessage</types1:Tags>
      <types1:VersionLabel>1.0</types1:VersionLabel>
      <types1:State>CURRENT</types1:State>
      <types1:ProcessGroup/>
      <types1:CreatedBy>admin@001e08.ghi</types1:CreatedBy>
      <types1:CreationDate>2019-03-07T20:34:59Z</types1:CreationDate>
      <types1:ModifiedBy>admin@par15.ghi</types1:ModifiedBy>
      <types1:ModificationDate>2023-05-01T22:23:40Z</types1:ModificationDate>
      <types1:PublicationStatus>published</types1:PublicationStatus>
      <types1:PublishedBy>admin@par15.ghi</types1:PublishedBy>
      <types1:PublicationDate>2023-05-16T22:21:01Z</types1:PublicationDate>
      <types1:PublishedContributionId>project:/spi.INT-SP-ReportIdGenertion/INT-SP-ReportIdGenertion.pd.xml</types1:PublishedContributionId>
      <types1:AutosaveExists>false</types1:AutosaveExists>
      <types1:Entry>
         <process xmlns="http://schemas.active-endpoints.com/appmodules/screenflow/2010/10/avosScreenflow.xsd"
                  xmlns:tfm="http://schemas.active-endpoints.com/appmodules/screenflow/2021/04/taskflowModel.xsd"
                  xmlns:list="urn:activevos:spi:list:functions"
                  displayName="INT-SP-ReportIdGenertion"
                  name="INT-SP-ReportIdGenertion">
            <parameterSet xmlns="http://schemas.active-endpoints.com/appmodules/screenflow/2021/04/taskflowModel.xsd"/>
            <appliesTo>Salesforce:OSM_Result__c</appliesTo>
            <description>This will generate ReportId on Render and Distribute</description>
            <tags>115048,115049,DataMessageGeneration,FR-PRI-INTEGRATION-100,Integration,RenderAndDistributeDataMessage</tags>
            <generator>Informatica Process Designer 11</generator>
            <tempFields>
               <field description="" name="tempResult" type="reference">
                  <options>
                     <option name="referenceTo">Salesforce:OSM_Result__c</option>
                     <option name="required">false</option>
                     <option name="guid">9rhyRDabNHiiDcOu4c64gK</option>
                  </options>
               </field>
               <field description="" name="tempResultSize" type="int">
                  <options>
                     <option name="required">false</option>
                  </options>
               </field>
               <field description="" name="tempReportId" type="string">
                  <options>
                     <option name="required">false</option>
                  </options>
               </field>
               <field description="" name="tempReportDate" type="date">
                  <options>
                     <option name="required">false</option>
                  </options>
               </field>
               <field description="" name="tempModifiedDate" type="date">
                  <options>
                     <option name="required">false</option>
                  </options>
               </field>
               <field description="" name="tef" type="string">
                  <options>
                     <option name="required">false</option>
                  </options>
               </field>
               <field description="" name="tempRetryCount" type="int">
                  <options>
                     <option name="required">false</option>
                     <option hide="true" name="initialvalue">0</option>
                  </options>
               </field>
               <field description="" name="tempUniqueReportId" type="int">
                  <options>
                     <option name="required">false</option>
                     <option hide="true" name="initialvalue">0</option>
                  </options>
               </field>
               <field description="" name="tempReportIDPrefix" type="string">
                  <options>
                     <option name="required">false</option>
                  </options>
               </field>
               <field description="" name="tempReportIDSuffixNumber" type="string">
                  <options>
                     <option name="required">false</option>
                  </options>
               </field>
            </tempFields>
            <notes/>
            <deployment skipIfRunning="false" suspendOnFault="false" tracingLevel="normal">
               <rest/>
            </deployment>
            <flow id="a">
               <start id="b">
                  <link id="kv7z1rjq" targetId="kv7z1rjp"/>
               </start>
               <assignment id="kv7z1rjp">
                  <title>Assignment to tempReportIDPrefix, tempReportIDSuffixNumber</title>
                  <operation source="formula" to="temp.tempReportIDPrefix">
                     <expression language="XQuery">util:iif( $Order_ID__r.OSM_Lab_Site__r.OSM_Report_ID_Prefix__c ='OrderNumber' ,
$Order_ID__r.OSM_Main_Order_ID__c  , 
 util:iif( $Order_ID__r.OSM_Lab_Site__r.OSM_Report_ID_Prefix__c='External Portal Order ID',$Order_ID__r.External_Order_ID__c ,'')
 )
 </expression>
                  </operation>
                  <operation source="formula" to="temp.tempReportIDSuffixNumber">
                     <expression language="XQuery">util:iif($Order_ID__r.OSM_Lab_Site__r.OSM_Report_ID_Zero_Suffix__c ,'0' ,'')</expression>
                  </operation>
                  <link id="kv7z1rjr" targetId="iwzkh5gt"/>
               </assignment>
               <container id="iwzkh5gt" type="exclusive">
                  <title>Corrected Type</title>
                  <flow id="iwzkh5gu">
                     <assignment id="iwzkh5id">
                        <title>Assignment to tempResult existing  one</title>
                        <operation source="query" to="temp.tempResult">
                           <query advanceQuery="false" from="Salesforce:OSM_Result__c">
                              <where>Order_ID__c = '{$Order_ID__c}' And Order_Line_Item_ID__c = '{$Order_Line_Item_ID__c}' And  OSM_Report_ID__c != '' ORDER BY OSM_Report_ID__c DESC Limit 1</where>
                           </query>
                        </operation>
                        <link id="iwzkh5jb" targetId="iwzkh5ja"/>
                     </assignment>
                     <container id="iwzkh5ja" type="exclusive">
                        <title>tempResult</title>
                        <flow id="iwzkh5k8">
                           <assignment id="iwzkh5kt">
                              <title>Assignment to Report ID</title>
                              <operation source="field" to="temp.tempReportId">temp.tempResult.OSM_Report_ID__c</operation>
                              <link id="jd287pwd" targetId="jd287pwc"/>
                           </assignment>
                           <service id="jd287pwc">
                              <title>getReportUnqiueID</title>
                              <serviceName>Salesforce:icrtStep_getUniqueReportId</serviceName>
                              <serviceGUID>9rhyRDabNHiiDcOu4c64gK</serviceGUID>
                              <serviceInput>
                                 <parameter name="Order Id" source="field">Order_ID__r.Id</parameter>
                                 <parameter name="Get System Date only" source="constant">true</parameter>
                              </serviceInput>
                              <link id="jd287pww" targetId="iwzkh601"/>
                           </service>
                           <container id="iwzkh601" type="exclusive">
                              <title>Report Date</title>
                              <flow id="iwzkh611">
                                 <assignment id="iwzkh610">
                                    <title>Assignment to tempReportDate</title>
                                    <operation source="field" to="temp.tempReportDate">temp.tempResult.OSM_Report_Date__c</operation>
                                 </assignment>
                                 <link id="iwzkh612" targetId="iwzkh601" type="containerLink"/>
                              </flow>
                              <flow id="iwzkh614">
                                 <assignment id="iwzkh613">
                                    <title>Assignment to tempReportDate</title>
                                    <operation source="field" to="temp.tempReportDate">output.System Date</operation>
                                 </assignment>
                                 <link id="iwzkh615" targetId="iwzkh601" type="containerLink"/>
                              </flow>
                              <link id="iwzkh60y" targetId="iwzkh611" type="containerLink">
                                 <condition source="formula">
                                    <function name="set">
                                       <arg name="field">{$temp.tempResult.OSM_Report_Date__c}</arg>
                                    </function>
                                 </condition>
                              </link>
                              <link id="iwzkh60z" targetId="iwzkh614" type="containerLink">
                                 <condition source="formula">
                                    <function name="unset">
                                       <arg name="field">{$temp.tempResult.OSM_Report_Date__c}</arg>
                                    </function>
                                 </condition>
                              </link>
                           </container>
                           <link id="iwzkh5k9" targetId="iwzkh5ja" type="containerLink"/>
                        </flow>
                        <flow id="iwzkh5kb">
                           <jumpTo id="iwzkh5ka">
                              <link id="iwzkh5s0" targetId="iwzmjohi"/>
                           </jumpTo>
                        </flow>
                        <link id="iwzkh5k5" targetId="iwzkh5k8" type="containerLink">
                           <condition source="formula">
                              <function name="set">
                                 <arg name="field">{$temp.tempResult}</arg>
                              </function>
                           </condition>
                        </link>
                        <link id="iwzkh5k6" targetId="iwzkh5kb" type="containerLink">
                           <condition source="formula">
                              <function name="unset">
                                 <arg name="field">{$temp.tempResult}</arg>
                              </function>
                           </condition>
                        </link>
                     </container>
                     <link id="iwzkh5h5" targetId="iwzkh5gt" type="containerLink"/>
                  </flow>
                  <flow id="iwzkh5gw">
                     <container id="iwzmjohi" type="exclusive">
                        <title>Report ID Check</title>
                        <flow id="iwzmjoif">
                           <subflow id="izrn0xti">
                              <title>ER-Get GHI ICRT Retry Settings</title>
                              <subflowGUID>l4srhfOIvKLgD3l4HRWAyQ</subflowGUID>
                              <subflowPath>ER-Get_GHI_ICRT_Retry_Settings</subflowPath>
                              <runForEach>false</runForEach>
                              <input/>
                              <outputDef>
                                 <field name="retryCount" type="int">
                                    <options>
                                       <option name="required">false</option>
                                    </options>
                                 </field>
                                 <field name="retryDelay" type="double">
                                    <options>
                                       <option name="required">false</option>
                                    </options>
                                 </field>
                              </outputDef>
                              <link id="izrn0xtj" targetId="izrn0xrx"/>
                           </subflow>
                           <eventContainer id="izrn0xrx">
                              <service id="izrn0xqo">
                                 <title>getReportUnqiueID</title>
                                 <serviceName>Salesforce:icrtStep_getUniqueReportId</serviceName>
                                 <serviceGUID>9rhyRDabNHiiDcOu4c64gK</serviceGUID>
                                 <serviceInput>
                                    <parameter name="Order Id" source="field">Order_ID__r.Id</parameter>
                                    <parameter name="Get System Date only" source="constant">false</parameter>
                                 </serviceInput>
                              </service>
                              <flow id="izrn0xs0">
                                 <link id="izrn0xs1" targetId="izrn0xrx" type="containerLink"/>
                              </flow>
                              <flow id="izrn0xs4">
                                 <container id="izrn0xwb" type="exclusive">
                                    <title>Check for Lock Row Error</title>
                                    <flow id="izrn0xwc">
                                       <container id="izrn0xwd" type="exclusive">
                                          <title>Check Retry Count </title>
                                          <flow id="izrn0xwe">
                                             <throw id="izrn0xwf">
                                                <title>Throw Error for lock row</title>
                                                <throwInput>
                                                   <parameter name="code" source="constant" updatable="true">{$output.faultInfo[1]/code}</parameter>
                                                   <parameter name="detail" source="constant" updatable="true">{$output.faultInfo[1]/detail} </parameter>
                                                   <parameter name="reason" source="constant" updatable="true">{$output.faultInfo[1]/reason}</parameter>
                                                </throwInput>
                                             </throw>
                                          </flow>
                                          <flow id="izrn0xwg">
                                             <wait id="izrn0xwh">
                                                <title>Wait</title>
                                                <duration source="formula">
                                                   <function name="duration_expression">
                                                      <arg name="value">{$output.retryDelay}</arg>
                                                      <arg name="scale">S</arg>
                                                      <arg name="businessDays"/>
                                                   </function>
                                                </duration>
                                                <link id="izrn0xwt" targetId="izrn0xwi"/>
                                             </wait>
                                             <assignment id="izrn0xwi">
                                                <title>Increase Retry Count</title>
                                                <operation source="formula" to="temp.tempRetryCount">
                                                   <expression language="XQuery">$temp.tempRetryCount + 1</expression>
                                                </operation>
                                                <link id="izrn0xwu" targetId="izrn0xwj"/>
                                             </assignment>
                                             <jumpTo id="izrn0xwj">
                                                <link id="izrn0xwv" targetId="izrn0xrx"/>
                                             </jumpTo>
                                          </flow>
                                          <link id="izrn0xwr" targetId="izrn0xwe" type="containerLink">
                                             <condition source="formula">
                                                <function name="greater-than">
                                                   <arg name="left">{$temp.tempRetryCount}</arg>
                                                   <arg name="right">{$output.retryCount}</arg>
                                                </function>
                                             </condition>
                                          </link>
                                          <link id="izrn0xws" targetId="izrn0xwg" type="containerLink"/>
                                       </container>
                                    </flow>
                                    <flow id="izrn0xwk">
                                       <jumpTo id="izrn0xwl">
                                          <link id="izrn0xww" targetId="izrn0xwd"/>
                                       </jumpTo>
                                    </flow>
                                    <flow id="j0nb7fhe">
                                       <jumpTo id="j0nb7fhd">
                                          <link id="j0nb7fi0" targetId="izrn0xwd"/>
                                       </jumpTo>
                                    </flow>
                                    <flow id="izrn0xwm">
                                       <throw id="izrn0xwn">
                                          <title>Throw Error non lock row errors</title>
                                          <throwInput>
                                             <parameter name="code" source="constant" updatable="true">{$output.faultInfo[1]/code}</parameter>
                                             <parameter name="detail" source="constant" updatable="true">{$output.faultInfo[1]/detail}</parameter>
                                             <parameter name="reason" source="constant" updatable="true">{$output.faultInfo[1]/reason}</parameter>
                                          </throwInput>
                                       </throw>
                                    </flow>
                                    <link id="izrn0xwo" targetId="izrn0xwc" type="containerLink">
                                       <condition source="formula">
                                          <function name="contains">
                                             <arg name="left">{$output.faultInfo[1]/reason}</arg>
                                             <arg name="right">UNABLE_TO_LOCK_ROW</arg>
                                          </function>
                                       </condition>
                                    </link>
                                    <link id="izrn0xwp" targetId="izrn0xwk" type="containerLink">
                                       <condition source="formula">
                                          <function name="contains">
                                             <arg name="left">{$output.faultInfo[1]/reason}</arg>
                                             <arg name="right">unable to obtain exclusive access to this record</arg>
                                          </function>
                                       </condition>
                                    </link>
                                    <link id="j0nb7fhc" targetId="j0nb7fhe" type="containerLink">
                                       <condition source="formula">
                                          <function name="contains">
                                             <arg name="left">{$output.faultInfo[1]/reason}</arg>
                                             <arg name="right">currently being modified by another user</arg>
                                          </function>
                                       </condition>
                                    </link>
                                    <link id="izrn0xwq" targetId="izrn0xwm" type="containerLink"/>
                                 </container>
                              </flow>
                              <link id="izrn0xry" targetId="izrn0xs0" type="containerLink"/>
                              <link id="j07eidj8" targetId="j07eidj7"/>
                              <events>
                                 <catch faultField="faultInfo" id="izrn0xrh" interrupting="true">
                                    <link id="izrn0xs2" targetId="izrn0xs4" type="containerLink"/>
                                 </catch>
                              </events>
                           </eventContainer>
                           <assignment id="j07eidj7">
                              <title>Assignment to tempUniqueReportId</title>
                              <operation source="formula" to="temp.tempUniqueReportId">
                                 <expression language="XQuery">$output.ReportId</expression>
                              </operation>
                              <link id="j07eidj9" targetId="j07eid9q"/>
                           </assignment>
                           <container id="j07eid9q" type="exclusive">
                              <title>outReportId</title>
                              <flow id="j07eidaw">
                                 <assignment id="j07eidbq">
                                    <title>Assignment to Report ID</title>
                                    <operation source="formula" to="temp.tempReportId">
                                       <expression language="XQuery">fn:concat($temp.tempReportIDPrefix , '-', $temp.tempUniqueReportId)</expression>
                                    </operation>
                                 </assignment>
                                 <link id="j07eidax" targetId="j07eid9q" type="containerLink"/>
                              </flow>
                              <flow id="j07eidb2">
                                 <assignment id="j07eiddx">
                                    <title>Assignment to Report ID</title>
                                    <operation source="formula" to="temp.tempReportId">
                                       <expression language="XQuery">fn:concat($temp.tempReportIDPrefix , '-',$temp.tempReportIDSuffixNumber ,$temp.tempUniqueReportId)</expression>
                                    </operation>
                                 </assignment>
                                 <link id="j07eidb3" targetId="j07eid9q" type="containerLink"/>
                              </flow>
                              <link id="j07eidas" targetId="j07eidaw" type="containerLink">
                                 <condition source="formula">
                                    <function name="greater-or-equals">
                                       <arg name="left">{$temp.tempUniqueReportId}</arg>
                                       <arg name="right">{10}</arg>
                                    </function>
                                 </condition>
                              </link>
                              <link id="j07eidau" targetId="j07eidb2" type="containerLink"/>
                           </container>
                           <link id="iwzmjoig" targetId="iwzmjohi" type="containerLink"/>
                        </flow>
                        <flow id="iwzmjoii">
                           <assignment id="iwzmjoih">
                              <title>Assignment to tempReportId</title>
                              <operation source="field" to="temp.tempReportId">OSM_Report_ID__c</operation>
                              <link id="jd287ps0" targetId="jd287prz"/>
                           </assignment>
                           <service id="jd287prz">
                              <title>getReportUnqiueID</title>
                              <serviceName>Salesforce:icrtStep_getUniqueReportId</serviceName>
                              <serviceGUID>9rhyRDabNHiiDcOu4c64gK</serviceGUID>
                              <serviceInput>
                                 <parameter name="Order Id" source="field">Order_ID__r.Id</parameter>
                                 <parameter name="Get System Date only" source="constant">true</parameter>
                              </serviceInput>
                           </service>
                           <link id="iwzmjoij" targetId="iwzmjohi" type="containerLink"/>
                        </flow>
                        <link id="iwzmjoic" targetId="iwzmjoif" type="containerLink">
                           <condition source="formula">
                              <function name="string-equals">
                                 <arg name="left">{$OSM_Report_ID__c}</arg>
                                 <arg name="right"/>
                              </function>
                           </condition>
                        </link>
                        <link id="iwzmjoid" targetId="iwzmjoii" type="containerLink"/>
                        <link id="iwzmjom0" targetId="iwzkh69s"/>
                     </container>
                     <container id="iwzkh69s" type="exclusive">
                        <title>Report Date</title>
                        <flow id="iwzkh6aw">
                           <assignment id="iwzkh6av">
                              <title>Assignment to tempReportDate</title>
                              <operation source="field" to="temp.tempReportDate">OSM_Report_Date__c</operation>
                           </assignment>
                           <link id="iwzkh6ax" targetId="iwzkh69s" type="containerLink"/>
                        </flow>
                        <flow id="iwzkh6az">
                           <assignment id="iwzkh6e3">
                              <title>Assignment to tempReportDate</title>
                              <operation source="field" to="temp.tempReportDate">output.System Date</operation>
                           </assignment>
                           <link id="iwzkh6b0" targetId="iwzkh69s" type="containerLink"/>
                        </flow>
                        <link id="iwzkh6at" targetId="iwzkh6aw" type="containerLink">
                           <condition source="formula">
                              <function name="set">
                                 <arg name="field">{$OSM_Report_Date__c}</arg>
                              </function>
                           </condition>
                        </link>
                        <link id="iwzkh6au" targetId="iwzkh6az" type="containerLink">
                           <condition source="formula">
                              <function name="unset">
                                 <arg name="field">{$OSM_Report_Date__c}</arg>
                              </function>
                           </condition>
                        </link>
                     </container>
                     <link id="iwzkh5h6" targetId="iwzkh5gt" type="containerLink"/>
                  </flow>
                  <link id="iwzkh5h3" targetId="iwzkh5gu" type="containerLink">
                     <condition source="formula">
                        <function name="included">
                           <arg name="left">{$OSM_Corrected_Type__c}</arg>
                           <arg name="right">Amended,Corrected</arg>
                        </function>
                     </condition>
                  </link>
                  <link id="iwzkh5h4" targetId="iwzkh5gw" type="containerLink"/>
                  <link id="iwzkh6i7" targetId="iwzkh6hy"/>
               </container>
               <container id="iwzkh6hy" type="exclusive">
                  <title>Corrected Type</title>
                  <flow id="iwzkh6hz">
                     <assignment id="iwzkh6i0">
                        <title>Assignment to Modified Date</title>
                        <operation source="field" to="OSM_Modified_Date__c">output.System Date</operation>
                        <operation source="field" to="OSM_Report_Date__c">temp.tempReportDate</operation>
                        <operation source="field" to="OSM_Report_ID__c">temp.tempReportId</operation>
                     </assignment>
                     <link id="iwzkh6i5" targetId="iwzkh6hy" type="containerLink"/>
                  </flow>
                  <flow id="iwzkh6i1">
                     <assignment id="iwzkh6i2">
                        <title>Assignment to Modified Date</title>
                        <operation source="field" to="OSM_Report_Date__c">temp.tempReportDate</operation>
                        <operation source="field" to="OSM_Report_ID__c">temp.tempReportId</operation>
                     </assignment>
                     <link id="iwzkh6i6" targetId="iwzkh6hy" type="containerLink"/>
                  </flow>
                  <link id="iwzkh6i3" targetId="iwzkh6hz" type="containerLink">
                     <condition source="formula">
                        <function name="included">
                           <arg name="left">{$OSM_Corrected_Type__c}</arg>
                           <arg name="right">Amended,Corrected</arg>
                        </function>
                     </condition>
                  </link>
                  <link id="iwzkh6i4" targetId="iwzkh6i1" type="containerLink"/>
                  <link id="iwzkh6l3" targetId="iwzkh6l2"/>
               </container>
               <end id="iwzkh6l2"/>
            </flow>
         </process>
      </types1:Entry>
      <types1:GUID>5ZFsbWFlPjvcK9zmVRdIE0</types1:GUID>
      <types1:DisplayName>INT-SP-ReportIdGenertion</types1:DisplayName>
   </types1:Item>
   <types1:CurrentServerDateTime>2023-05-18T11:15:42.703Z</types1:CurrentServerDateTime>
</aetgt:getResponse>
