<aetgt:getResponse xmlns:aetgt="http://schemas.active-endpoints.com/appmodules/repository/2010/10/avrepository.xsd"
                   xmlns:types1="http://schemas.active-endpoints.com/appmodules/repository/2010/10/avrepository.xsd">
   <types1:Item>
      <types1:EntryId>O47EkWoKeERhKGX-gt-15163209-2019-03-07T20:35:13.647Z::pd.xml</types1:EntryId>
      <types1:Name>INT-SP-QueryResponseMessage</types1:Name>
      <types1:ParentFlowIds>AfW90LK2D86CjqF-gt-15163563-2019-03-07T20:35:19.425Z::pd.xml</types1:ParentFlowIds>
      <types1:MimeType>application/xml+process</types1:MimeType>
      <types1:Description>Send Outbound Material Return Address Query Response Message</types1:Description>
      <types1:AppliesTo/>
      <types1:Tags>120767,FR-LAB-INTEGRATION-100-9,QueryMessage</types1:Tags>
      <types1:VersionLabel>1.0</types1:VersionLabel>
      <types1:State>CURRENT</types1:State>
      <types1:ProcessGroup/>
      <types1:CreatedBy>admin@001e08.ghi</types1:CreatedBy>
      <types1:CreationDate>2019-03-07T20:35:13Z</types1:CreationDate>
      <types1:ModifiedBy>admin@par15.ghi</types1:ModifiedBy>
      <types1:ModificationDate>2023-05-01T22:23:28Z</types1:ModificationDate>
      <types1:PublicationStatus>published</types1:PublicationStatus>
      <types1:PublishedBy>admin@par15.ghi</types1:PublishedBy>
      <types1:PublicationDate>2023-05-02T22:00:04Z</types1:PublicationDate>
      <types1:PublishedContributionId>project:/spi.INT-SP-QueryResponseMessage/INT-SP-QueryResponseMessage.pd.xml</types1:PublishedContributionId>
      <types1:AutosaveExists>false</types1:AutosaveExists>
      <types1:Entry>
         <process xmlns="http://schemas.active-endpoints.com/appmodules/screenflow/2010/10/avosScreenflow.xsd"
                  xmlns:tfm="http://schemas.active-endpoints.com/appmodules/screenflow/2021/04/taskflowModel.xsd"
                  xmlns:list="urn:activevos:spi:list:functions"
                  displayName="INT-SP-QueryResponseMessage"
                  name="INT-SP-QueryResponseMessage">
            <parameterSet xmlns="http://schemas.active-endpoints.com/appmodules/screenflow/2021/04/taskflowModel.xsd"/>
            <appliesTo/>
            <description>Send Outbound Material Return Address Query Response Message</description>
            <tags>120767,FR-LAB-INTEGRATION-100-9,QueryMessage</tags>
            <generator>Informatica Process Designer 11</generator>
            <input>
               <parameter description="" name="InMaterialReturnAddress" type="reference">
                  <options>
                     <option name="referenceTo">GHI-ESB-REST:MaterialReturnAddressQueryResponseMessage_AnonymousType</option>
                     <option name="required">false</option>
                     <option name="isCopy">true</option>
                     <option name="guid">04fR9piQEr8jbmyLWN9SwT</option>
                  </options>
               </parameter>
               <parameter description="" name="InMaterialReturnAddressShilo" type="reference">
                  <options>
                     <option name="referenceTo">GHI-ESB-Shilo-REST:MaterialReturnAddressQueryResponseMessage_AnonymousType</option>
                     <option name="required">false</option>
                     <option name="isCopy">true</option>
                     <option name="guid">0EHT7Yh1ssIcNV3nLTqv8e</option>
                  </options>
               </parameter>
            </input>
            <tempFields>
               <field description="" name="tempRetryCount" type="int">
                  <options>
                     <option name="required">false</option>
                     <option hide="true" name="initialvalue">0</option>
                  </options>
               </field>
               <field description="" name="tempOrder" type="reference">
                  <options>
                     <option name="referenceTo">Salesforce:Order</option>
                     <option name="required">false</option>
                     <option name="guid">9rhyRDabNHiiDcOu4c64gK</option>
                  </options>
               </field>
               <field description="" name="tempSourceXMLLength" type="int">
                  <options>
                     <option name="required">false</option>
                     <option hide="true" name="initialvalue">0</option>
                  </options>
               </field>
               <field description="" name="tempSystemSetting" type="reference">
                  <options>
                     <option name="referenceTo">Salesforce:Record_Type__c</option>
                     <option name="required">false</option>
                     <option name="guid">9rhyRDabNHiiDcOu4c64gK</option>
                  </options>
               </field>
            </tempFields>
            <notes>User Story 120767:Re-implement: FR-LAB-INTEGRATION-100-9: Material Return Address Query Outbound Message</notes>
            <deployment skipIfRunning="false" suspendOnFault="false" tracingLevel="normal">
               <rest/>
            </deployment>
            <flow id="a">
               <start id="b">
                  <link id="kjxvpqn4" targetId="kjxvpqn3"/>
               </start>
               <assignment id="kjxvpqn3">
                  <title>Assignment to tempOrder, tempSystemSetting</title>
                  <operation source="query" to="temp.tempOrder">
                     <query advanceQuery="false" from="Salesforce:Order">
                        <where>OrderNumber = '{$input.InMaterialReturnAddress[1]/Response[1]/OrderId}' OR OrderNumber = '{$input.InMaterialReturnAddressShilo[1]/Response[1]/OrderId}'</where>
                     </query>
                  </operation>
                  <operation source="query" to="temp.tempSystemSetting">
                     <query advanceQuery="false" from="Salesforce:Record_Type__c">
                        <where>Limit 1</where>
                     </query>
                  </operation>
                  <link id="kjxvpqn5" targetId="izg783pw"/>
               </assignment>
               <create id="izg783pw">
                  <title>ICRT Message Log Outbound</title>
                  <entityName>Salesforce:ICRT_Message_Log__c</entityName>
                  <createInput>
                     <parameter name="ICRT_Create_Process_ID__c" source="formula" updatable="true">
                        <expression language="XQuery">util:getProcessId()</expression>
                     </parameter>
                     <parameter name="ICRT_Message_Direction__c" source="constant" updatable="true">Outbound</parameter>
                     <parameter name="ICRT_Message_Status__c" source="constant" updatable="true">New</parameter>
                     <parameter name="ICRT_Message_Type__c" source="constant" updatable="true">MaterialReturnAddressQueryResponse</parameter>
                     <parameter name="ICRT_Object_ID__c" source="formula" updatable="true">
                        <expression language="XQuery">util:iif(util:isNull($input.InMaterialReturnAddress[1]/Response[1]/OrderId), $input.InMaterialReturnAddressShilo[1]/Response[1]/OrderId, $input.InMaterialReturnAddress[1]/Response[1]/OrderId)</expression>
                     </parameter>
                     <parameter name="ICRT_Object_Name__c" source="constant" updatable="true">Order</parameter>
                     <parameter name="ICRT_Record_Name__c" source="constant" updatable="true">Order</parameter>
                     <parameter name="ICRT_Source_Message_ID__c" source="formula" updatable="true">
                        <expression language="XQuery">util:iif(util:isNull($input.InMaterialReturnAddress[1]/messageInstanceId ), $input.InMaterialReturnAddressShilo[1]/messageInstanceId , $input.InMaterialReturnAddress[1]/messageInstanceId )</expression>
                     </parameter>
                     <parameter name="ICRT_Order__c" source="field">temp.tempOrder</parameter>
                     <parameter name="ICRT_Orderable__c" source="field" updatable="true">temp.tempOrder.OSM_Product__c</parameter>
                  </createInput>
                  <link id="izg783r9" targetId="izg783r8"/>
               </create>
               <subflow id="izg783r8">
                  <title>ER-Get GHI Integration Retry Settings</title>
                  <subflowGUID>ltcYSqXiM0KbxUkoOD3caj</subflowGUID>
                  <subflowPath>ER-Get_GHI_Integration_Retry_Settings</subflowPath>
                  <runForEach>false</runForEach>
                  <input/>
                  <outputDef>
                     <field name="retryCount" type="int">
                        <options>
                           <option name="required">false</option>
                        </options>
                     </field>
                     <field name="retryDelay" type="double">
                        <options>
                           <option name="required">false</option>
                        </options>
                     </field>
                  </outputDef>
                  <link id="lgbwjfe2" targetId="lgar7v50"/>
               </subflow>
               <container id="lgar7v50" type="exclusive">
                  <title>tempMaterialReturnShipSerivce?</title>
                  <flow id="lgar7v54">
                     <eventContainer id="lgar7v8r">
                        <service id="lgar7v9n">
                           <title>MaterialReturn Address Response 1</title>
                           <serviceName>GHI-ESB-Shilo-REST:MaterialAddressReturn</serviceName>
                           <serviceGUID>0EHT7Yh1ssIcNV3nLTqv8e</serviceGUID>
                           <serviceInput>
                              <parameter name="MaterialReturnAddressQueryResponseMessage" source="field">input.InMaterialReturnAddressShilo</parameter>
                           </serviceInput>
                        </service>
                        <flow id="lgar7v8s">
                           <jumpTo id="lgar7vga">
                              <link id="lgar7vgb" targetId="lgar7v5v"/>
                           </jumpTo>
                        </flow>
                        <flow id="lgar7v8u">
                           <container id="lgar7v8v" type="exclusive">
                              <title>Reason 1</title>
                              <flow id="lgar7v8w">
                                 <assignment id="lgar7v8x">
                                    <title>Assignment to Error Reason, tempSourceXMLLength 1</title>
                                    <operation source="formula"
                                               to="output.Created ICRT_Message_Log__c.ICRT_Error_Reason__c">
                                       <expression language="XQuery">fn:substring-before($output.faultInfoOutbound[1]/reason, 'SourceXMLBody:')</expression>
                                    </operation>
                                    <operation source="formula" to="temp.tempSourceXMLLength">
                                       <expression language="XQuery">fn:string-length(fn:substring-after($output.faultInfoOutbound[1]/reason, 'SourceXMLBody:'))</expression>
                                    </operation>
                                    <link id="lgar7v9v" targetId="lgar7v8y"/>
                                 </assignment>
                                 <container id="lgar7v8y" type="exclusive">
                                    <title>tempSourceXMLLength 1</title>
                                    <flow id="lgar7v8z">
                                       <assignment id="lgar7v90">
                                          <title>Assignment to SourceXMLBody, SourceXMLBody Additional, etc. 1</title>
                                          <operation source="formula"
                                                     to="output.Created ICRT_Message_Log__c.ICRT_SourceXMLBody__c">
                                             <expression language="XQuery">fn:substring(fn:substring-after($output.faultInfoOutbound[1]/reason, 'SourceXMLBody:'), 1, 130000)</expression>
                                          </operation>
                                          <operation source="formula"
                                                     to="output.Created ICRT_Message_Log__c.ICRT_SourceXMLBody_Additional__c">
                                             <expression language="XQuery">fn:substring(fn:substring-after($output.faultInfoOutbound[1]/reason, 'SourceXMLBody:'), 130001, 130000)</expression>
                                          </operation>
                                          <operation source="constant"
                                                     to="output.Created ICRT_Message_Log__c.ICRT_ESBMEssagePartSequenceNumber__c">2</operation>
                                       </assignment>
                                       <link id="lgar7v9y" targetId="lgar7v8y" type="containerLink"/>
                                    </flow>
                                    <flow id="lgar7v91">
                                       <assignment id="lgar7v92">
                                          <title>Assignment to SourceXMLBody, SourceXMLBody Additional, etc. 1</title>
                                          <operation source="formula"
                                                     to="output.Created ICRT_Message_Log__c.ICRT_SourceXMLBody__c">
                                             <expression language="XQuery">fn:substring-after($output.faultInfoOutbound[1]/reason, 'SourceXMLBody:')</expression>
                                          </operation>
                                          <operation source="constant"
                                                     to="output.Created ICRT_Message_Log__c.ICRT_ESBMEssagePartSequenceNumber__c">1</operation>
                                       </assignment>
                                       <link id="lgar7v9z" targetId="lgar7v8y" type="containerLink"/>
                                    </flow>
                                    <link id="lgar7v9w" targetId="lgar7v8z" type="containerLink">
                                       <condition source="formula">
                                          <function name="greater-than">
                                             <arg name="left">{$temp.tempSourceXMLLength}</arg>
                                             <arg name="right">{130000}</arg>
                                          </function>
                                       </condition>
                                    </link>
                                    <link id="lgar7v9x" targetId="lgar7v91" type="containerLink"/>
                                 </container>
                                 <link id="lgar7v9u" targetId="lgar7v8v" type="containerLink"/>
                              </flow>
                              <flow id="lgar7v93">
                                 <assignment id="lgar7v94">
                                    <title>Assignment to Error Reason 1</title>
                                    <operation source="field"
                                               to="output.Created ICRT_Message_Log__c.ICRT_Error_Reason__c">output.faultInfoOutbound[1]/reason</operation>
                                 </assignment>
                                 <link id="lgar7va0" targetId="lgar7v8v" type="containerLink"/>
                              </flow>
                              <link id="lgar7v9r" targetId="lgar7v8w" type="containerLink">
                                 <condition source="formula">
                                    <function name="contains">
                                       <arg name="left">{$output.faultInfoOutbound[1]/reason}</arg>
                                       <arg name="right">SourceXMLBody:</arg>
                                    </function>
                                 </condition>
                              </link>
                              <link id="lgar7v9s" targetId="lgar7v93" type="containerLink"/>
                              <link id="lgar7v9t" targetId="lgar7v95"/>
                           </container>
                           <container id="lgar7v95" type="exclusive">
                              <title>Reason 1</title>
                              <flow id="lgar7v96">
                                 <assignment id="lgar7v97">
                                    <title>Assignment to tempRetryCount 1</title>
                                    <operation source="formula" to="temp.tempRetryCount">
                                       <expression language="XQuery">$temp.tempRetryCount + 1</expression>
                                    </operation>
                                    <link id="lgar7va4" targetId="lgar7v98"/>
                                 </assignment>
                                 <container id="lgar7v98" type="exclusive">
                                    <title>retryCount 1</title>
                                    <flow id="lgar7v99">
                                       <wait id="lgar7v9a">
                                          <duration source="formula">
                                             <function name="duration_expression">
                                                <arg name="value">{$output.retryDelay}</arg>
                                                <arg name="scale">S</arg>
                                                <arg name="businessDays"/>
                                             </function>
                                          </duration>
                                          <link id="lgar7va7" targetId="lgar7v9b"/>
                                       </wait>
                                       <jumpTo id="lgar7v9b">
                                          <link id="lgar7va8" targetId="lgar7v8r"/>
                                       </jumpTo>
                                    </flow>
                                    <flow id="lgar7v9c">
                                       <assignment id="lgar7v9d">
                                          <title>Assignment to Error Message, Error Reason, etc. outbound 1</title>
                                          <operation source="constant"
                                                     to="output.Created ICRT_Message_Log__c.ICRT_Error_Message__c">Code : {$output.faultInfoOutbound[1]/code} 
Detail:{$output.faultInfoOutbound[1]/detail} </operation>
                                          <operation source="constant"
                                                     to="output.Created ICRT_Message_Log__c.ICRT_Message_Status__c">Middleware Timeout Error</operation>
                                          <operation source="formula"
                                                     to="output.Created ICRT_Message_Log__c.ICRT_Update_Process_ID__c">
                                             <expression language="XQuery">util:getProcessId()</expression>
                                          </operation>
                                          <link id="lgar7va9" targetId="lgar7v9e"/>
                                       </assignment>
                                       <throw id="lgar7v9e">
                                          <throwInput>
                                             <parameter name="code" source="formula" updatable="true">
                                                <expression language="XQuery">fn:concat('SystemITQueue','||--||',$output.faultInfoOutbound[1]/code)</expression>
                                             </parameter>
                                             <parameter name="detail" source="field" updatable="true">output.faultInfoOutbound[1]/detail</parameter>
                                             <parameter name="reason" source="field" updatable="true">output.faultInfoOutbound[1]/reason</parameter>
                                          </throwInput>
                                       </throw>
                                    </flow>
                                    <link id="lgar7va5" targetId="lgar7v99" type="containerLink">
                                       <condition source="formula">
                                          <function name="greater-than">
                                             <arg name="left">{$output.retryCount}</arg>
                                             <arg name="right">{$temp.tempRetryCount}</arg>
                                          </function>
                                       </condition>
                                    </link>
                                    <link id="lgar7va6" targetId="lgar7v9c" type="containerLink"/>
                                 </container>
                              </flow>
                              <flow id="lgar7v9f">
                                 <assignment id="lgar7v9g">
                                    <title>Assignment to Error Message, Error Reason, etc. 1</title>
                                    <operation source="constant"
                                               to="output.Created ICRT_Message_Log__c.ICRT_Error_Message__c">Code : {$output.faultInfoOutbound[1]/code} 
Detail:{$output.faultInfoOutbound[1]/detail} </operation>
                                    <operation source="constant"
                                               to="output.Created ICRT_Message_Log__c.ICRT_Message_Status__c">Middleware Validation Error</operation>
                                    <operation source="formula"
                                               to="output.Created ICRT_Message_Log__c.ICRT_Update_Process_ID__c">
                                       <expression language="XQuery">util:getProcessId()</expression>
                                    </operation>
                                    <link id="lgar7vaa" targetId="lgar7v9h"/>
                                 </assignment>
                                 <assignment id="lgar7v9h">
                                    <title>Assignment Order 1</title>
                                    <operation source="query" to="temp.tempOrder">
                                       <query advanceQuery="false" from="Salesforce:Order">
                                          <where>OrderNumber = '{$input.InMaterialReturnAddressShilo[1]/Response[1]/OrderId}'</where>
                                       </query>
                                    </operation>
                                    <link id="lgar7vab" targetId="lgar7v9i"/>
                                 </assignment>
                                 <create id="lgar7v9i">
                                    <title>Create Task 1</title>
                                    <entityName>Salesforce:Task</entityName>
                                    <createInput>
                                       <parameter name="RecordTypeId" source="constant" updatable="true">012U00000005dYtIAI</parameter>
                                       <parameter name="WhatId" source="field">temp.tempOrder</parameter>
                                       <parameter name="Subject" source="constant" updatable="true">MaterialReturnQueryResponseMessage Error</parameter>
                                       <parameter name="Status" source="constant" updatable="true">Open</parameter>
                                       <parameter name="Priority" source="constant" updatable="true">2 - Normal</parameter>
                                       <parameter name="Description" source="constant" updatable="true">Code:{$output.faultInfoOutbound[1]/code}
Reason:{$output.CreatedICRT_Message_Log__c.ICRT_Error_Reason__c}  
Detail:{$output.faultInfoOutbound[1]/detail} </parameter>
                                       <parameter name="MessageID__c" source="field" updatable="true">output.Created ICRT_Message_Log__c.ICRT_Source_Message_ID__c</parameter>
                                       <parameter name="OSM_ICRT_Last_Modified_Process_ID__c"
                                                  source="formula"
                                                  updatable="true">
                                          <expression language="XQuery">util:getProcessId()</expression>
                                       </parameter>
                                    </createInput>
                                    <link id="lgar7vac" targetId="lgar7v9j"/>
                                 </create>
                                 <end id="lgar7v9j"/>
                              </flow>
                              <flow id="lgar7v9k">
                                 <assignment id="lgar7v9l">
                                    <title>Assignment to Error Message, Error Reason, etc. 1</title>
                                    <operation source="constant"
                                               to="output.Created ICRT_Message_Log__c.ICRT_Error_Message__c">Code : {$output.faultInfoOutbound[1]/code} 
Detail:{$output.faultInfoOutbound[1]/detail} </operation>
                                    <operation source="constant"
                                               to="output.Created ICRT_Message_Log__c.ICRT_Message_Status__c">Unknown Error</operation>
                                    <operation source="formula"
                                               to="output.Created ICRT_Message_Log__c.ICRT_Update_Process_ID__c">
                                       <expression language="XQuery">util:getProcessId()</expression>
                                    </operation>
                                    <link id="lgar7vad" targetId="lgar7v9m"/>
                                 </assignment>
                                 <throw id="lgar7v9m">
                                    <throwInput>
                                       <parameter name="code" source="formula" updatable="true">
                                          <expression language="XQuery">fn:concat('SystemITQueue','||--||',$output.faultInfoOutbound[1]/code)</expression>
                                       </parameter>
                                       <parameter name="detail" source="field" updatable="true">output.faultInfoOutbound[1]/detail</parameter>
                                       <parameter name="reason" source="field" updatable="true">output.faultInfoOutbound[1]/reason</parameter>
                                    </throwInput>
                                 </throw>
                              </flow>
                              <link id="lgar7va1" targetId="lgar7v96" type="containerLink">
                                 <condition source="formula">
                                    <function name="contains">
                                       <arg name="left">{$output.faultInfoOutbound[1]/reason}</arg>
                                       <arg name="right">timeout error</arg>
                                    </function>
                                 </condition>
                              </link>
                              <link id="lgar7va2" targetId="lgar7v9f" type="containerLink">
                                 <condition source="formula">
                                    <function name="contains">
                                       <arg name="left">{$output.faultInfoOutbound[1]/reason}</arg>
                                       <arg name="right">validation failure</arg>
                                    </function>
                                 </condition>
                              </link>
                              <link id="lgar7va3" targetId="lgar7v9k" type="containerLink"/>
                           </container>
                        </flow>
                        <link id="lgar7v9o" targetId="lgar7v8s" type="containerLink"/>
                        <events>
                           <catch faultField="faultInfoOutbound" id="izeye8fc" interrupting="true">
                              <link id="lgar7v9p" targetId="lgar7v8u" type="containerLink"/>
                           </catch>
                        </events>
                     </eventContainer>
                  </flow>
                  <flow id="lgar7v57">
                     <eventContainer id="lgar7v5t">
                        <service id="lgar7v6p">
                           <title>MaterialReturn Address Response</title>
                           <serviceName>GHI-ESB-REST:MaterialAddressReturn</serviceName>
                           <serviceGUID>04fR9piQEr8jbmyLWN9SwT</serviceGUID>
                           <serviceInput>
                              <parameter name="MaterialReturnAddressQueryResponseMessage" source="field">input.InMaterialReturnAddress</parameter>
                           </serviceInput>
                        </service>
                        <flow id="lgar7v5u">
                           <assignment id="lgar7v5v">
                              <title>Assignment</title>
                              <operation source="constant"
                                         to="output.Created ICRT_Message_Log__c.ICRT_Message_Status__c">Middleware Accepted</operation>
                              <operation source="formula"
                                         to="output.Created ICRT_Message_Log__c.ICRT_Update_Process_ID__c">
                                 <expression language="XQuery">util:getProcessId()</expression>
                              </operation>
                           </assignment>
                           <link id="lgar7v6s" targetId="lgar7v5t" type="containerLink"/>
                        </flow>
                        <flow id="lgar7v5w">
                           <container id="lgar7v5x" type="exclusive">
                              <title>Reason</title>
                              <flow id="lgar7v5y">
                                 <assignment id="lgar7v5z">
                                    <title>Assignment to Error Reason, tempSourceXMLLength</title>
                                    <operation source="formula"
                                               to="output.Created ICRT_Message_Log__c.ICRT_Error_Reason__c">
                                       <expression language="XQuery">fn:substring-before($output.faultInfoOutbound[1]/reason, 'SourceXMLBody:')</expression>
                                    </operation>
                                    <operation source="formula" to="temp.tempSourceXMLLength">
                                       <expression language="XQuery">fn:string-length(fn:substring-after($output.faultInfoOutbound[1]/reason, 'SourceXMLBody:'))</expression>
                                    </operation>
                                    <link id="lgar7v6x" targetId="lgar7v60"/>
                                 </assignment>
                                 <container id="lgar7v60" type="exclusive">
                                    <title>tempSourceXMLLength</title>
                                    <flow id="lgar7v61">
                                       <assignment id="lgar7v62">
                                          <title>Assignment to SourceXMLBody, SourceXMLBody Additional, etc.</title>
                                          <operation source="formula"
                                                     to="output.Created ICRT_Message_Log__c.ICRT_SourceXMLBody__c">
                                             <expression language="XQuery">fn:substring(fn:substring-after($output.faultInfoOutbound[1]/reason, 'SourceXMLBody:'), 1, 130000)</expression>
                                          </operation>
                                          <operation source="formula"
                                                     to="output.Created ICRT_Message_Log__c.ICRT_SourceXMLBody_Additional__c">
                                             <expression language="XQuery">fn:substring(fn:substring-after($output.faultInfoOutbound[1]/reason, 'SourceXMLBody:'), 130001, 130000)</expression>
                                          </operation>
                                          <operation source="constant"
                                                     to="output.Created ICRT_Message_Log__c.ICRT_ESBMEssagePartSequenceNumber__c">2</operation>
                                       </assignment>
                                       <link id="lgar7v70" targetId="lgar7v60" type="containerLink"/>
                                    </flow>
                                    <flow id="lgar7v63">
                                       <assignment id="lgar7v64">
                                          <title>Assignment to SourceXMLBody, SourceXMLBody Additional, etc.</title>
                                          <operation source="formula"
                                                     to="output.Created ICRT_Message_Log__c.ICRT_SourceXMLBody__c">
                                             <expression language="XQuery">fn:substring-after($output.faultInfoOutbound[1]/reason, 'SourceXMLBody:')</expression>
                                          </operation>
                                          <operation source="constant"
                                                     to="output.Created ICRT_Message_Log__c.ICRT_ESBMEssagePartSequenceNumber__c">1</operation>
                                       </assignment>
                                       <link id="lgar7v71" targetId="lgar7v60" type="containerLink"/>
                                    </flow>
                                    <link id="lgar7v6y" targetId="lgar7v61" type="containerLink">
                                       <condition source="formula">
                                          <function name="greater-than">
                                             <arg name="left">{$temp.tempSourceXMLLength}</arg>
                                             <arg name="right">{130000}</arg>
                                          </function>
                                       </condition>
                                    </link>
                                    <link id="lgar7v6z" targetId="lgar7v63" type="containerLink"/>
                                 </container>
                                 <link id="lgar7v6w" targetId="lgar7v5x" type="containerLink"/>
                              </flow>
                              <flow id="lgar7v65">
                                 <assignment id="lgar7v66">
                                    <title>Assignment to Error Reason</title>
                                    <operation source="field"
                                               to="output.Created ICRT_Message_Log__c.ICRT_Error_Reason__c">output.faultInfoOutbound[1]/reason</operation>
                                 </assignment>
                                 <link id="lgar7v72" targetId="lgar7v5x" type="containerLink"/>
                              </flow>
                              <link id="lgar7v6t" targetId="lgar7v5y" type="containerLink">
                                 <condition source="formula">
                                    <function name="contains">
                                       <arg name="left">{$output.faultInfoOutbound[1]/reason}</arg>
                                       <arg name="right">SourceXMLBody:</arg>
                                    </function>
                                 </condition>
                              </link>
                              <link id="lgar7v6u" targetId="lgar7v65" type="containerLink"/>
                              <link id="lgar7v6v" targetId="lgar7v67"/>
                           </container>
                           <container id="lgar7v67" type="exclusive">
                              <title>Reason</title>
                              <flow id="lgar7v68">
                                 <assignment id="lgar7v69">
                                    <title>Assignment to tempRetryCount</title>
                                    <operation source="formula" to="temp.tempRetryCount">
                                       <expression language="XQuery">$temp.tempRetryCount + 1</expression>
                                    </operation>
                                    <link id="lgar7v76" targetId="lgar7v6a"/>
                                 </assignment>
                                 <container id="lgar7v6a" type="exclusive">
                                    <title>retryCount</title>
                                    <flow id="lgar7v6b">
                                       <wait id="lgar7v6c">
                                          <duration source="formula">
                                             <function name="duration_expression">
                                                <arg name="value">{$output.retryDelay}</arg>
                                                <arg name="scale">S</arg>
                                                <arg name="businessDays"/>
                                             </function>
                                          </duration>
                                          <link id="lgar7v79" targetId="lgar7v6d"/>
                                       </wait>
                                       <jumpTo id="lgar7v6d">
                                          <link id="lgar7v7a" targetId="lgar7v5t"/>
                                       </jumpTo>
                                    </flow>
                                    <flow id="lgar7v6e">
                                       <assignment id="lgar7v6f">
                                          <title>Assignment to Error Message, Error Reason, etc. outbound</title>
                                          <operation source="constant"
                                                     to="output.Created ICRT_Message_Log__c.ICRT_Error_Message__c">Code : {$output.faultInfoOutbound[1]/code} 
Detail:{$output.faultInfoOutbound[1]/detail} </operation>
                                          <operation source="constant"
                                                     to="output.Created ICRT_Message_Log__c.ICRT_Message_Status__c">Middleware Timeout Error</operation>
                                          <operation source="formula"
                                                     to="output.Created ICRT_Message_Log__c.ICRT_Update_Process_ID__c">
                                             <expression language="XQuery">util:getProcessId()</expression>
                                          </operation>
                                          <link id="lgar7v7b" targetId="lgar7v6g"/>
                                       </assignment>
                                       <throw id="lgar7v6g">
                                          <throwInput>
                                             <parameter name="code" source="formula" updatable="true">
                                                <expression language="XQuery">fn:concat('SystemITQueue','||--||',$output.faultInfoOutbound[1]/code)</expression>
                                             </parameter>
                                             <parameter name="detail" source="field" updatable="true">output.faultInfoOutbound[1]/detail</parameter>
                                             <parameter name="reason" source="field" updatable="true">output.faultInfoOutbound[1]/reason</parameter>
                                          </throwInput>
                                       </throw>
                                    </flow>
                                    <link id="lgar7v77" targetId="lgar7v6b" type="containerLink">
                                       <condition source="formula">
                                          <function name="greater-than">
                                             <arg name="left">{$output.retryCount}</arg>
                                             <arg name="right">{$temp.tempRetryCount}</arg>
                                          </function>
                                       </condition>
                                    </link>
                                    <link id="lgar7v78" targetId="lgar7v6e" type="containerLink"/>
                                 </container>
                              </flow>
                              <flow id="lgar7v6h">
                                 <assignment id="lgar7v6i">
                                    <title>Assignment to Error Message, Error Reason, etc.</title>
                                    <operation source="constant"
                                               to="output.Created ICRT_Message_Log__c.ICRT_Error_Message__c">Code : {$output.faultInfoOutbound[1]/code} 
Detail:{$output.faultInfoOutbound[1]/detail} </operation>
                                    <operation source="constant"
                                               to="output.Created ICRT_Message_Log__c.ICRT_Message_Status__c">Middleware Validation Error</operation>
                                    <operation source="formula"
                                               to="output.Created ICRT_Message_Log__c.ICRT_Update_Process_ID__c">
                                       <expression language="XQuery">util:getProcessId()</expression>
                                    </operation>
                                    <link id="lgar7v7c" targetId="lgar7v6j"/>
                                 </assignment>
                                 <assignment id="lgar7v6j">
                                    <title>Assignment Order</title>
                                    <operation source="query" to="temp.tempOrder">
                                       <query advanceQuery="false" from="Salesforce:Order">
                                          <where>OrderNumber = '{$input.InMaterialReturnAddress[1]/Response[1]/OrderId}'</where>
                                       </query>
                                    </operation>
                                    <link id="lgar7v7d" targetId="lgar7v6k"/>
                                 </assignment>
                                 <create id="lgar7v6k">
                                    <title>Create Task</title>
                                    <entityName>Salesforce:Task</entityName>
                                    <createInput>
                                       <parameter name="RecordTypeId" source="constant" updatable="true">012U00000005dYtIAI</parameter>
                                       <parameter name="WhatId" source="field">temp.tempOrder</parameter>
                                       <parameter name="Subject" source="constant" updatable="true">MaterialReturnQueryResponseMessage Error</parameter>
                                       <parameter name="Status" source="constant" updatable="true">Open</parameter>
                                       <parameter name="Priority" source="constant" updatable="true">2 - Normal</parameter>
                                       <parameter name="Description" source="constant" updatable="true">Code:{$output.faultInfoOutbound[1]/code}
Reason:{$output.CreatedICRT_Message_Log__c.ICRT_Error_Reason__c}  
Detail:{$output.faultInfoOutbound[1]/detail} </parameter>
                                       <parameter name="MessageID__c" source="field" updatable="true">output.Created ICRT_Message_Log__c.ICRT_Source_Message_ID__c</parameter>
                                       <parameter name="OSM_ICRT_Last_Modified_Process_ID__c"
                                                  source="formula"
                                                  updatable="true">
                                          <expression language="XQuery">util:getProcessId()</expression>
                                       </parameter>
                                    </createInput>
                                    <link id="lgar7v7e" targetId="lgar7v6l"/>
                                 </create>
                                 <end id="lgar7v6l"/>
                              </flow>
                              <flow id="lgar7v6m">
                                 <assignment id="lgar7v6n">
                                    <title>Assignment to Error Message, Error Reason, etc.</title>
                                    <operation source="constant"
                                               to="output.Created ICRT_Message_Log__c.ICRT_Error_Message__c">Code : {$output.faultInfoOutbound[1]/code} 
Detail:{$output.faultInfoOutbound[1]/detail} </operation>
                                    <operation source="constant"
                                               to="output.Created ICRT_Message_Log__c.ICRT_Message_Status__c">Unknown Error</operation>
                                    <operation source="formula"
                                               to="output.Created ICRT_Message_Log__c.ICRT_Update_Process_ID__c">
                                       <expression language="XQuery">util:getProcessId()</expression>
                                    </operation>
                                    <link id="lgar7v7f" targetId="lgar7v6o"/>
                                 </assignment>
                                 <throw id="lgar7v6o">
                                    <throwInput>
                                       <parameter name="code" source="formula" updatable="true">
                                          <expression language="XQuery">fn:concat('SystemITQueue','||--||',$output.faultInfoOutbound[1]/code)</expression>
                                       </parameter>
                                       <parameter name="detail" source="field" updatable="true">output.faultInfoOutbound[1]/detail</parameter>
                                       <parameter name="reason" source="field" updatable="true">output.faultInfoOutbound[1]/reason</parameter>
                                    </throwInput>
                                 </throw>
                              </flow>
                              <link id="lgar7v73" targetId="lgar7v68" type="containerLink">
                                 <condition source="formula">
                                    <function name="contains">
                                       <arg name="left">{$output.faultInfoOutbound[1]/reason}</arg>
                                       <arg name="right">timeout error</arg>
                                    </function>
                                 </condition>
                              </link>
                              <link id="lgar7v74" targetId="lgar7v6h" type="containerLink">
                                 <condition source="formula">
                                    <function name="contains">
                                       <arg name="left">{$output.faultInfoOutbound[1]/reason}</arg>
                                       <arg name="right">validation failure</arg>
                                    </function>
                                 </condition>
                              </link>
                              <link id="lgar7v75" targetId="lgar7v6m" type="containerLink"/>
                           </container>
                        </flow>
                        <link id="lgar7v6q" targetId="lgar7v5u" type="containerLink"/>
                        <events>
                           <catch faultField="faultInfoOutbound" id="izeye8fc" interrupting="true">
                              <link id="lgar7v6r" targetId="lgar7v5w" type="containerLink"/>
                           </catch>
                        </events>
                     </eventContainer>
                     <link id="lgar7v58" targetId="lgar7v50" type="containerLink"/>
                  </flow>
                  <link id="lgar7v53" targetId="lgar7v54" type="containerLink">
                     <condition source="formula">
                        <function name="true">
                           <arg name="field">{$temp.tempSystemSetting.OSM_Material_Return_Ship_Service__c}</arg>
                        </function>
                     </condition>
                  </link>
                  <link id="lgar7v56" targetId="lgar7v57" type="containerLink">
                     <condition source="formula">
                        <function name="false">
                           <arg name="field">{$temp.tempSystemSetting.OSM_Material_Return_Ship_Service__c}</arg>
                        </function>
                     </condition>
                  </link>
                  <link id="lgar7v5s" targetId="izg783v2"/>
               </container>
               <end id="izg783v2"/>
            </flow>
         </process>
      </types1:Entry>
      <types1:GUID>2FXONxTvUMYd3s2dfdimmi</types1:GUID>
      <types1:DisplayName>INT-SP-QueryResponseMessage</types1:DisplayName>
   </types1:Item>
   <types1:CurrentServerDateTime>2023-05-18T11:15:42.76Z</types1:CurrentServerDateTime>
</aetgt:getResponse>
