<aetgt:getResponse xmlns:aetgt="http://schemas.active-endpoints.com/appmodules/repository/2010/10/avrepository.xsd"
                   xmlns:types1="http://schemas.active-endpoints.com/appmodules/repository/2010/10/avrepository.xsd">
   <types1:Item>
      <types1:EntryId>DkSSHCwkNmumf6S-gt-15164319-2019-03-07T20:35:33.481Z::pd.xml</types1:EntryId>
      <types1:Name>INT-EU-Portal-SXDM-OrderLineItem</types1:Name>
      <types1:ParentFlowIds>dypLK2D86CjqFVN-gt-15163779-2019-03-07T20:35:23.06Z::pd.xml</types1:ParentFlowIds>
      <types1:MimeType>application/xml+process</types1:MimeType>
      <types1:Description>This will generate the XML Body for OrderLineItem Node</types1:Description>
      <types1:AppliesTo>Salesforce:OrderItem</types1:AppliesTo>
      <types1:Tags/>
      <types1:VersionLabel>1.0</types1:VersionLabel>
      <types1:State>CURRENT</types1:State>
      <types1:ProcessGroup/>
      <types1:CreatedBy>admin@001e08.ghi</types1:CreatedBy>
      <types1:CreationDate>2019-03-07T20:35:33Z</types1:CreationDate>
      <types1:ModifiedBy>admin@par15.ghi</types1:ModifiedBy>
      <types1:ModificationDate>2023-05-01T22:23:28Z</types1:ModificationDate>
      <types1:PublicationStatus>published</types1:PublicationStatus>
      <types1:PublishedBy>admin@par15.ghi</types1:PublishedBy>
      <types1:PublicationDate>2023-05-16T22:16:01Z</types1:PublicationDate>
      <types1:PublishedContributionId>project:/spi.INT-EU-Portal-SXDM-OrderLineItem/INT-EU-Portal-SXDM-OrderLineItem.pd.xml</types1:PublishedContributionId>
      <types1:AutosaveExists>false</types1:AutosaveExists>
      <types1:Entry>
         <process xmlns="http://schemas.active-endpoints.com/appmodules/screenflow/2010/10/avosScreenflow.xsd"
                  xmlns:tfm="http://schemas.active-endpoints.com/appmodules/screenflow/2021/04/taskflowModel.xsd"
                  xmlns:list="urn:activevos:spi:list:functions"
                  displayName="INT-EU-Portal-SXDM-OrderLineItem"
                  name="INT-EU-Portal-SXDM-OrderLineItem">
            <parameterSet xmlns="http://schemas.active-endpoints.com/appmodules/screenflow/2021/04/taskflowModel.xsd"/>
            <appliesTo>Salesforce:OrderItem</appliesTo>
            <description>This will generate the XML Body for OrderLineItem Node</description>
            <tags/>
            <generator>Informatica Process Designer 11</generator>
            <output>
               <field description="" name="output_OrderLineItems" type="reference">
                  <options>
                     <option name="referenceTo">GHI-ESB-REST:ProcessedOrderLineItems_AnonymousType</option>
                     <option name="required">false</option>
                     <option name="isCopy">true</option>
                     <option name="guid">04fR9piQEr8jbmyLWN9SwT</option>
                  </options>
               </field>
            </output>
            <tempFields>
               <field description="" name="recordOrderLineItem" type="reference">
                  <options>
                     <option name="referenceTo">Salesforce:OrderItem</option>
                     <option name="required">false</option>
                     <option name="guid">9rhyRDabNHiiDcOu4c64gK</option>
                  </options>
               </field>
               <field description="" name="recordOrderLineItems" type="objectlist">
                  <options>
                     <option name="referenceTo">Salesforce:OrderItem</option>
                     <option hide="true" name="multiSelect">true</option>
                     <option name="required">false</option>
                     <option name="guid">9rhyRDabNHiiDcOu4c64gK</option>
                  </options>
               </field>
               <field description="" name="tempOrderLineItem" type="reference">
                  <options>
                     <option name="referenceTo">GHI-ESB-REST:ProcessedOrderLineItemType</option>
                     <option name="required">false</option>
                     <option name="isCopy">true</option>
                     <option name="guid">04fR9piQEr8jbmyLWN9SwT</option>
                  </options>
               </field>
               <field description="" name="tempAction" type="reference">
                  <options>
                     <option name="referenceTo">$po:Action</option>
                     <option name="required">false</option>
                     <option name="isCopy">true</option>
                     <option name="guid">ceT3eTjFrM1kN4ZlvNV8el</option>
                  </options>
               </field>
               <field description="" name="tempOrderLineItemBilling" type="reference">
                  <options>
                     <option name="referenceTo">GHI-ESB-REST:OrderLineItemBillingType</option>
                     <option name="required">false</option>
                     <option name="isCopy">true</option>
                     <option name="guid">04fR9piQEr8jbmyLWN9SwT</option>
                  </options>
               </field>
               <field description="" name="tempBillAccount" type="reference">
                  <options>
                     <option name="referenceTo">GHI-ESB-REST:HCOType</option>
                     <option name="required">false</option>
                     <option name="isCopy">true</option>
                     <option name="guid">04fR9piQEr8jbmyLWN9SwT</option>
                  </options>
               </field>
               <field description="" name="tempAddressAffiliationList" type="objectlist">
                  <options>
                     <option name="referenceTo">Salesforce:OSM_Address_Affiliation__c</option>
                     <option hide="true" name="multiSelect">true</option>
                     <option name="required">false</option>
                     <option name="guid">9rhyRDabNHiiDcOu4c64gK</option>
                  </options>
               </field>
               <field description="" name="tempAddressAffiliation" type="reference">
                  <options>
                     <option name="referenceTo">Salesforce:OSM_Address_Affiliation__c</option>
                     <option name="required">false</option>
                     <option name="guid">9rhyRDabNHiiDcOu4c64gK</option>
                  </options>
               </field>
               <field description="" name="tempPostalAddress" type="reference">
                  <options>
                     <option name="referenceTo">GHI-ESB-REST:PostalAddressType</option>
                     <option name="required">false</option>
                     <option name="isCopy">true</option>
                     <option name="guid">04fR9piQEr8jbmyLWN9SwT</option>
                  </options>
               </field>
               <field description="" name="tempPostalAddresses" type="reference">
                  <options>
                     <option name="referenceTo">GHI-ESB-REST:PostalAddresses_AnonymousType</option>
                     <option name="required">false</option>
                     <option name="isCopy">true</option>
                     <option name="guid">04fR9piQEr8jbmyLWN9SwT</option>
                  </options>
               </field>
               <field description="" name="tempAccountTerritory" type="reference">
                  <options>
                     <option name="referenceTo">Salesforce:OSM_Account_Territory_Assignment__c</option>
                     <option name="required">false</option>
                     <option name="guid">9rhyRDabNHiiDcOu4c64gK</option>
                  </options>
               </field>
               <field description=""
                      name="tempAddressAffiliationListPayor"
                      type="objectlist">
                  <options>
                     <option name="referenceTo">Salesforce:OSM_Address_Affiliation__c</option>
                     <option hide="true" name="multiSelect">true</option>
                     <option name="required">false</option>
                     <option name="guid">9rhyRDabNHiiDcOu4c64gK</option>
                  </options>
               </field>
               <field description="" name="tempAddressAffiliationPayor" type="reference">
                  <options>
                     <option name="referenceTo">Salesforce:OSM_Address_Affiliation__c</option>
                     <option name="required">false</option>
                     <option name="guid">9rhyRDabNHiiDcOu4c64gK</option>
                  </options>
               </field>
               <field description="" name="tempTest" type="reference">
                  <options>
                     <option name="referenceTo">GHI-ESB-REST:TestType</option>
                     <option name="required">false</option>
                     <option name="isCopy">true</option>
                     <option name="guid">04fR9piQEr8jbmyLWN9SwT</option>
                  </options>
               </field>
               <field description=""
                      name="tempPostalAddressesInitialize"
                      type="reference">
                  <options>
                     <option name="referenceTo">GHI-ESB-REST:PostalAddresses_AnonymousType</option>
                     <option name="required">false</option>
                     <option name="isCopy">true</option>
                     <option name="guid">04fR9piQEr8jbmyLWN9SwT</option>
                  </options>
               </field>
               <field description="" name="tempOrderLineItems" type="reference">
                  <options>
                     <option name="referenceTo">GHI-ESB-REST:ProcessedOrderLineItems_AnonymousType</option>
                     <option name="required">false</option>
                     <option name="isCopy">true</option>
                     <option name="guid">04fR9piQEr8jbmyLWN9SwT</option>
                  </options>
               </field>
               <field description="" name="tempSpecimenList" type="objectlist">
                  <options>
                     <option name="referenceTo">Salesforce:OSM_Order_Specimen__c</option>
                     <option hide="true" name="multiSelect">true</option>
                     <option name="required">false</option>
                     <option name="guid">9rhyRDabNHiiDcOu4c64gK</option>
                  </options>
               </field>
               <field description="" name="tempSpecimenOLIList" type="objectlist">
                  <options>
                     <option name="referenceTo">Salesforce:OSM_Order_Specimen_OLI__c</option>
                     <option hide="true" name="multiSelect">true</option>
                     <option name="required">false</option>
                     <option name="guid">9rhyRDabNHiiDcOu4c64gK</option>
                  </options>
               </field>
               <field description="" name="tempSpecimenOLI" type="reference">
                  <options>
                     <option name="referenceTo">Salesforce:OSM_Order_Specimen_OLI__c</option>
                     <option name="required">false</option>
                     <option name="guid">9rhyRDabNHiiDcOu4c64gK</option>
                  </options>
               </field>
               <field description="" name="tempSpecimenIDs" type="string">
                  <options>
                     <option name="required">false</option>
                  </options>
               </field>
               <field description="" name="tempSpecimen" type="reference">
                  <options>
                     <option name="referenceTo">Salesforce:OSM_Order_Specimen__c</option>
                     <option name="required">false</option>
                     <option name="guid">9rhyRDabNHiiDcOu4c64gK</option>
                  </options>
               </field>
               <field description="" name="tempSpecimens" type="objectlist">
                  <options>
                     <option name="referenceTo">GHI-ESB-REST:Specimens_AnonymousType</option>
                     <option hide="true" name="multiSelect">true</option>
                     <option name="required">false</option>
                     <option name="isCopy">true</option>
                     <option name="guid">04fR9piQEr8jbmyLWN9SwT</option>
                  </options>
               </field>
               <field description="" name="tempspecimen2" type="reference">
                  <options>
                     <option name="referenceTo">GHI-ESB-REST:Specimens_AnonymousType</option>
                     <option name="required">false</option>
                     <option name="isCopy">true</option>
                     <option name="guid">04fR9piQEr8jbmyLWN9SwT</option>
                  </options>
               </field>
               <field description="" name="IsrunSpecimenDispOnExtPortal" type="boolean">
                  <options>
                     <option name="defaultvalue">false</option>
                     <option name="boolean_show_as">checkbox</option>
                     <option name="required">false</option>
                  </options>
               </field>
               <field description="" name="tempSpecimenEmptyList" type="objectlist">
                  <options>
                     <option name="referenceTo">GHI-ESB-REST:Specimens_AnonymousType</option>
                     <option hide="true" name="multiSelect">true</option>
                     <option name="required">false</option>
                     <option name="isCopy">true</option>
                     <option name="guid">04fR9piQEr8jbmyLWN9SwT</option>
                  </options>
               </field>
               <field description="" name="tempSpecimenIdentifier" type="reference">
                  <options>
                     <option name="referenceTo">GHI-ESB-REST:Identifiers</option>
                     <option name="required">false</option>
                     <option name="isCopy">true</option>
                     <option name="guid">04fR9piQEr8jbmyLWN9SwT</option>
                  </options>
               </field>
               <field description="" name="tempSpecimenIdentifierList" type="reference">
                  <options>
                     <option name="referenceTo">GHI-ESB-REST:Identifiers_AnonymousType</option>
                     <option name="required">false</option>
                     <option name="isCopy">true</option>
                     <option name="guid">04fR9piQEr8jbmyLWN9SwT</option>
                  </options>
               </field>
               <field description=""
                      name="tempEmptySpecimenIdentifierList"
                      type="reference">
                  <options>
                     <option name="referenceTo">GHI-ESB-REST:Identifiers_AnonymousType</option>
                     <option name="required">false</option>
                     <option name="isCopy">true</option>
                     <option name="guid">04fR9piQEr8jbmyLWN9SwT</option>
                  </options>
               </field>
               <field description="" name="tempEstimatedReportDate" type="date">
                  <options>
                     <option name="required">false</option>
                  </options>
               </field>
            </tempFields>
            <notes>User Story 103283:Billing Message Auto generation : FR-BS-115
User Story 303119 : OM: EuroMove - [Integrations] - ProcessedOrderMessage Mapping Updates</notes>
            <deployment skipIfRunning="false" suspendOnFault="false" tracingLevel="verbose">
               <rest/>
            </deployment>
            <flow id="a">
               <start id="b">
                  <link id="l6qkfngq" targetId="l6qkfngp"/>
               </start>
               <subflow id="l6qkfngp">
                  <title>SP-Set-SpecimenDisplayOnExternalPortal</title>
                  <subflowGUID>aDKhlc5HnCQbEYxH0Sjs8E</subflowGUID>
                  <subflowPath>SP-Set-SpecimenDisplayOnExternalPortal</subflowPath>
                  <appliesTo>Salesforce:Order</appliesTo>
                  <appliesToDataName source="field">OrderId</appliesToDataName>
                  <runForEach>false</runForEach>
                  <input/>
                  <outputDef/>
                  <link id="l6qkfngr" targetId="ishaf1ax"/>
               </subflow>
               <assignment id="ishaf1ax">
                  <title>Query OLIs</title>
                  <operation source="list" to="temp.recordOrderLineItems">
                     <query advanceQuery="false" from="Salesforce:OrderItem">
                        <where>OrderId = '{$OrderId}' Order By OSM_Order_Line_Item_ID__c ASC</where>
                     </query>
                  </operation>
                  <link id="ispqx0ym" targetId="ispqx0yl"/>
               </assignment>
               <container id="ispqx0yl" type="exclusive">
                  <title>Check if there are OLIs</title>
                  <flow id="ispqx10g">
                     <assignment id="ispqx10f">
                        <title>Set OLI</title>
                        <operation source="formula" to="temp.recordOrderLineItem">
                           <expression language="XQuery">list:head($temp.recordOrderLineItems)</expression>
                        </operation>
                        <link id="jkdno2j3" targetId="jkdno2j2"/>
                     </assignment>
                     <assignment id="jkdno1oo">
                        <title>OrderLineItem Mapping</title>
                        <operation source="field" to="temp.tempOrderLineItem[1]/State">temp.recordOrderLineItem.OSM_State__c</operation>
                        <operation source="field" to="temp.tempOrderLineItem[1]/Status">temp.recordOrderLineItem.OSM_Order_Line_Item_Status__c</operation>
                        <operation source="field" to="temp.tempOrderLineItem[1]/OrderLineItemId">temp.recordOrderLineItem.OSM_Main_Order_Line_Item_ID__c</operation>
                        <operation source="field" to="temp.tempOrderLineItem[1]/EstimatedReportDate">temp.tempEstimatedReportDate</operation>
                        <operation source="field" to="temp.tempOrderLineItem[1]/PrimarySequenceNumber">temp.recordOrderLineItem.OSM_Primary_Sequence_Number__c</operation>
                        <operation source="field" to="temp.tempOrderLineItem[1]/Specimens">temp.tempSpecimens</operation>
                        <operation source="field" to="temp.tempOrderLineItem[1]/SubmittingDiagnosis">temp.recordOrderLineItem.OSM_Submitting_Diagnosis__c</operation>
                        <operation source="field" to="temp.tempOrderLineItem[1]/specimenCriteriaGroup">output.outSpecimenCriteriaGroup</operation>
                        <link id="jki6my3b" targetId="jkdno1p7"/>
                     </assignment>
                     <assignment id="jkdno1p7">
                        <title>Set tail and Add OrderLineItem</title>
                        <operation source="formula" to="temp.recordOrderLineItems">
                           <expression language="XQuery">list:tail($temp.recordOrderLineItems)</expression>
                        </operation>
                        <operation source="formula"
                                   to="output.output_OrderLineItems[1]/ProcessedOrderLineItem">
                           <function name="list:append">
                              <arg name="dest_field">{$output.output_OrderLineItems[1]/ProcessedOrderLineItem}</arg>
                              <arg name="new_field">{$temp.tempOrderLineItem}</arg>
                           </function>
                        </operation>
                        <link id="jkmm5e76" targetId="jkmm5e75"/>
                     </assignment>
                     <assignment id="jkmm5e75">
                        <title>Assignment to tempSpecimens, tempSpecimenIdentifierList</title>
                        <operation source="field" to="temp.tempSpecimens">temp.tempSpecimenEmptyList</operation>
                        <operation source="field" to="temp.tempSpecimenIdentifierList">temp.tempEmptySpecimenIdentifierList</operation>
                        <link id="jkmm5e77" targetId="jkdno1pn"/>
                     </assignment>
                     <container id="jkdno2j2" type="exclusive">
                        <title>recordOrderLineItem</title>
                        <flow id="jkdno2k7">
                           <container id="l8tg437k" type="exclusive">
                              <title>Resulted Order Specimen ID – Current</title>
                              <flow id="l8tg4386">
                                 <assignment id="l8tg439h">
                                    <title>Assignment to tempSpecimen</title>
                                    <operation source="query" to="temp.tempSpecimen">
                                       <query advanceQuery="false" from="Salesforce:OSM_Order_Specimen__c">
                                          <where>OSM_Order_Specimen_ID__c = '{$temp.recordOrderLineItem.OSM_Resulted_Order_Specimen_ID_Current__r.OSM_Order_Specimen_ID__c}'  LIMIT 1</where>
                                       </query>
                                    </operation>
                                 </assignment>
                                 <link id="l8tg4387" targetId="l8tg437k" type="containerLink"/>
                              </flow>
                              <flow id="l8tg4388">
                                 <assignment id="l8tg43fy">
                                    <title>Assignment to tempSpecimenOLI</title>
                                    <operation source="query" to="temp.tempSpecimenOLI">
                                       <query advanceQuery="false" from="Salesforce:OSM_Order_Specimen_OLI__c">
                                          <where>OSM_OLI_ID__c = '{$temp.recordOrderLineItem}' Order By OSM_Order_Specimen_ID__r.CreatedDate Desc LIMIT 1</where>
                                       </query>
                                    </operation>
                                    <link id="l8tg43rl" targetId="l8tg43rk"/>
                                 </assignment>
                                 <container id="l8tg43rk" type="exclusive">
                                    <title>tempSpecimenOLI</title>
                                    <flow id="l8tg43s5">
                                       <assignment id="l8tg43t1">
                                          <title>Assignment to tempSpecimen</title>
                                          <operation source="field" to="temp.tempSpecimen">temp.tempSpecimenOLI.OSM_Order_Specimen_ID__c</operation>
                                       </assignment>
                                       <link id="l8tg43s6" targetId="l8tg43rk" type="containerLink"/>
                                    </flow>
                                    <flow id="l8tg43s7">
                                       <assignment id="l8tg43tq">
                                          <title>Assignment to tempSpecimen</title>
                                          <operation source="constant" to="temp.tempSpecimen"/>
                                       </assignment>
                                       <link id="l8tg43s8" targetId="l8tg43rk" type="containerLink"/>
                                    </flow>
                                    <link id="l8tg43ry" targetId="l8tg43s5" type="containerLink">
                                       <condition source="formula">
                                          <function name="set">
                                             <arg name="field">{$temp.tempSpecimenOLI}</arg>
                                          </function>
                                       </condition>
                                    </link>
                                    <link id="l8tg43s1" targetId="l8tg43s7" type="containerLink">
                                       <condition source="formula">
                                          <function name="unset">
                                             <arg name="field">{$temp.tempSpecimenOLI}</arg>
                                          </function>
                                       </condition>
                                    </link>
                                 </container>
                                 <link id="l8tg4389" targetId="l8tg437k" type="containerLink"/>
                              </flow>
                              <link id="l8tg437z" targetId="l8tg4386" type="containerLink">
                                 <condition source="formula">
                                    <function name="set">
                                       <arg name="field">{$temp.recordOrderLineItem.OSM_Resulted_Order_Specimen_ID_Current__c}</arg>
                                    </function>
                                 </condition>
                              </link>
                              <link id="l8tg4382" targetId="l8tg4388" type="containerLink">
                                 <condition source="formula">
                                    <function name="unset">
                                       <arg name="field">{$temp.recordOrderLineItem.OSM_Resulted_Order_Specimen_ID_Current__c}</arg>
                                    </function>
                                 </condition>
                              </link>
                              <link id="l8tg43o3" targetId="l8tg43nl"/>
                           </container>
                           <container id="l8tg43nl" type="exclusive">
                              <title>tempSpecimen</title>
                              <flow id="l8tg43nm">
                                 <assignment id="l8tg43nn">
                                    <title>Assignment to Value, temp.tempSpecimenIdentifier[1]/System</title>
                                    <operation source="field" to="temp.tempSpecimenIdentifier[1]/Value">temp.tempSpecimen.OSM_External_Specimen_ID__c</operation>
                                    <operation source="constant" to="temp.tempSpecimenIdentifier[1]/System">ExternalSpecimenId</operation>
                                    <link id="l8tg43nx" targetId="l8tg43no"/>
                                 </assignment>
                                 <assignment id="l8tg43no">
                                    <title>Assignment to tempSpecimenIdentifierList</title>
                                    <operation source="formula" to="temp.tempSpecimenIdentifierList[1]/Identifier">
                                       <function name="list:append">
                                          <arg name="dest_field">{$temp.tempSpecimenIdentifierList[1]/Identifier}</arg>
                                          <arg name="new_field">{$temp.tempSpecimenIdentifier}</arg>
                                       </function>
                                    </operation>
                                    <link id="l8tg43ny" targetId="l8tg43np"/>
                                 </assignment>
                                 <assignment id="l8tg43np">
                                    <title>Assignment to Value, temp.tempSpecimenIdentifier[1]/System</title>
                                    <operation source="field" to="temp.tempSpecimenIdentifier[1]/Value">temp.tempSpecimen.OSM_Master_Specimen_ID_text__c</operation>
                                    <operation source="constant" to="temp.tempSpecimenIdentifier[1]/System">InventoryCode</operation>
                                    <link id="l8tg43nz" targetId="l8tg43nq"/>
                                 </assignment>
                                 <assignment id="l8tg43nq">
                                    <title>Assignment to temp.tempSpecimenIdentifierList[1]/Identifier</title>
                                    <operation source="formula" to="temp.tempSpecimenIdentifierList[1]/Identifier">
                                       <function name="list:append">
                                          <arg name="dest_field">{$temp.tempSpecimenIdentifierList[1]/Identifier}</arg>
                                          <arg name="new_field">{$temp.tempSpecimenIdentifier}</arg>
                                       </function>
                                    </operation>
                                    <link id="l8tg43o0" targetId="l8tg43nr"/>
                                 </assignment>
                                 <assignment id="l8tg43nr">
                                    <title>Assignment to temp.tempspecimen2[1]/SpecimenId, temp.tempspecimen2[1]/DateOfCollection, etc.</title>
                                    <operation source="field" to="temp.tempspecimen2[1]/Specimen[1]/SpecimenId">temp.tempSpecimen.OSM_Main_Order_Specimen_ID__c</operation>
                                    <operation source="field" to="temp.tempspecimen2[1]/Specimen[1]/DateOfCollection">temp.tempSpecimen.OSM_Date_of_Collection__c</operation>
                                    <operation source="field" to="temp.tempspecimen2[1]/Specimen[1]/CreatedOn">temp.tempSpecimen.CreatedDate</operation>
                                    <operation source="field" to="temp.tempspecimen2[1]/Specimen[1]/DisplayToCustomer">temp.tempSpecimen.GHI_Display_On_External_Portal__c</operation>
                                    <operation source="field"
                                               to="temp.tempspecimen2[1]/Specimen[1]/SpecimenIdentifiers">temp.tempSpecimenIdentifierList</operation>
                                    <link id="l8tg43o1" targetId="l8tg43ns"/>
                                 </assignment>
                                 <assignment id="l8tg43ns">
                                    <title>Assignment to tempSpecimenList</title>
                                    <operation source="formula" to="temp.tempSpecimens">
                                       <function name="list:append">
                                          <arg name="dest_field">{$temp.tempSpecimens}</arg>
                                          <arg name="new_field">{$temp.tempspecimen2}</arg>
                                       </function>
                                    </operation>
                                 </assignment>
                                 <link id="l8tg43nw" targetId="l8tg43nl" type="containerLink"/>
                              </flow>
                              <flow id="l8tg43nt">
                                 <link id="l8tg43o2" targetId="l8tg43nl" type="containerLink"/>
                              </flow>
                              <link id="l8tg43nu" targetId="l8tg43nm" type="containerLink">
                                 <condition source="formula">
                                    <function name="set">
                                       <arg name="field">{$temp.tempSpecimen}</arg>
                                    </function>
                                 </condition>
                              </link>
                              <link id="l8tg43nv" targetId="l8tg43nt" type="containerLink">
                                 <condition source="formula">
                                    <function name="unset">
                                       <arg name="field">{$temp.tempSpecimen}</arg>
                                    </function>
                                 </condition>
                              </link>
                              <link id="l8tg43om" targetId="k0nm2w6s"/>
                           </container>
                           <subflow id="k0nm2w6s">
                              <title>INT-EU-Portal-SXDM-SpecimenCriteria</title>
                              <subflowGUID>1Dwd70qj2IOcfq3sEVloEf</subflowGUID>
                              <subflowPath>INT-EU-Portal-SXDM-SpecimenCriteria</subflowPath>
                              <appliesTo>Salesforce:OrderItem</appliesTo>
                              <appliesToDataName source="field">temp.recordOrderLineItem</appliesToDataName>
                              <runForEach>false</runForEach>
                              <input/>
                              <outputDef>
                                 <field name="outSpecimenCriteriaGroup" type="reference">
                                    <options>
                                       <option name="referenceTo">GHI-ESB-REST:specimenCriteriaGroup</option>
                                       <option name="required">false</option>
                                       <option name="isCopy">true</option>
                                       <option name="guid">04fR9piQEr8jbmyLWN9SwT</option>
                                    </options>
                                 </field>
                              </outputDef>
                              <link id="ki76cp68" targetId="ki0275mj"/>
                           </subflow>
                           <assignment id="ki0275mj">
                              <title>tempEstimatedReportDate</title>
                              <operation source="formula" to="temp.tempEstimatedReportDate">
                                 <expression language="XQuery">if($temp.recordOrderLineItem.OSM_Product_Name__c ='IBC' or $temp.recordOrderLineItem.OSM_Product_Name__c = 'DCIS') then 
$temp.recordOrderLineItem.GHI_Estimated_Report_Date_Ext_Portal__c 
else 
$temp.recordOrderLineItem.OSM_Customer_ERD__c </expression>
                              </operation>
                           </assignment>
                           <link id="jkdno2k8" targetId="jkdno2j2" type="containerLink"/>
                        </flow>
                        <flow id="jkdno2ka">
                           <end id="jkdno2o6"/>
                        </flow>
                        <link id="jkdno2k4" targetId="jkdno2k7" type="containerLink">
                           <condition source="formula">
                              <function name="set">
                                 <arg name="field">{$temp.recordOrderLineItem}</arg>
                              </function>
                           </condition>
                        </link>
                        <link id="jkdno2k5" targetId="jkdno2ka" type="containerLink">
                           <condition source="formula">
                              <function name="unset">
                                 <arg name="field">{$temp.recordOrderLineItem}</arg>
                              </function>
                           </condition>
                        </link>
                        <link id="jkdno2n9" targetId="jkdno1oo"/>
                     </container>
                     <jumpTo id="jkdno1pn">
                        <link id="jkdno1po" targetId="ispqx10f"/>
                     </jumpTo>
                  </flow>
                  <flow id="ispqx10j">
                     <end id="istqhlnb">
                        <title>END</title>
                     </end>
                  </flow>
                  <link id="ispqx10d" targetId="ispqx10g" type="containerLink">
                     <condition source="formula">
                        <function name="not-empty">
                           <arg name="field">{$temp.recordOrderLineItems}</arg>
                        </function>
                     </condition>
                  </link>
                  <link id="ispqx10e" targetId="ispqx10j" type="containerLink">
                     <condition source="formula">
                        <function name="empty">
                           <arg name="field">{$temp.recordOrderLineItems}</arg>
                        </function>
                     </condition>
                  </link>
               </container>
            </flow>
         </process>
      </types1:Entry>
      <types1:GUID>6GbXjfYuVXFbhZ40NDb1CD</types1:GUID>
      <types1:DisplayName>INT-EU-Portal-SXDM-OrderLineItem</types1:DisplayName>
   </types1:Item>
   <types1:CurrentServerDateTime>2023-05-18T11:15:42.415Z</types1:CurrentServerDateTime>
</aetgt:getResponse>
