<aetgt:getResponse xmlns:aetgt="http://schemas.active-endpoints.com/appmodules/repository/2010/10/avrepository.xsd"
                   xmlns:types1="http://schemas.active-endpoints.com/appmodules/repository/2010/10/avrepository.xsd">
   <types1:Item>
      <types1:EntryId>1dq2ME9paabdqpw-gt-30187336-2023-01-26T20:47:49.85Z::pd.xml</types1:EntryId>
      <types1:Name>INT-Process-SpecimenResultMessage-Order-Update</types1:Name>
      <types1:ParentFlowIds>ti4WDjz8Uuopz4K-gt-214895230-2023-01-26T20:47:59.318Z::pd.xml</types1:ParentFlowIds>
      <types1:MimeType>application/xml+process</types1:MimeType>
      <types1:Description>User Story 115050:FR-PRI-INTEGRATION-101: Results Ready inbound message

User Story 304584:FR-CASE-NYSPECIMEN-100-1,FR-CASE-NYSPECIMEN-100-2,FR-CASE-NYSPECIMEN-100-3: Results Ready inbound message</types1:Description>
      <types1:AppliesTo>Salesforce:Order</types1:AppliesTo>
      <types1:Tags>115050,FR-PRI-INTEGRATION-101</types1:Tags>
      <types1:VersionLabel>1.0</types1:VersionLabel>
      <types1:State>CURRENT</types1:State>
      <types1:ProcessGroup/>
      <types1:CreatedBy>admin@par15.ghi</types1:CreatedBy>
      <types1:CreationDate>2023-01-26T20:47:50Z</types1:CreationDate>
      <types1:ModifiedBy>admin@par15.ghi</types1:ModifiedBy>
      <types1:ModificationDate>2023-05-16T21:56:09Z</types1:ModificationDate>
      <types1:PublicationStatus>published</types1:PublicationStatus>
      <types1:PublishedBy>admin@par15.ghi</types1:PublishedBy>
      <types1:PublicationDate>2023-05-16T22:11:01Z</types1:PublicationDate>
      <types1:PublishedContributionId>project:/spi.INT-Process-SpecimenResultMessage-Order-Update/INT-Process-SpecimenResultMessage-Order-Update.pd.xml</types1:PublishedContributionId>
      <types1:AutosaveExists>false</types1:AutosaveExists>
      <types1:Entry>
         <process xmlns="http://schemas.active-endpoints.com/appmodules/screenflow/2010/10/avosScreenflow.xsd"
                  xmlns:tfm="http://schemas.active-endpoints.com/appmodules/screenflow/2021/04/taskflowModel.xsd"
                  xmlns:list="urn:activevos:spi:list:functions"
                  displayName="INT-Process-SpecimenResultMessage-Order-Update"
                  name="INT-Process-SpecimenResultMessage-Order-Update"
                  overrideAPIName="false">
            <parameterSet xmlns="http://schemas.active-endpoints.com/appmodules/screenflow/2021/04/taskflowModel.xsd"/>
            <appliesTo>Salesforce:Order</appliesTo>
            <description>User Story 115050:FR-PRI-INTEGRATION-101: Results Ready inbound message

User Story 304584:FR-CASE-NYSPECIMEN-100-1,FR-CASE-NYSPECIMEN-100-2,FR-CASE-NYSPECIMEN-100-3: Results Ready inbound message</description>
            <tags>115050,FR-PRI-INTEGRATION-101</tags>
            <generator>Informatica Process Designer 11</generator>
            <input>
               <parameter description="" name="inExtraStatus" type="string">
                  <options>
                     <option name="required">false</option>
                  </options>
               </parameter>
               <parameter description="" name="inNYSpecimen" type="boolean">
                  <options>
                     <option name="defaultvalue">false</option>
                     <option name="boolean_show_as">checkbox</option>
                     <option name="required">false</option>
                  </options>
               </parameter>
               <parameter description="" name="inSpecimenMessageXml" type="xml">
                  <options>
                     <option name="required">false</option>
                  </options>
               </parameter>
            </input>
            <tempFields>
               <field description="" name="tempLabRegulationExist" type="boolean">
                  <options>
                     <option name="defaultvalue">false</option>
                     <option name="boolean_show_as">checkbox</option>
                     <option name="required">false</option>
                  </options>
               </field>
            </tempFields>
            <notes/>
            <deployment skipIfRunning="false" suspendOnFault="false" tracingLevel="verbose">
               <rest/>
            </deployment>
            <flow id="a">
               <start id="b">
                  <link id="link1" targetId="c"/>
               </start>
               <assignment id="c">
                  <title>Update Order Extra Status</title>
                  <operation source="field" to="OSM_ExTra_Order_Status__c">input.inExtraStatus</operation>
                  <link id="lgf7ve9q" targetId="lgf7ve9p"/>
               </assignment>
               <container id="lgf7ve9p" type="exclusive">
                  <title>NY Specimen</title>
                  <flow id="lgf7ve9t">
                     <container id="lhq8f34z" type="exclusive">
                        <title>inNYSpecimen?</title>
                        <flow id="lhq8f351">
                           <link id="lhq8f352" targetId="lhq8f34z" type="containerLink"/>
                        </flow>
                        <flow id="lhq8f354">
                           <assignment id="lhq8f35q">
                              <title>Update NY Specimen</title>
                              <operation source="field" to="OSM_NY_Specimen__c">input.inNYSpecimen</operation>
                              <link id="lhq8f36v" targetId="lhq8f36u"/>
                           </assignment>
                           <subflow id="lhq8f36u">
                              <title>SP-NY-Specimen-Issue-Case-Creation</title>
                              <subflowGUID>8u3ywHK6lOahh2Zk7ArEyS</subflowGUID>
                              <subflowPath>SP-NY-Specimen-Issue-Case-Creation</subflowPath>
                              <appliesTo>Salesforce:Order</appliesTo>
                              <runForEach>false</runForEach>
                              <input/>
                              <outputDef/>
                           </subflow>
                           <link id="lhq8f355" targetId="lhq8f34z" type="containerLink"/>
                        </flow>
                        <link id="lhq8f350" targetId="lhq8f351" type="containerLink">
                           <condition source="formula">
                              <function name="true">
                                 <arg name="field">{$input.inNYSpecimen}</arg>
                              </function>
                           </condition>
                        </link>
                        <link id="lhq8f353" targetId="lhq8f354" type="containerLink">
                           <condition source="formula">
                              <function name="false">
                                 <arg name="field">{$input.inNYSpecimen}</arg>
                              </function>
                           </condition>
                        </link>
                     </container>
                     <link id="lgf7ve9u" targetId="lgf7ve9p" type="containerLink"/>
                  </flow>
                  <flow id="lgf7ve9w">
                     <container id="lhq8f366" type="exclusive">
                        <title>inNYSpecimen?</title>
                        <flow id="lhq8f368">
                           <jumpTo id="lhq8f38g">
                              <link id="lhq8f38h" targetId="lhq8f35q"/>
                           </jumpTo>
                        </flow>
                        <flow id="lhq8f36b">
                           <link id="lhq8f36c" targetId="lhq8f366" type="containerLink"/>
                        </flow>
                        <link id="lhq8f367" targetId="lhq8f368" type="containerLink">
                           <condition source="formula">
                              <function name="true">
                                 <arg name="field">{$input.inNYSpecimen}</arg>
                              </function>
                           </condition>
                        </link>
                        <link id="lhq8f36a" targetId="lhq8f36b" type="containerLink">
                           <condition source="formula">
                              <function name="false">
                                 <arg name="field">{$input.inNYSpecimen}</arg>
                              </function>
                           </condition>
                        </link>
                     </container>
                     <link id="lgf7ve9x" targetId="lgf7ve9p" type="containerLink"/>
                  </flow>
                  <link id="lgf7ve9s" targetId="lgf7ve9t" type="containerLink">
                     <condition source="formula">
                        <function name="true">
                           <arg name="field">{$OSM_NY_Specimen__c}</arg>
                        </function>
                     </condition>
                  </link>
                  <link id="lhq8f381" targetId="d"/>
                  <link id="lgf7ve9v" targetId="lgf7ve9w" type="containerLink">
                     <condition source="formula">
                        <function name="false">
                           <arg name="field">{$OSM_NY_Specimen__c}</arg>
                        </function>
                     </condition>
                  </link>
               </container>
               <end id="d"/>
            </flow>
         </process>
      </types1:Entry>
      <types1:GUID>aHMzYu3ROJKfFJdfkGvLYB</types1:GUID>
      <types1:DisplayName>INT-Process-SpecimenResultMessage-Order-Update</types1:DisplayName>
   </types1:Item>
   <types1:CurrentServerDateTime>2023-05-18T11:15:43.134Z</types1:CurrentServerDateTime>
</aetgt:getResponse>
