<aetgt:getResponse xmlns:aetgt="http://schemas.active-endpoints.com/appmodules/repository/2010/10/avrepository.xsd"
                   xmlns:types1="http://schemas.active-endpoints.com/appmodules/repository/2010/10/avrepository.xsd">
   <types1:Item>
      <types1:EntryId>ti4WDjz8Uuopz4K-gt-214895230-2023-01-26T20:47:59.318Z::pd.xml</types1:EntryId>
      <types1:Name>INT-XDM-SpecimenResultMessage</types1:Name>
      <types1:ParentFlowIds>8Yp6GcoiRu5V1Fy-gt-215298041-2023-01-26T20:48:46.963Z::pd.xml</types1:ParentFlowIds>
      <types1:MimeType>application/xml+process</types1:MimeType>
      <types1:Description>User Story 304584:FR-CASE-NYSPECIMEN-100-1, FR-CASE-NYSPECIMEN-100-2, FR-CASE-NYSPECIMEN-100-3: OncoExTra - Case Creation Logic Update for ExTra in NYS</types1:Description>
      <types1:AppliesTo/>
      <types1:Tags/>
      <types1:VersionLabel>1.0</types1:VersionLabel>
      <types1:State>CURRENT</types1:State>
      <types1:ProcessGroup/>
      <types1:CreatedBy>admin@par15.ghi</types1:CreatedBy>
      <types1:CreationDate>2023-01-26T20:47:59Z</types1:CreationDate>
      <types1:ModifiedBy>admin@par15.ghi</types1:ModifiedBy>
      <types1:ModificationDate>2023-05-16T21:56:10Z</types1:ModificationDate>
      <types1:PublicationStatus>published</types1:PublicationStatus>
      <types1:PublishedBy>admin@par15.ghi</types1:PublishedBy>
      <types1:PublicationDate>2023-05-16T22:21:02Z</types1:PublicationDate>
      <types1:PublishedContributionId>project:/spi.INT-XDM-SpecimenResultMessage/INT-XDM-SpecimenResultMessage.pd.xml</types1:PublishedContributionId>
      <types1:AutosaveExists>false</types1:AutosaveExists>
      <types1:Entry>
         <process xmlns="http://schemas.active-endpoints.com/appmodules/screenflow/2010/10/avosScreenflow.xsd"
                  xmlns:tfm="http://schemas.active-endpoints.com/appmodules/screenflow/2021/04/taskflowModel.xsd"
                  xmlns:list="urn:activevos:spi:list:functions"
                  displayName="INT-XDM-SpecimenResultMessage"
                  name="INT-XDM-SpecimenResultMessage"
                  overrideAPIName="true">
            <parameterSet xmlns="http://schemas.active-endpoints.com/appmodules/screenflow/2021/04/taskflowModel.xsd"/>
            <appliesTo/>
            <description>User Story 304584:FR-CASE-NYSPECIMEN-100-1, FR-CASE-NYSPECIMEN-100-2, FR-CASE-NYSPECIMEN-100-3: OncoExTra - Case Creation Logic Update for ExTra in NYS</description>
            <tags/>
            <generator>Informatica Process Designer 11</generator>
            <input>
               <parameter description="" name="InOrderUpdateSpecimenResult" type="reference">
                  <options>
                     <option name="referenceTo">$po:OrderResultSpecimenMessage</option>
                     <option name="required">false</option>
                     <option name="isCopy">true</option>
                     <option name="guid">hzrKFQlwwu0gQ7ibO63XMm</option>
                  </options>
               </parameter>
               <parameter description="" name="inICRTMessageLog" type="reference">
                  <options>
                     <option name="referenceTo">Salesforce:ICRT_Message_Log__c</option>
                     <option name="required">false</option>
                     <option name="guid">9rhyRDabNHiiDcOu4c64gK</option>
                  </options>
               </parameter>
               <parameter description="" name="InSpecimenResultXml" type="xml">
                  <options>
                     <option name="required">false</option>
                  </options>
               </parameter>
            </input>
            <tempFields>
               <field description="" name="tempSpecimenDataMessage" type="reference">
                  <options>
                     <option name="referenceTo">$po:SpecimenDataMessage</option>
                     <option name="required">false</option>
                     <option name="isCopy">true</option>
                     <option name="guid">3orTZUqwesZhhN6oMu9jmt</option>
                  </options>
               </field>
               <field description="" name="tempWorkOrderList" type="objectlist">
                  <options>
                     <option name="referenceTo">Salesforce:OSM_Work_Order__c</option>
                     <option hide="true" name="multiSelect">true</option>
                     <option name="required">false</option>
                     <option name="guid">9rhyRDabNHiiDcOu4c64gK</option>
                  </options>
               </field>
               <field description="" name="tempSpecimenXML" type="xml">
                  <options>
                     <option name="required">false</option>
                  </options>
               </field>
               <field description="" name="tempOLIsSpecimenXML" type="string">
                  <options>
                     <option name="required">false</option>
                  </options>
               </field>
               <field description="" name="QueryRequest" type="reference">
                  <options>
                     <option name="referenceTo">SFDC-SOAP-API:Query_AnonymousType</option>
                     <option name="required">false</option>
                     <option name="isCopy">true</option>
                     <option name="guid">3gTBtpXtEeviZDN1JtRxOr</option>
                  </options>
               </field>
               <field description="" name="SessionHeader" type="reference">
                  <options>
                     <option name="referenceTo">SFDC-SOAP-API:SessionHeader_AnonymousType</option>
                     <option name="required">false</option>
                     <option name="isCopy">true</option>
                     <option name="guid">3gTBtpXtEeviZDN1JtRxOr</option>
                  </options>
               </field>
               <field description="" name="tempResultReadyDataMessage" type="reference">
                  <options>
                     <option name="referenceTo">$po:ResultsReadyDataMessage</option>
                     <option name="required">false</option>
                     <option name="isCopy">true</option>
                     <option name="guid">7m107YZtWyDcFKWeghtfMe</option>
                  </options>
               </field>
               <field description="" name="tempOrder" type="reference">
                  <options>
                     <option name="referenceTo">Salesforce:Order</option>
                     <option name="required">false</option>
                     <option name="guid">9rhyRDabNHiiDcOu4c64gK</option>
                  </options>
               </field>
               <field description="" name="tempWorkOrderActiveCount" type="int">
                  <options>
                     <option name="required">false</option>
                     <option name="initialvalue">0</option>
                  </options>
               </field>
               <field description="" name="tempOLIRecordCount" type="int">
                  <options>
                     <option name="required">false</option>
                     <option name="initialvalue">0</option>
                  </options>
               </field>
               <field description="" name="tempOLIforResults" type="string">
                  <options>
                     <option name="required">false</option>
                  </options>
               </field>
               <field description="" name="tempOLIforResult" type="string">
                  <options>
                     <option name="required">false</option>
                  </options>
               </field>
               <field description="" name="tempOLIForResultStatus" type="string">
                  <options>
                     <option name="required">false</option>
                  </options>
               </field>
               <field description="" name="tempResultOLICount" type="int">
                  <options>
                     <option name="required">false</option>
                     <option name="initialvalue">1</option>
                  </options>
               </field>
               <field description="" name="tempRetryCount" type="int">
                  <options>
                     <option name="required">false</option>
                     <option name="initialvalue">0</option>
                  </options>
               </field>
               <field description="" name="tempSpecimenInventoryCode" type="reference">
                  <options>
                     <option name="referenceTo">Salesforce:OSM_Order_Specimen__c</option>
                     <option name="required">false</option>
                     <option name="guid">9rhyRDabNHiiDcOu4c64gK</option>
                  </options>
               </field>
               <field description="" name="tempWorkOrderListResults" type="objectlist">
                  <options>
                     <option name="referenceTo">Salesforce:OSM_Work_Order__c</option>
                     <option hide="true" name="multiSelect">true</option>
                     <option name="required">false</option>
                     <option name="guid">9rhyRDabNHiiDcOu4c64gK</option>
                  </options>
               </field>
               <field description="" name="tempWorkOrderActiveCountResults" type="int">
                  <options>
                     <option name="required">false</option>
                     <option name="initialvalue">0</option>
                  </options>
               </field>
               <field description="" name="tempNYSpecimen" type="boolean">
                  <options>
                     <option name="defaultvalue">false</option>
                     <option name="boolean_show_as">checkbox</option>
                     <option name="required">false</option>
                  </options>
               </field>
               <field description="" name="tempLabRegulationExist" type="boolean">
                  <options>
                     <option name="defaultvalue">false</option>
                     <option name="boolean_show_as">checkbox</option>
                     <option name="required">false</option>
                  </options>
               </field>
            </tempFields>
            <notes/>
            <deployment skipIfRunning="false" suspendOnFault="false" tracingLevel="verbose">
               <rest/>
            </deployment>
            <flow id="a">
               <start id="b">
                  <link id="l88q0xkq" targetId="l88q0xkp"/>
               </start>
               <subflow id="l88q0xkp">
                  <title>ER-Get GHI ICRT Retry Settings</title>
                  <subflowGUID>l4srhfOIvKLgD3l4HRWAyQ</subflowGUID>
                  <subflowPath>ER-Get_GHI_ICRT_Retry_Settings</subflowPath>
                  <runForEach>false</runForEach>
                  <input/>
                  <outputDef>
                     <field name="retryCount" type="int">
                        <options>
                           <option name="required">false</option>
                        </options>
                     </field>
                     <field name="retryDelay" type="double">
                        <options>
                           <option name="required">false</option>
                        </options>
                     </field>
                  </outputDef>
                  <link id="l88q0xkr" targetId="l82tpgi1"/>
               </subflow>
               <assignment id="l82tpgi1">
                  <title>Assignment to tempOrder</title>
                  <operation source="query" to="temp.tempOrder">
                     <query advanceQuery="false" from="Salesforce:Order">
                        <where>OrderNumber = '{$input.InOrderUpdateSpecimenResult[1]/OrderUpdate[1]/OrderID}'</where>
                     </query>
                  </operation>
                  <link id="l82tpgkb" targetId="l82tpgka"/>
               </assignment>
               <container id="l82tpgka" type="exclusive">
                  <title>tempOrder</title>
                  <flow id="l82tpgke">
                     <container id="lgepcrpl" type="exclusive">
                        <title>LabRegulation</title>
                        <flow id="lgepcrpn">
                           <assignment id="lgesz8ps">
                              <title>Assignment to tempNYOrder True</title>
                              <operation source="constant" to="temp.tempNYSpecimen">true</operation>
                           </assignment>
                           <link id="lgepcrpo" targetId="lgepcrpl" type="containerLink"/>
                        </flow>
                        <flow id="lgepcrpq">
                           <assignment id="lhq8doic">
                              <title>Assignment to tempNYOrder False</title>
                              <operation source="constant" to="temp.tempNYSpecimen">false</operation>
                           </assignment>
                           <link id="lgeqllkf" targetId="lgepcrpl" type="containerLink"/>
                        </flow>
                        <link id="lgepcrpm" targetId="lgepcrpn" type="containerLink">
                           <condition source="formula">
                              <function name="string-equals">
                                 <arg name="left">{$input.InOrderUpdateSpecimenResult[1]/OrderUpdate[1]/LabRegulation}</arg>
                                 <arg name="right">NY</arg>
                              </function>
                           </condition>
                        </link>
                        <link id="lgepcrpp" targetId="lgepcrpq" type="containerLink"/>
                     </container>
                     <link id="l82tpgkf" targetId="l82tpgka" type="containerLink"/>
                  </flow>
                  <flow id="l82tpgkh">
                     <throw id="l82tpgl6">
                        <title>No Order Present</title>
                        <throwInput>
                           <parameter name="code" source="constant" updatable="true">400</parameter>
                           <parameter name="detail" source="formula" updatable="true">
                              <expression language="XQuery">fn:concat('Order ', $input.InOrderUpdateSpecimenResult[1]/OrderUpdate[1]/OrderID, ' does not exist.' )</expression>
                           </parameter>
                           <parameter name="reason" source="formula" updatable="true">
                              <expression language="XQuery">fn:concat('Order ', $input.InOrderUpdateSpecimenResult[1]/OrderUpdate[1]/OrderID, ' does not exist.' )</expression>
                           </parameter>
                        </throwInput>
                     </throw>
                  </flow>
                  <link id="l82tpgkd" targetId="l82tpgke" type="containerLink">
                     <condition source="formula">
                        <function name="set">
                           <arg name="field">{$temp.tempOrder}</arg>
                        </function>
                     </condition>
                  </link>
                  <link id="l82tpgkg" targetId="l82tpgkh" type="containerLink">
                     <condition source="formula">
                        <function name="unset">
                           <arg name="field">{$temp.tempOrder}</arg>
                        </function>
                     </condition>
                  </link>
                  <link id="l88q0xbu" targetId="l88q0xli"/>
               </container>
               <container id="l82v0icj" type="exclusive">
                  <title>tempWorkOrderList</title>
                  <flow id="l82v0icn">
                     <assignment id="ldkbnkay">
                        <title>Assignment to tempWorkOrderActiveCount</title>
                        <operation source="formula" to="temp.tempWorkOrderActiveCount">
                           <expression language="XQuery">list:count($temp.tempWorkOrderList) </expression>
                        </operation>
                        <link id="le6ppjl8" targetId="le6ppjl7"/>
                     </assignment>
                     <assignment id="le6pplf2">
                        <title>Assignment to QueryRequest, SessionHeader</title>
                        <operation source="formula" to="temp.QueryRequest">
                           <expression language="XQuery">&lt;Query_AnonymousType&gt;
   &lt;queryString&gt; SELECT Id, OSM_Order_Line_Item_ID__c,                                       OSM_Lab_and_Report_Status__c, OSM_State__c
                 FROM OrderItem  WHERE OSM_Order_Number__c = '{$input.InOrderUpdateSpecimenResult[1]/OrderUpdate[1]/OrderID }'  
  &lt;/queryString&gt;
&lt;/Query_AnonymousType&gt;
</expression>
                        </operation>
                        <operation source="formula" to="temp.SessionHeader">
                           <expression language="XQuery">&lt;SessionHeader_AnonymousType&gt;
   &lt;sessionId&gt;{$output.loginResponse[1]/result[1]/sessionId} &lt;/sessionId&gt;
&lt;/SessionHeader_AnonymousType&gt;
</expression>
                        </operation>
                        <link id="le6pplgy" targetId="le6pplgx"/>
                     </assignment>
                     <assignment id="le6pplit">
                        <title>Assignment to tempOLIRecordCount</title>
                        <operation source="formula" to="temp.tempOLIRecordCount">
                           <expression language="XQuery">list:count($output.queryResponse[1]/result[1]/records)</expression>
                        </operation>
                        <link id="le6pplkv" targetId="le6pplkl"/>
                     </assignment>
                     <assignment id="le6pplml">
                        <title>Assignment to tempWorkOrderListResults</title>
                        <operation source="list" to="temp.tempWorkOrderListResults">
                           <query advanceQuery="false" from="Salesforce:OSM_Work_Order__c">
                              <where>OSM_Order__r.OrderNumber = '{$input.InOrderUpdateSpecimenResult[1]/OrderUpdate[1]/OrderID}'  AND OSM_State__c = 'Active'</where>
                           </query>
                        </operation>
                        <link id="le6pplqz" targetId="le6pploe"/>
                     </assignment>
                     <container id="le6ppjl7" type="exclusive">
                        <title>tempWorkOrderActiveCount</title>
                        <flow id="le6ppjlb">
                           <link id="le6ppjlc" targetId="le6ppjl7" type="containerLink"/>
                        </flow>
                        <flow id="le6ppjle">
                           <assignment id="le6ppjoq">
                              <title>Assignment to tempWorkOrderList</title>
                              <operation source="list" to="temp.tempWorkOrderList">
                                 <query advanceQuery="false" from="Salesforce:OSM_Work_Order__c">
                                    <where>OSM_Order__r.OrderNumber = '{$input.InOrderUpdateSpecimenResult[1]/OrderUpdate[1]/OrderID}'  AND OSM_State__c = 'Active'</where>
                                 </query>
                              </operation>
                              <link id="le6ppjwq" targetId="le6ppjwp"/>
                           </assignment>
                           <assignment id="le6ppjwp">
                              <title>Assignment to tempWorkOrderActiveCount</title>
                              <operation source="formula" to="temp.tempWorkOrderActiveCount">
                                 <expression language="XQuery">list:count($temp.tempWorkOrderList) </expression>
                              </operation>
                              <link id="le6ppjxw" targetId="le6ppjxv"/>
                           </assignment>
                           <container id="le6ppjxv" type="exclusive">
                              <title>tempWorkOrderActiveCount</title>
                              <flow id="le6ppjxy">
                                 <jumpTo id="le6ppkjm">
                                    <link id="le6ppkjn" targetId="l82v0idl"/>
                                 </jumpTo>
                              </flow>
                              <flow id="le6ppjy1">
                                 <assignment id="le6ppk3a">
                                    <title>Assignment to tempWorkOrderList</title>
                                    <operation source="list" to="temp.tempWorkOrderList">
                                       <query advanceQuery="false" from="Salesforce:OSM_Work_Order__c">
                                          <where>OSM_Order__r.OrderNumber = '{$input.InOrderUpdateSpecimenResult[1]/OrderUpdate[1]/OrderID}' Order By CreatedDate DESC  LIMIT 1</where>
                                       </query>
                                    </operation>
                                 </assignment>
                                 <link id="le6ppjy2" targetId="le6ppjxv" type="containerLink"/>
                              </flow>
                              <link id="le6ppjxx" targetId="le6ppjxy" type="containerLink">
                                 <condition source="formula">
                                    <function name="greater-than">
                                       <arg name="left">{$temp.tempWorkOrderActiveCount}</arg>
                                       <arg name="right">{1}</arg>
                                    </function>
                                 </condition>
                              </link>
                              <link id="le6ppjy0" targetId="le6ppjy1" type="containerLink"/>
                           </container>
                           <link id="le6ppjlf" targetId="le6ppjl7" type="containerLink"/>
                        </flow>
                        <link id="le6ppjla" targetId="le6ppjlb" type="containerLink">
                           <condition source="formula">
                              <function name="equals">
                                 <arg name="left">{$temp.tempWorkOrderActiveCount}</arg>
                                 <arg name="right">{1}</arg>
                              </function>
                           </condition>
                        </link>
                        <link id="le6ppjld" targetId="le6ppjle" type="containerLink"/>
                        <link id="le6pplck" targetId="le6pplcj"/>
                     </container>
                     <container id="le6pplkl" type="exclusive">
                        <title>Specimens</title>
                        <flow id="le6pplkm">
                           <assignment id="le6pplkn">
                              <title>Assignment to tempSpecimenXML</title>
                              <operation source="formula" to="temp.tempSpecimenXML">
                                 <expression language="XQuery">&lt;SpecimenDataMessage&gt;
    &lt;SpecimenGroup SpecimenGroupId="{$input.InOrderUpdateSpecimenResult[1]/OrderUpdate[1]/OrderID}"&gt;
        {util:parseXML(util:toXML($input.InOrderUpdateSpecimenResult[1]/OrderUpdate[1]/Specimens))}
         &lt;Orders&gt;
            &lt;Order OrderID="{$input.InOrderUpdateSpecimenResult[1]/OrderUpdate[1]/OrderID }"&gt;
  {
  for $records in $output.queryResponse[1]/result[1]/records
     return 
     &lt;OrderLineItem OrderLineItemID="{$records/OSM_Order_Line_Item_ID__c/text()}"&gt;
                    &lt;WorkOrder WorkOrderID="{$temp.tempWorkOrderList.Name}"/&gt;
                &lt;/OrderLineItem&gt;
            }
            &lt;/Order&gt;
        &lt;/Orders&gt;
     &lt;/SpecimenGroup&gt;
&lt;/SpecimenDataMessage&gt;	</expression>
                              </operation>
                              <link id="le6pplkt" targetId="le6pplko"/>
                           </assignment>
                           <subflow id="le6pplko">
                              <title>INT-XDM-SpecimenMessage</title>
                              <subflowGUID>jR9U0EJZeiMdpPsE4STmew</subflowGUID>
                              <subflowPath>INT-XDM-SpecimenMessage</subflowPath>
                              <runForEach>false</runForEach>
                              <input>
                                 <parameter name="InSpecimenDataMessage" source="field" updatable="true">temp.tempSpecimenXML</parameter>
                                 <parameter name="InProcessingOrderId" source="field">temp.tempOrder.OrderNumber</parameter>
                                 <parameter name="inReturnable" source="constant" updatable="true">true</parameter>
                                 <parameter name="InAvailableForSpecimen" source="constant" updatable="true">true</parameter>
                                 <parameter name="IsExtraOrderUpdate" source="constant" updatable="true">true</parameter>
                              </input>
                              <outputDef>
                                 <field name="outSpecimenGroupId" type="string">
                                    <options>
                                       <option name="required">false</option>
                                    </options>
                                 </field>
                                 <field name="outSample" type="objectlist">
                                    <options>
                                       <option name="referenceTo">Salesforce:Order</option>
                                       <option hide="true" name="multiSelect">true</option>
                                       <option name="required">false</option>
                                       <option name="guid">9rhyRDabNHiiDcOu4c64gK</option>
                                    </options>
                                 </field>
                                 <field name="outTheValue" type="string">
                                    <options>
                                       <option name="required">false</option>
                                    </options>
                                 </field>
                                 <field name="outOrderSpecimeId" type="string">
                                    <options>
                                       <option name="required">false</option>
                                    </options>
                                 </field>
                              </outputDef>
                           </subflow>
                           <link id="le6pplks" targetId="le6pplkl" type="containerLink"/>
                        </flow>
                        <flow id="le6pplkp">
                           <link id="le6pplku" targetId="le6pplkl" type="containerLink"/>
                        </flow>
                        <link id="le6pplkq" targetId="le6pplkm" type="containerLink">
                           <condition source="formula">
                              <function name="set">
                                 <arg name="field">{$input.InOrderUpdateSpecimenResult[1]/OrderUpdate[1]/Specimens}</arg>
                              </function>
                           </condition>
                        </link>
                        <link id="le6pplkr" targetId="le6pplkp" type="containerLink">
                           <condition source="formula">
                              <function name="unset">
                                 <arg name="field">{$input.InOrderUpdateSpecimenResult[1]/OrderUpdate[1]/Specimens}</arg>
                              </function>
                           </condition>
                        </link>
                        <link id="lhio5m3a" targetId="le6pplml"/>
                     </container>
                     <container id="le6pploe" type="exclusive">
                        <title>tempWorkOrderListResults</title>
                        <flow id="le6pplof">
                           <assignment id="le6pplog">
                              <title>Assignment to tempWorkOrderActiveCountResults</title>
                              <operation source="formula" to="temp.tempWorkOrderActiveCountResults">
                                 <expression language="XQuery">list:count($temp.tempWorkOrderListResults)</expression>
                              </operation>
                              <link id="le6pplpt" targetId="le6pploh"/>
                           </assignment>
                           <container id="le6pploh" type="exclusive">
                              <title>tempWorkOrderActiveCountResults</title>
                              <flow id="le6pploi">
                                 <container id="le6pploj" type="exclusive">
                                    <title>ResultsReadyData</title>
                                    <flow id="le6pplok">
                                       <assignment id="le6pplol">
                                          <title>Assignment to tempSpecimenInventoryCode</title>
                                          <operation source="query" to="temp.tempSpecimenInventoryCode">
                                             <query advanceQuery="false" from="Salesforce:OSM_Order_Specimen__c">
                                                <where>OSM_Master_Specimen_ID_text__c = '{$input.InOrderUpdateSpecimenResult[1]/OrderUpdate[1]/ResultsReadyData[1]/InventoryCode}'  AND OSM_Order__r.OrderNumber = '{$temp.tempOrder.OrderNumber}'</where>
                                             </query>
                                          </operation>
                                          <link id="le6pplq0" targetId="le6pplom"/>
                                       </assignment>
                                       <container id="le6pplom" type="exclusive">
                                          <title>tempSpecimenInventoryCode</title>
                                          <flow id="le6pplon">
                                             <container id="le6pploo" type="exclusive">
                                                <title>tempOLIRecordCount</title>
                                                <flow id="le6pplop">
                                                   <assignment id="le6pploq">
                                                      <title>Assignment to tempOLIforResults</title>
                                                      <operation source="field" to="temp.tempOLIforResults">output.queryResponse[1]/result[1]/records</operation>
                                                      <link id="le6pplq7" targetId="le6pplor"/>
                                                   </assignment>
                                                   <container id="le6pplor" type="exclusive">
                                                      <title>tempOLIforResults</title>
                                                      <flow id="le6pplos">
                                                         <assignment id="le6pplot">
                                                            <title>Assignment to tempOLIforResult, tempOLIForResultStatus</title>
                                                            <operation source="formula" to="temp.tempOLIforResult">
                                                               <expression language="XQuery">data($temp.tempOLIforResults[position()=$temp.tempResultOLICount]//OSM_Order_Line_Item_ID__c)</expression>
                                                            </operation>
                                                            <operation source="formula" to="temp.tempOLIForResultStatus">
                                                               <expression language="XQuery">data($temp.tempOLIforResults[position()=$temp.tempResultOLICount]//OSM_State__c)</expression>
                                                            </operation>
                                                            <link id="le6pplqa" targetId="le6pplou"/>
                                                         </assignment>
                                                         <assignment id="le6pplpg">
                                                            <title>Assignment to tempResultOLICount</title>
                                                            <operation source="formula" to="temp.tempResultOLICount">
                                                               <expression language="XQuery">$temp.tempResultOLICount + 1</expression>
                                                            </operation>
                                                            <link id="le6pplqt" targetId="le6pplph"/>
                                                         </assignment>
                                                         <container id="le6pplou" type="exclusive">
                                                            <title>tempOLIForResultStatus</title>
                                                            <flow id="le6pplov">
                                                               <eventContainer id="le6pplow">
                                                                  <subflow id="le6pplpe">
                                                                     <title>INT-Process-SpecimenResultMessage-OLI-Update</title>
                                                                     <subflowGUID>dZYFqHX0Te3fRVhdOdrJAD</subflowGUID>
                                                                     <subflowPath>INT-Process-SpecimenResultMessage-OLI-Update</subflowPath>
                                                                     <appliesTo>Salesforce:OrderItem</appliesTo>
                                                                     <appliesToDataName source="query">
                                                                        <query from="Salesforce:OrderItem">
                                                                           <where>OSM_Order_Line_Item_ID__c = '{$temp.tempOLIforResult}'</where>
                                                                        </query>
                                                                     </appliesToDataName>
                                                                     <runForEach>false</runForEach>
                                                                     <input>
                                                                        <parameter name="inIHCSuccessfullRuns" source="field" updatable="true">input.InOrderUpdateSpecimenResult[1]/OrderUpdate[1]/ResultsReadyData[1]/NumberOfIHCSuccessfulRuns</parameter>
                                                                     </input>
                                                                     <outputDef/>
                                                                  </subflow>
                                                                  <flow id="le6pplox">
                                                                     <assignment id="le6pploy">
                                                                        <title>Assignment to OrderId, LabTaskId etc.</title>
                                                                        <operation source="field"
                                                                                   to="temp.tempResultReadyDataMessage[1]/ResultsReadyData[1]/OrderId">input.InOrderUpdateSpecimenResult[1]/OrderUpdate[1]/OrderID</operation>
                                                                        <operation source="field"
                                                                                   to="temp.tempResultReadyDataMessage[1]/ResultsReadyData[1]/LabTaskId">temp.tempWorkOrderListResults.Name</operation>
                                                                        <operation source="field"
                                                                                   to="temp.tempResultReadyDataMessage[1]/ResultsReadyData[1]/WorkOrderId">temp.tempWorkOrderListResults.Name</operation>
                                                                        <operation source="field"
                                                                                   to="temp.tempResultReadyDataMessage[1]/ResultsReadyData[1]/OrderLineItemId">temp.tempOLIforResult</operation>
                                                                        <operation source="field"
                                                                                   to="temp.tempResultReadyDataMessage[1]/ResultsReadyData[1]/InventoryCode">input.InOrderUpdateSpecimenResult[1]/OrderUpdate[1]/ResultsReadyData[1]/InventoryCode</operation>
                                                                        <operation source="field"
                                                                                   to="temp.tempResultReadyDataMessage[1]/ResultsReadyData[1]/ResultsApprovalDate">input.InOrderUpdateSpecimenResult[1]/OrderUpdate[1]/ResultsReadyData[1]/ResultsApprovalDate</operation>
                                                                        <operation source="constant"
                                                                                   to="temp.tempResultReadyDataMessage[1]/ResultsReadyData[1]/Current">true</operation>
                                                                        <operation source="constant"
                                                                                   to="temp.tempResultReadyDataMessage[1]/ResultsReadyData[1]/ResultsDisposition">Results</operation>
                                                                        <operation source="field"
                                                                                   to="temp.tempResultReadyDataMessage[1]/ResultsReadyData[1]/LabSiteId">input.InOrderUpdateSpecimenResult[1]/OrderUpdate[1]/ResultsReadyData[1]/LabSiteId</operation>
                                                                        <operation source="formula"
                                                                                   to="temp.tempResultReadyDataMessage[1]/ResultsReadyData[1]/IsCorrected">
                                                                           <expression language="XQuery">if($input.InOrderUpdateSpecimenResult[1]/OrderUpdate[1]/ResultsReadyData[1]/RevisionReason  = 'CORRECTED' or $input.InOrderUpdateSpecimenResult[1]/OrderUpdate[1]/ResultsReadyData[1]/RevisionReason  = 'Corrected') then 
fn:true()
else
fn:false()</expression>
                                                                        </operation>
                                                                        <link id="le6pplqi" targetId="le6pploz"/>
                                                                     </assignment>
                                                                     <subflow id="le6pploz">
                                                                        <title>INT-Process-ResultsReadyData-Message</title>
                                                                        <subflowGUID>5K79atOfKt6cDLU7mtK3CZ</subflowGUID>
                                                                        <subflowPath>INT-Process-ResultsReadyData-Message</subflowPath>
                                                                        <runForEach>false</runForEach>
                                                                        <input>
                                                                           <parameter name="ResultsReadyDataMessage" source="field" updatable="true">temp.tempResultReadyDataMessage</parameter>
                                                                           <parameter name="isAmended" source="formula" updatable="true">
                                                                              <expression language="XQuery">if($input.InOrderUpdateSpecimenResult[1]/OrderUpdate[1]/ResultsReadyData[1]/RevisionReason  = 'Amended' or $input.InOrderUpdateSpecimenResult[1]/OrderUpdate[1]/ResultsReadyData[1]/RevisionReason  = 'AMENDED' ) then 
fn:true()
else
fn:false()</expression>
                                                                           </parameter>
                                                                           <parameter name="inMyAnalyticsReportID" source="field" updatable="true">input.InOrderUpdateSpecimenResult[1]/OrderUpdate[1]/ResultsReadyData[1]/MyAnalyticsReportID</parameter>
                                                                        </input>
                                                                        <outputDef/>
                                                                     </subflow>
                                                                     <link id="le6pplqh" targetId="le6pplow" type="containerLink"/>
                                                                  </flow>
                                                                  <flow id="le6pplp0">
                                                                     <container id="le6pplp1" type="exclusive">
                                                                        <title>Check for Lock Row Error 1</title>
                                                                        <flow id="le6pplp2">
                                                                           <container id="le6pplp3" type="exclusive">
                                                                              <title>Check Retry Count  1</title>
                                                                              <flow id="le6pplp4">
                                                                                 <throw id="le6pplp5">
                                                                                    <throwInput>
                                                                                       <parameter name="code" source="constant" updatable="true">Error updating OLI</parameter>
                                                                                       <parameter name="detail" source="constant" updatable="true">OrderUpdateMessage Error updating OLI</parameter>
                                                                                       <parameter name="reason" source="constant" updatable="true">OrderUpdateMessage Error updating OLI</parameter>
                                                                                    </throwInput>
                                                                                 </throw>
                                                                              </flow>
                                                                              <flow id="le6pplp6">
                                                                                 <wait id="le6pplp7">
                                                                                    <duration source="formula">
                                                                                       <function name="duration_expression">
                                                                                          <arg name="value">{$output.retryDelay} </arg>
                                                                                          <arg name="scale">S</arg>
                                                                                          <arg name="businessDays"/>
                                                                                       </function>
                                                                                    </duration>
                                                                                    <link id="le6pplqo" targetId="le6pplp8"/>
                                                                                 </wait>
                                                                                 <assignment id="le6pplp8">
                                                                                    <title>Assignment to tempRetryCount 1</title>
                                                                                    <operation source="formula" to="temp.tempRetryCount">
                                                                                       <expression language="XQuery">$temp.tempRetryCount + 1</expression>
                                                                                    </operation>
                                                                                    <link id="le6pplqp" targetId="le6pplp9"/>
                                                                                 </assignment>
                                                                                 <jumpTo id="le6pplp9">
                                                                                    <link id="le6pplqq" targetId="le6pplow"/>
                                                                                 </jumpTo>
                                                                              </flow>
                                                                              <link id="le6pplqm" targetId="le6pplp4" type="containerLink">
                                                                                 <condition source="formula">
                                                                                    <function name="greater-than">
                                                                                       <arg name="left">{$temp.tempRetryCount}</arg>
                                                                                       <arg name="right">{$output.retryCount}</arg>
                                                                                    </function>
                                                                                 </condition>
                                                                              </link>
                                                                              <link id="le6pplqn" targetId="le6pplp6" type="containerLink"/>
                                                                           </container>
                                                                        </flow>
                                                                        <flow id="le6pplpa">
                                                                           <jumpTo id="le6pplpb">
                                                                              <link id="le6pplqr" targetId="le6pplp3"/>
                                                                           </jumpTo>
                                                                        </flow>
                                                                        <flow id="le6pplpc">
                                                                           <throw id="le6pplpd">
                                                                              <throwInput>
                                                                                 <parameter name="code" source="constant" updatable="true">Error updating OLI</parameter>
                                                                                 <parameter name="detail" source="constant" updatable="true">OrderUpdateMessage Error updating OLI</parameter>
                                                                                 <parameter name="reason" source="constant" updatable="true">OrderUpdateMessage Error updating OLI</parameter>
                                                                              </throwInput>
                                                                           </throw>
                                                                        </flow>
                                                                        <link id="le6pplqj" targetId="le6pplp2" type="containerLink">
                                                                           <condition source="formula">
                                                                              <function name="contains">
                                                                                 <arg name="left">{$output.faultInfo[1]/reason}</arg>
                                                                                 <arg name="right">UNABLE_TO_LOCK_ROW</arg>
                                                                              </function>
                                                                           </condition>
                                                                        </link>
                                                                        <link id="le6pplqk" targetId="le6pplpa" type="containerLink">
                                                                           <condition source="formula">
                                                                              <function name="contains">
                                                                                 <arg name="left">{$output.faultInfo[1]/reason}</arg>
                                                                                 <arg name="right">unable to obtain exclusive access to this record</arg>
                                                                              </function>
                                                                           </condition>
                                                                        </link>
                                                                        <link id="le6pplql" targetId="le6pplpc" type="containerLink"/>
                                                                     </container>
                                                                  </flow>
                                                                  <link id="le6pplqf" targetId="le6pplox" type="containerLink"/>
                                                                  <events>
                                                                     <catch faultField="faultInfo" id="l88q0yh6" interrupting="true">
                                                                        <link id="le6pplqg" targetId="le6pplp0" type="containerLink"/>
                                                                     </catch>
                                                                  </events>
                                                               </eventContainer>
                                                               <link id="le6pplqe" targetId="le6pplou" type="containerLink"/>
                                                            </flow>
                                                            <flow id="le6pplpf">
                                                               <link id="le6pplqs" targetId="le6pplou" type="containerLink"/>
                                                            </flow>
                                                            <link id="le6pplqb" targetId="le6pplov" type="containerLink">
                                                               <condition source="formula">
                                                                  <function name="string-equals">
                                                                     <arg name="left">{$temp.tempOLIForResultStatus}</arg>
                                                                     <arg name="right">Active</arg>
                                                                  </function>
                                                               </condition>
                                                            </link>
                                                            <link id="le6pplqc" targetId="le6pplpf" type="containerLink"/>
                                                            <link id="le6pplqd" targetId="le6pplpg"/>
                                                         </container>
                                                         <jumpTo id="le6pplph">
                                                            <link id="le6pplqu" targetId="le6pplor"/>
                                                         </jumpTo>
                                                      </flow>
                                                      <flow id="le6pplpi">
                                                         <link id="le6pplqv" targetId="le6pplor" type="containerLink"/>
                                                      </flow>
                                                      <link id="le6pplq8" targetId="le6pplos" type="containerLink">
                                                         <condition source="formula">
                                                            <function name="less-or-equals">
                                                               <arg name="left">{$temp.tempResultOLICount}</arg>
                                                               <arg name="right">{$temp.tempOLIRecordCount }</arg>
                                                            </function>
                                                         </condition>
                                                      </link>
                                                      <link id="le6pplq9" targetId="le6pplpi" type="containerLink"/>
                                                   </container>
                                                   <link id="le6pplq6" targetId="le6pploo" type="containerLink"/>
                                                </flow>
                                                <flow id="le6pplpj">
                                                   <link id="le6pplqw" targetId="le6pploo" type="containerLink"/>
                                                </flow>
                                                <link id="le6pplq4" targetId="le6pplop" type="containerLink">
                                                   <condition source="formula">
                                                      <function name="greater-than">
                                                         <arg name="left">{$temp.tempOLIRecordCount}</arg>
                                                         <arg name="right">{0}</arg>
                                                      </function>
                                                   </condition>
                                                </link>
                                                <link id="le6pplq5" targetId="le6pplpj" type="containerLink"/>
                                             </container>
                                             <link id="le6pplq3" targetId="le6pplom" type="containerLink"/>
                                          </flow>
                                          <flow id="le6pplpk">
                                             <throw id="le6pplpl">
                                                <title>Specimen not found</title>
                                                <throwInput>
                                                   <parameter name="code" source="constant" updatable="true">400</parameter>
                                                   <parameter name="detail" source="constant" updatable="true">Order Specimen matching the Inventory code specified for the result does not exist</parameter>
                                                   <parameter name="reason" source="constant" updatable="true">Order Specimen matching the Inventory code specified for the result does not exist</parameter>
                                                </throwInput>
                                             </throw>
                                          </flow>
                                          <link id="le6pplq1" targetId="le6pplon" type="containerLink">
                                             <condition source="formula">
                                                <function name="set">
                                                   <arg name="field">{$temp.tempSpecimenInventoryCode}</arg>
                                                </function>
                                             </condition>
                                          </link>
                                          <link id="le6pplq2" targetId="le6pplpk" type="containerLink">
                                             <condition source="formula">
                                                <function name="unset">
                                                   <arg name="field">{$temp.tempSpecimenInventoryCode}</arg>
                                                </function>
                                             </condition>
                                          </link>
                                       </container>
                                       <link id="le6pplpz" targetId="le6pploj" type="containerLink"/>
                                    </flow>
                                    <flow id="le6pplpm">
                                       <link id="le6pplqx" targetId="le6pploj" type="containerLink"/>
                                    </flow>
                                    <link id="le6pplpx" targetId="le6pplok" type="containerLink">
                                       <condition source="formula">
                                          <function name="set">
                                             <arg name="field">{$input.InOrderUpdateSpecimenResult[1]/OrderUpdate[1]/ResultsReadyData}</arg>
                                          </function>
                                       </condition>
                                    </link>
                                    <link id="le6pplpy" targetId="le6pplpm" type="containerLink">
                                       <condition source="formula">
                                          <function name="unset">
                                             <arg name="field">{$input.InOrderUpdateSpecimenResult[1]/OrderUpdate[1]/ResultsReadyData}</arg>
                                          </function>
                                       </condition>
                                    </link>
                                 </container>
                                 <link id="le6pplpw" targetId="le6pploh" type="containerLink"/>
                              </flow>
                              <flow id="le6pplpn">
                                 <throw id="le6pplpo">
                                    <title>Multiple Work Order Exist</title>
                                    <throwInput>
                                       <parameter name="code" source="constant" updatable="true">400</parameter>
                                       <parameter name="detail" source="constant" updatable="true">Multiple active work orders exist</parameter>
                                       <parameter name="reason" source="constant" updatable="true">Multiple active work orders exist</parameter>
                                    </throwInput>
                                 </throw>
                              </flow>
                              <link id="le6pplpu" targetId="le6pploi" type="containerLink">
                                 <condition source="formula">
                                    <function name="equals">
                                       <arg name="left">{$temp.tempWorkOrderActiveCountResults}</arg>
                                       <arg name="right">{1}</arg>
                                    </function>
                                 </condition>
                              </link>
                              <link id="le6pplpv" targetId="le6pplpn" type="containerLink"/>
                           </container>
                           <link id="le6pplps" targetId="le6pploe" type="containerLink"/>
                        </flow>
                        <flow id="le6pplpp">
                           <link id="le6pplqy" targetId="le6pploe" type="containerLink"/>
                        </flow>
                        <link id="le6pplpq" targetId="le6pplof" type="containerLink">
                           <condition source="formula">
                              <function name="not-empty">
                                 <arg name="field">{$temp.tempWorkOrderListResults}</arg>
                              </function>
                           </condition>
                        </link>
                        <link id="le6pplpr" targetId="le6pplpp" type="containerLink">
                           <condition source="formula">
                              <function name="empty">
                                 <arg name="field">{$temp.tempWorkOrderListResults}</arg>
                              </function>
                           </condition>
                        </link>
                        <link id="le6ppm1l" targetId="le6ppm1k"/>
                     </container>
                     <service id="le6pplcj">
                        <title>login</title>
                        <serviceName>SFDC-SOAP-API:login</serviceName>
                        <serviceGUID>3gTBtpXtEeviZDN1JtRxOr</serviceGUID>
                        <serviceInput/>
                        <link id="le6pplf3" targetId="le6pplf2"/>
                     </service>
                     <service id="le6pplgx">
                        <title>query</title>
                        <serviceName>SFDC-SOAP-API:query</serviceName>
                        <serviceGUID>3gTBtpXtEeviZDN1JtRxOr</serviceGUID>
                        <serviceInput>
                           <parameter name="serverUrl" source="field" updatable="true">output.loginResponse[1]/result[1]/serverUrl</parameter>
                           <parameter name="query" source="field">temp.QueryRequest</parameter>
                           <parameter name="SessionHeader" source="field">temp.SessionHeader</parameter>
                        </serviceInput>
                        <link id="le6ppliu" targetId="le6pplit"/>
                     </service>
                     <end id="le6ppm1k">
                        <title>End</title>
                     </end>
                  </flow>
                  <flow id="l82v0icq">
                     <throw id="l82v0idl">
                        <title>No or multiple Work Order</title>
                        <throwInput>
                           <parameter name="code" source="constant" updatable="true">400</parameter>
                           <parameter name="detail" source="constant" updatable="true">Either no work order exists, or multiple active work orders exist</parameter>
                           <parameter name="reason" source="constant" updatable="true">Either no work order exists, or multiple active work orders exist</parameter>
                        </throwInput>
                     </throw>
                  </flow>
                  <link id="l82v0icm" targetId="l82v0icn" type="containerLink">
                     <condition source="formula">
                        <function name="not-empty">
                           <arg name="field">{$temp.tempWorkOrderList}</arg>
                        </function>
                     </condition>
                  </link>
                  <link id="l82v0icp" targetId="l82v0icq" type="containerLink">
                     <condition source="formula">
                        <function name="empty">
                           <arg name="field">{$temp.tempWorkOrderList}</arg>
                        </function>
                     </condition>
                  </link>
               </container>
               <eventContainer id="l88q0xli">
                  <subflow id="l88q0xbf">
                     <title>INT-Process-SpecimenResultMessage-Order-Update</title>
                     <subflowGUID>aHMzYu3ROJKfFJdfkGvLYB</subflowGUID>
                     <subflowPath>INT-Process-SpecimenResultMessage-Order-Update</subflowPath>
                     <appliesTo>Salesforce:Order</appliesTo>
                     <appliesToDataName source="field">temp.tempOrder</appliesToDataName>
                     <runForEach>false</runForEach>
                     <input>
                        <parameter name="inExtraStatus" source="field" updatable="true">input.InOrderUpdateSpecimenResult[1]/OrderUpdate[1]/ExtraOrderStatus</parameter>
                        <parameter name="inNYSpecimen" source="field" updatable="true">temp.tempNYSpecimen</parameter>
                        <parameter name="inSpecimenMessageXml" source="field" updatable="true">input.InSpecimenResultXml</parameter>
                     </input>
                     <outputDef/>
                  </subflow>
                  <flow id="l88q0xlk">
                     <assignment id="l88q0z3c">
                        <title>Assignment to tempWorkOrder, tempRetryCount</title>
                        <operation source="list" to="temp.tempWorkOrderList">
                           <query advanceQuery="false" from="Salesforce:OSM_Work_Order__c">
                              <where>OSM_Order__r.OrderNumber = '{$input.InOrderUpdateSpecimenResult[1]/OrderUpdate[1]/OrderID}' Order By CreatedDate DESC </where>
                           </query>
                        </operation>
                        <operation source="constant" to="temp.tempRetryCount">0</operation>
                     </assignment>
                     <link id="l88q0xll" targetId="l88q0xli" type="containerLink"/>
                  </flow>
                  <flow id="l88q0xln">
                     <container id="l88q0xnf" type="exclusive">
                        <title>Check for Lock Row Error</title>
                        <flow id="l88q0xng">
                           <container id="l88q0xnh" type="exclusive">
                              <title>Check Retry Count </title>
                              <flow id="l88q0xni">
                                 <throw id="l88q0xnk">
                                    <throwInput>
                                       <parameter name="code" source="constant" updatable="true">Error updating Order Extra Status</parameter>
                                       <parameter name="detail" source="constant" updatable="true">OrderUpdateMessage Error updating Order Extra Status</parameter>
                                       <parameter name="reason" source="constant" updatable="true">OrderUpdateMessage Error updating Order Extra Status</parameter>
                                    </throwInput>
                                 </throw>
                              </flow>
                              <flow id="l88q0xnl">
                                 <wait id="l88q0xnm">
                                    <duration source="formula">
                                       <function name="duration_expression">
                                          <arg name="value">{$output.retryDelay} </arg>
                                          <arg name="scale">S</arg>
                                          <arg name="businessDays"/>
                                       </function>
                                    </duration>
                                    <link id="l88q0xo0" targetId="l88q0xnn"/>
                                 </wait>
                                 <assignment id="l88q0xnn">
                                    <title>Assignment to tempRetryCount</title>
                                    <operation source="formula" to="temp.tempRetryCount">
                                       <expression language="XQuery">$temp.tempRetryCount + 1</expression>
                                    </operation>
                                    <link id="l88q0xo1" targetId="l88q0xno"/>
                                 </assignment>
                                 <jumpTo id="l88q0xno">
                                    <link id="l88q0xo2" targetId="l88q0xli"/>
                                 </jumpTo>
                              </flow>
                              <link id="l88q0xnx" targetId="l88q0xni" type="containerLink">
                                 <condition source="formula">
                                    <function name="greater-than">
                                       <arg name="left">{$temp.tempRetryCount}</arg>
                                       <arg name="right">{$output.retryCount}</arg>
                                    </function>
                                 </condition>
                              </link>
                              <link id="l88q0xny" targetId="l88q0xnl" type="containerLink"/>
                           </container>
                        </flow>
                        <flow id="l88q0xnp">
                           <jumpTo id="l88q0xnq">
                              <link id="l88q0xo3" targetId="l88q0xnh"/>
                           </jumpTo>
                        </flow>
                        <flow id="l88q0xnr">
                           <throw id="l88q0xnt">
                              <throwInput>
                                 <parameter name="code" source="constant" updatable="true">Error updating Order Extra Status</parameter>
                                 <parameter name="detail" source="constant" updatable="true">OrderUpdateMessage Error updating Order Extra Status</parameter>
                                 <parameter name="reason" source="constant" updatable="true">OrderUpdateMessage Error updating Order Extra Status</parameter>
                              </throwInput>
                           </throw>
                        </flow>
                        <link id="l88q0xnu" targetId="l88q0xng" type="containerLink">
                           <condition source="formula">
                              <function name="contains">
                                 <arg name="left">{$output.faultInfo[1]/reason}</arg>
                                 <arg name="right">UNABLE_TO_LOCK_ROW</arg>
                              </function>
                           </condition>
                        </link>
                        <link id="l88q0xnv" targetId="l88q0xnp" type="containerLink">
                           <condition source="formula">
                              <function name="contains">
                                 <arg name="left">{$output.faultInfo[1]/reason}</arg>
                                 <arg name="right">unable to obtain exclusive access to this record</arg>
                              </function>
                           </condition>
                        </link>
                        <link id="l88q0xnw" targetId="l88q0xnr" type="containerLink"/>
                     </container>
                  </flow>
                  <link id="l88q0xlj" targetId="l88q0xlk" type="containerLink"/>
                  <link id="l88q0z3b" targetId="l82v0icj"/>
                  <events>
                     <catch faultField="faultInfo" id="l88q0xlf" interrupting="true">
                        <link id="l88q0xlm" targetId="l88q0xln" type="containerLink"/>
                     </catch>
                  </events>
               </eventContainer>
            </flow>
         </process>
      </types1:Entry>
      <types1:GUID>hGuORobbfKCcJNzGj8vtyX</types1:GUID>
      <types1:DisplayName>INT-XDM-SpecimenResultMessage</types1:DisplayName>
   </types1:Item>
   <types1:CurrentServerDateTime>2023-05-18T11:15:44.585Z</types1:CurrentServerDateTime>
</aetgt:getResponse>
