<aetgt:getResponse xmlns:aetgt="http://schemas.active-endpoints.com/appmodules/repository/2010/10/avrepository.xsd"
                   xmlns:types1="http://schemas.active-endpoints.com/appmodules/repository/2010/10/avrepository.xsd">
   <types1:Item>
      <types1:EntryId>1huaa-gt-15163407-2019-03-07T20:35:16.843Z::pd.xml</types1:EntryId>
      <types1:Name>INT-MP-Send-Billing-Message-Main</types1:Name>
      <types1:ParentFlowIds>3duR55aaabdqpw0-gt-15162243-2019-03-07T20:35:00.588Z::pd.xml,3saabclvAhrswVY-gt-15162465-2019-03-07T20:35:03.387Z::pd.xml,A6CjqFVNN5Kaaab-gt-356834837-2019-07-11T21:35:04.242Z::pd.xml,beIXycotFgpKi9z-gt-15164049-2019-03-07T20:35:28.027Z::pd.xml,eCUP9WYVMPINciZ-gt-15161655-2019-03-07T20:34:55.068Z::pd.xml,hHRvsGRvDINciZB-gt-15162009-2019-03-07T20:34:58.124Z::pd.xml,HVbchzt1Y6tMFyg-gt-15163863-2019-03-07T20:35:24.536Z::pd.xml,NEWNTrKkQIW3Ni7-gt-15160003-2019-03-07T20:31:45.636Z::gt.xml,oyRUDv2vSx0aa-gt-15162021-2019-03-07T20:34:58.232Z::pd.xml,UWplp6oIuQaaabc-gt-15162741-2019-03-07T20:35:06.975Z::pd.xml,w5Tv0CR3aaa-gt-15160075-2019-03-07T20:31:46.359Z::gt.xml</types1:ParentFlowIds>
      <types1:MimeType>application/xml+process</types1:MimeType>
      <types1:Description>Main Process to initiate Integration Processing for sending the outbound Billing Data Message</types1:Description>
      <types1:AppliesTo>Salesforce:OrderItem</types1:AppliesTo>
      <types1:Tags>103283,BillingDataMessage,FR-BS-115,Integration,XML Conversion,XML Message Generation</types1:Tags>
      <types1:VersionLabel>1.0</types1:VersionLabel>
      <types1:State>CURRENT</types1:State>
      <types1:ProcessGroup/>
      <types1:CreatedBy>admin@001e08.ghi</types1:CreatedBy>
      <types1:CreationDate>2019-03-07T20:35:16Z</types1:CreationDate>
      <types1:ModifiedBy>admin@par15.ghi</types1:ModifiedBy>
      <types1:ModificationDate>2023-05-01T22:23:43Z</types1:ModificationDate>
      <types1:PublicationStatus>published</types1:PublicationStatus>
      <types1:PublishedBy>admin@par15.ghi</types1:PublishedBy>
      <types1:PublicationDate>2023-05-16T22:16:01Z</types1:PublicationDate>
      <types1:PublishedContributionId>project:/spi.INT-MP-Send-Billing-Message-Main/INT-MP-Send-Billing-Message-Main.pd.xml</types1:PublishedContributionId>
      <types1:AutosaveExists>false</types1:AutosaveExists>
      <types1:Entry>
         <process xmlns="http://schemas.active-endpoints.com/appmodules/screenflow/2010/10/avosScreenflow.xsd"
                  xmlns:tfm="http://schemas.active-endpoints.com/appmodules/screenflow/2021/04/taskflowModel.xsd"
                  xmlns:list="urn:activevos:spi:list:functions"
                  displayName="INT-MP-Send-Billing-Message-Main"
                  name="INT-MP-Send-Billing-Message-Main">
            <parameterSet xmlns="http://schemas.active-endpoints.com/appmodules/screenflow/2021/04/taskflowModel.xsd"/>
            <appliesTo>Salesforce:OrderItem</appliesTo>
            <description>Main Process to initiate Integration Processing for sending the outbound Billing Data Message</description>
            <tags>103283,BillingDataMessage,FR-BS-115,Integration,XML Conversion,XML Message Generation</tags>
            <generator>Informatica Process Designer 11</generator>
            <input>
               <parameter description="" name="InCaseId" type="reference">
                  <options>
                     <option name="referenceTo">Salesforce:Case</option>
                     <option name="required">false</option>
                     <option name="guid">9rhyRDabNHiiDcOu4c64gK</option>
                  </options>
               </parameter>
               <parameter description="" name="InUpdate" type="boolean">
                  <options>
                     <option name="defaultvalue">false</option>
                     <option name="boolean_show_as">checkbox</option>
                     <option name="required">false</option>
                  </options>
               </parameter>
               <parameter description="" name="InMessageInstanceId" type="string">
                  <options>
                     <option name="required">false</option>
                  </options>
               </parameter>
               <parameter description="" name="inBillingStatus" type="string">
                  <options>
                     <option name="required">false</option>
                  </options>
               </parameter>
               <parameter description="" name="InSyncProcessing" type="boolean">
                  <options>
                     <option name="defaultvalue">false</option>
                     <option name="boolean_show_as">checkbox</option>
                     <option name="required">false</option>
                  </options>
               </parameter>
               <parameter description="" name="IsSAPOnAndOrderInternational" type="boolean">
                  <options>
                     <option name="defaultvalue">false</option>
                     <option name="boolean_show_as">checkbox</option>
                     <option name="required">false</option>
                  </options>
               </parameter>
            </input>
            <output>
               <field description="" name="outBillingDataMessage" type="reference">
                  <options>
                     <option name="referenceTo">GHI-ESB-REST:BillingDataMessage_AnonymousType</option>
                     <option name="required">false</option>
                     <option name="isCopy">true</option>
                     <option name="guid">04fR9piQEr8jbmyLWN9SwT</option>
                  </options>
               </field>
               <field description="" name="outMessageInstanceId" type="string">
                  <options>
                     <option name="required">false</option>
                  </options>
               </field>
               <field description="" name="outIsError1" type="textarea">
                  <options>
                     <option name="text_width">100</option>
                     <option name="text_height">5</option>
                     <option name="required">false</option>
                  </options>
               </field>
            </output>
            <tempFields>
               <field description="" name="ProcessName" type="string">
                  <options>
                     <option name="required">false</option>
                  </options>
               </field>
               <field description="" name="tempBillingDataMessage" type="reference">
                  <options>
                     <option name="referenceTo">GHI-ESB-REST:BillingDataMessage_AnonymousType</option>
                     <option name="required">false</option>
                     <option name="isCopy">true</option>
                     <option name="guid">04fR9piQEr8jbmyLWN9SwT</option>
                  </options>
               </field>
               <field description="" name="tempSelectedOLIs" type="reference">
                  <options>
                     <option name="referenceTo">GHI-ESB-REST:SelectedOrderLineItems_AnonymousType</option>
                     <option name="required">false</option>
                     <option name="isCopy">true</option>
                     <option name="guid">04fR9piQEr8jbmyLWN9SwT</option>
                  </options>
               </field>
               <field description="" name="tempSelectedOLI" type="reference">
                  <options>
                     <option name="referenceTo">GHI-ESB-REST:SelectedOrderLineItemType</option>
                     <option name="required">false</option>
                     <option name="isCopy">true</option>
                     <option name="guid">04fR9piQEr8jbmyLWN9SwT</option>
                  </options>
               </field>
               <field description="" name="tempRetryCount" type="int">
                  <options>
                     <option name="required">false</option>
                     <option hide="true" name="initialvalue">0</option>
                  </options>
               </field>
               <field description="" name="tempOrder" type="reference">
                  <options>
                     <option name="referenceTo">Salesforce:Order</option>
                     <option name="required">false</option>
                     <option name="guid">9rhyRDabNHiiDcOu4c64gK</option>
                  </options>
               </field>
               <field description="" name="untitled1" type="string">
                  <options>
                     <option name="required">false</option>
                  </options>
               </field>
               <field description="" name="tempOLIList" type="objectlist">
                  <options>
                     <option name="referenceTo">Salesforce:OrderItem</option>
                     <option hide="true" name="multiSelect">true</option>
                     <option name="required">false</option>
                     <option name="guid">9rhyRDabNHiiDcOu4c64gK</option>
                  </options>
               </field>
               <field description="" name="tempOLI" type="reference">
                  <options>
                     <option name="referenceTo">Salesforce:OrderItem</option>
                     <option name="required">false</option>
                     <option name="guid">9rhyRDabNHiiDcOu4c64gK</option>
                  </options>
               </field>
               <field description="" name="tempSourceXMLLength" type="int">
                  <options>
                     <option name="required">false</option>
                     <option hide="true" name="initialvalue">0</option>
                  </options>
               </field>
               <field description="" name="tempAssignmessageId" type="string">
                  <options>
                     <option name="required">false</option>
                  </options>
               </field>
               <field description="" name="tempIsError" type="boolean">
                  <options>
                     <option name="defaultvalue">false</option>
                     <option name="boolean_show_as">checkbox</option>
                     <option name="required">false</option>
                  </options>
               </field>
               <field description="" name="tempErrorMessage" type="textarea">
                  <options>
                     <option name="text_width">100</option>
                     <option name="text_height">5</option>
                     <option name="required">false</option>
                  </options>
               </field>
               <field description="" name="tempSystemSettings" type="reference">
                  <options>
                     <option name="referenceTo">Salesforce:Record_Type__c</option>
                     <option name="required">false</option>
                     <option name="guid">9rhyRDabNHiiDcOu4c64gK</option>
                  </options>
               </field>
               <field description="" name="tempIsSapSwitchOnOff" type="boolean">
                  <options>
                     <option name="defaultvalue">false</option>
                     <option name="boolean_show_as">checkbox</option>
                     <option name="required">false</option>
                  </options>
               </field>
               <field description=""
                      name="tempBillingDataMessageMuleSoft"
                      type="reference">
                  <options>
                     <option name="referenceTo">GHI-ESB-MuleSoft-REST:BillingDataMessage_AnonymousType</option>
                     <option name="required">false</option>
                     <option name="isCopy">true</option>
                     <option name="guid">2mesVm98m2aeU4noLBE2qQ</option>
                  </options>
               </field>
               <field description="" name="tempSelectedOLIsMuleSoft" type="reference">
                  <options>
                     <option name="referenceTo">GHI-ESB-MuleSoft-REST:SelectedOrderLineItems_AnonymousType</option>
                     <option name="required">false</option>
                     <option name="isCopy">true</option>
                     <option name="guid">2mesVm98m2aeU4noLBE2qQ</option>
                  </options>
               </field>
               <field description="" name="tempSelectedOLIMuleSoft" type="reference">
                  <options>
                     <option name="referenceTo">GHI-ESB-MuleSoft-REST:SelectedOrderLineItemType</option>
                     <option name="required">false</option>
                     <option name="isCopy">true</option>
                     <option name="guid">2mesVm98m2aeU4noLBE2qQ</option>
                  </options>
               </field>
               <field description="" name="tempMessageAction" type="string">
                  <options>
                     <option name="required">false</option>
                  </options>
               </field>
               <field description="" name="tempBillingDataDestination" type="string">
                  <options>
                     <option name="required">false</option>
                  </options>
               </field>
            </tempFields>
            <notes>User Story 103283:Billing Message Auto generation : FR-BS-115
User Story 255336 FR-BS-105</notes>
            <deployment skipIfRunning="false" suspendOnFault="false" tracingLevel="verbose">
               <rest/>
            </deployment>
            <flow id="a">
               <start id="b">
                  <link id="kwx1omen" targetId="kwx1omef"/>
               </start>
               <container id="kwx1omef" type="exclusive">
                  <title>Do Not Send to Quadax?</title>
                  <flow id="kwx1omeg">
                     <end id="kwx1omeh">
                        <title>End 1</title>
                     </end>
                  </flow>
                  <flow id="kwx1omei">
                     <link id="kwx1omem" targetId="kwx1omef" type="containerLink"/>
                  </flow>
                  <link id="kwx1omek" targetId="kwx1omeg" type="containerLink">
                     <condition source="formula">
                        <function name="true">
                           <arg name="field">{$OSM_Do_Not_Send_to_Quadax__c}</arg>
                        </function>
                     </condition>
                  </link>
                  <link id="kwx1omel" targetId="kwx1omei" type="containerLink">
                     <condition source="formula">
                        <function name="false">
                           <arg name="field">{$OSM_Do_Not_Send_to_Quadax__c}</arg>
                        </function>
                     </condition>
                  </link>
                  <link id="kwx1omeo" targetId="j7kuuyt9"/>
               </container>
               <container id="j4zjuhep" type="exclusive">
                  <title>InMessageInstanceId</title>
                  <flow id="j4zjuhg0">
                     <assignment id="j4zjuhgv">
                        <title>Assignment to outMessageId</title>
                        <operation source="formula" to="output.outMessageInstanceId">
                           <expression language="XQuery">util:generateUUID()</expression>
                        </operation>
                     </assignment>
                     <link id="j4zjuhg1" targetId="j4zjuhep" type="containerLink"/>
                  </flow>
                  <flow id="j4zjuhg3">
                     <assignment id="j4zjuhju">
                        <title>Assignment to outMessageId</title>
                        <operation source="field" to="output.outMessageInstanceId">input.InMessageInstanceId</operation>
                     </assignment>
                     <link id="j4zjuhg4" targetId="j4zjuhep" type="containerLink"/>
                  </flow>
                  <link id="j4zjuhfx" targetId="j4zjuhg0" type="containerLink">
                     <condition source="formula">
                        <function name="string-equals">
                           <arg name="left">{$input.InMessageInstanceId}</arg>
                           <arg name="right"/>
                        </function>
                     </condition>
                  </link>
                  <link id="j4zjuhfy" targetId="j4zjuhg3" type="containerLink"/>
                  <link id="j4zjuhhh" targetId="iznmdvxi"/>
               </container>
               <container id="ki63bors" type="exclusive">
                  <title>Order ID</title>
                  <flow id="ki63bots">
                     <container id="ki63boxr" type="exclusive">
                        <title>Order Origin</title>
                        <flow id="ki63bozt">
                           <assignment id="ki63bp9x">
                              <title>Assignment to tempIsSapSwitchOnOff</title>
                              <operation source="field" to="temp.tempIsSapSwitchOnOff">temp.tempSystemSettings.OSM_SAP_Switch__c</operation>
                           </assignment>
                           <link id="ki63bozu" targetId="ki63boxr" type="containerLink"/>
                        </flow>
                        <flow id="ki63bozv">
                           <link id="ki63bozw" targetId="ki63boxr" type="containerLink"/>
                        </flow>
                        <link id="ki63bozm" targetId="ki63bozt" type="containerLink">
                           <condition source="formula">
                              <function name="included">
                                 <arg name="left">{$Order.Order_Location__c}</arg>
                                 <arg name="right">International</arg>
                              </function>
                           </condition>
                        </link>
                        <link id="ki63bozp" targetId="ki63bozv" type="containerLink"/>
                     </container>
                     <link id="ki63bott" targetId="ki63bors" type="containerLink"/>
                  </flow>
                  <flow id="ki63botu">
                     <link id="ki63botv" targetId="ki63bors" type="containerLink"/>
                  </flow>
                  <link id="ki63botl" targetId="ki63bots" type="containerLink">
                     <condition source="formula">
                        <function name="set">
                           <arg name="field">{$OrderId}</arg>
                        </function>
                     </condition>
                  </link>
                  <link id="ki63boto" targetId="ki63botu" type="containerLink">
                     <condition source="formula">
                        <function name="unset">
                           <arg name="field">{$OrderId}</arg>
                        </function>
                     </condition>
                  </link>
                  <link id="l166lmrz" targetId="l166lmry"/>
               </container>
               <container id="izo5nto4" type="exclusive">
                  <title>Orderable</title>
                  <flow id="izo5ntoo">
                     <assignment id="izo5nton">
                        <title>Assignment to tempOLIList</title>
                        <operation source="list" to="temp.tempOLIList">
                           <query advanceQuery="false" from="Salesforce:OrderItem">
                              <where>OrderId = '{$OrderId}'</where>
                           </query>
                        </operation>
                        <link id="izo5ntrv" targetId="izo5ntru"/>
                     </assignment>
                     <container id="izo5ntru" type="exclusive">
                        <title>tempOLIList</title>
                        <flow id="izo5ntsa">
                           <assignment id="izo5nts9">
                              <title>Assignment to tempOLI</title>
                              <operation source="formula" to="temp.tempOLI">
                                 <expression language="XQuery">list:head($temp.tempOLIList)</expression>
                              </operation>
                              <link id="izo5ntxe" targetId="izo5ntxd"/>
                           </assignment>
                           <container id="izo5ntxd" type="exclusive">
                              <title>tempOLI</title>
                              <flow id="izo5nty2">
                                 <assignment id="izo5ntyk">
                                    <title>TODO:  Assignment to tempSelectedOLIs</title>
                                    <operation source="field" to="temp.tempSelectedOLIMuleSoft[1]/OrderLineItemId">temp.tempOLI.OSM_Main_Order_Line_Item_ID__c</operation>
                                    <operation source="field" to="temp.tempSelectedOLI[1]/OrderLineItemId">temp.tempOLI.OSM_Main_Order_Line_Item_ID__c</operation>
                                    <operation source="field" to="temp.tempSelectedOLIMuleSoft[1]/ReportSpecimenId">temp.tempOLI.OSM_Resulted_Order_Specimen_ID_Current__r.OSM_Main_Order_Specimen_ID__c</operation>
                                    <operation source="field" to="temp.tempSelectedOLI[1]/ReportSpecimenId">temp.tempOLI.OSM_Resulted_Order_Specimen_ID_Current__r.OSM_Main_Order_Specimen_ID__c</operation>
                                    <link id="izo5nu5l" targetId="izo5nu0r"/>
                                 </assignment>
                                 <assignment id="izo5nu0r">
                                    <title>Assignment to tempOLIList, SelectedOrderLineItem etc.</title>
                                    <operation source="formula" to="temp.tempOLIList">
                                       <expression language="XQuery">list:tail($temp.tempOLIList)</expression>
                                    </operation>
                                    <operation source="field" to="temp.tempSelectedOLIs[1]/SelectedOrderLineItem">temp.tempSelectedOLI</operation>
                                    <operation source="field"
                                               to="temp.tempSelectedOLIsMuleSoft[1]/SelectedOrderLineItem">temp.tempSelectedOLIMuleSoft</operation>
                                    <link id="izo5nu1j" targetId="izo5nu1h"/>
                                 </assignment>
                                 <jumpTo id="izo5nu1h">
                                    <link id="izo5nu1i" targetId="izo5nts9"/>
                                 </jumpTo>
                              </flow>
                              <flow id="izo5nty5">
                                 <link id="izo5nty6" targetId="izo5ntxd" type="containerLink"/>
                              </flow>
                              <link id="izo5ntxz" targetId="izo5nty2" type="containerLink">
                                 <condition source="formula">
                                    <function name="set">
                                       <arg name="field">{$temp.tempOLI}</arg>
                                    </function>
                                 </condition>
                              </link>
                              <link id="izo5nty0" targetId="izo5nty5" type="containerLink">
                                 <condition source="formula">
                                    <function name="unset">
                                       <arg name="field">{$temp.tempOLI}</arg>
                                    </function>
                                 </condition>
                              </link>
                           </container>
                           <link id="izo5nu26" targetId="izo5ntru" type="containerLink"/>
                        </flow>
                        <flow id="izo5ntsd">
                           <link id="izo5ntse" targetId="izo5ntru" type="containerLink"/>
                        </flow>
                        <link id="izo5nts7" targetId="izo5ntsa" type="containerLink">
                           <condition source="formula">
                              <function name="not-empty">
                                 <arg name="field">{$temp.tempOLIList}</arg>
                              </function>
                           </condition>
                        </link>
                        <link id="izo5nts8" targetId="izo5ntsd" type="containerLink">
                           <condition source="formula">
                              <function name="empty">
                                 <arg name="field">{$temp.tempOLIList}</arg>
                              </function>
                           </condition>
                        </link>
                     </container>
                     <link id="izo5ntop" targetId="izo5nto4" type="containerLink"/>
                  </flow>
                  <flow id="izo5ntor">
                     <assignment id="izo5ntp6">
                        <title>TODO:  Assignment to tempSelectedOLIs</title>
                        <operation source="field" to="temp.tempSelectedOLI[1]/OrderLineItemId">OSM_Main_Order_Line_Item_ID__c</operation>
                        <operation source="field" to="temp.tempSelectedOLI[1]/ReportSpecimenId">OSM_Resulted_Order_Specimen_ID_Current__r.OSM_Main_Order_Specimen_ID__c</operation>
                        <operation source="field" to="temp.tempSelectedOLIMuleSoft[1]/OrderLineItemId">OSM_Main_Order_Line_Item_ID__c</operation>
                        <operation source="field" to="temp.tempSelectedOLIMuleSoft[1]/ReportSpecimenId">OSM_Resulted_Order_Specimen_ID_Current__r.OSM_Main_Order_Specimen_ID__c</operation>
                        <link id="izo5ntp7" targetId="izo5ntoq"/>
                     </assignment>
                     <assignment id="izo5ntoq">
                        <title>Assignment to SelectedOrderLineItem, temp.tempSelectedOLIsMuleSoft[1]/SelectedOrderLineItem</title>
                        <operation source="formula" to="temp.tempSelectedOLIs[1]/SelectedOrderLineItem">
                           <function name="list:append">
                              <arg name="dest_field">{$temp.tempSelectedOLIs[1]/SelectedOrderLineItem}</arg>
                              <arg name="new_field">{$temp.tempSelectedOLI}</arg>
                           </function>
                        </operation>
                        <operation source="formula"
                                   to="temp.tempSelectedOLIsMuleSoft[1]/SelectedOrderLineItem">
                           <function name="list:append">
                              <arg name="dest_field">{$temp.tempSelectedOLIsMuleSoft[1]/SelectedOrderLineItem}</arg>
                              <arg name="new_field">{$temp.tempSelectedOLIMuleSoft}</arg>
                           </function>
                        </operation>
                     </assignment>
                     <link id="izo5ntos" targetId="izo5nto4" type="containerLink"/>
                  </flow>
                  <link id="izo5ntol" targetId="izo5ntoo" type="containerLink">
                     <condition source="formula">
                        <function name="included">
                           <arg name="left">{$Order.OSM_Product__c}</arg>
                           <arg name="right">Unknown</arg>
                        </function>
                     </condition>
                  </link>
                  <link id="izo5ntom" targetId="izo5ntor" type="containerLink"/>
                  <link id="ki69mygs" targetId="ki69mygr"/>
               </container>
               <container id="j01e9siz" type="exclusive">
                  <title>InUpdate</title>
                  <flow id="j01e9sjs">
                     <assignment id="j01e9sjr">
                        <title>Assignment to Action</title>
                        <operation source="constant" to="temp.tempBillingDataMessage[1]/Action">OrderUpdate</operation>
                     </assignment>
                     <link id="j01e9sjt" targetId="j01e9siz" type="containerLink"/>
                  </flow>
                  <flow id="j01e9sjv">
                     <link id="j01e9sjw" targetId="j01e9siz" type="containerLink"/>
                  </flow>
                  <link id="j01e9sjp" targetId="j01e9sjs" type="containerLink">
                     <condition source="formula">
                        <function name="true">
                           <arg name="field">{$input.InUpdate}</arg>
                        </function>
                     </condition>
                  </link>
                  <link id="j01e9sjq" targetId="j01e9sjv" type="containerLink">
                     <condition source="formula">
                        <function name="false">
                           <arg name="field">{$input.InUpdate}</arg>
                        </function>
                     </condition>
                  </link>
                  <link id="j67sfg5z" targetId="j67sfg5y"/>
               </container>
               <container id="j67sfg5y" type="exclusive">
                  <title>inBillingStatus</title>
                  <flow id="j67sfg7p">
                     <assignment id="j67sfg7o">
                        <title>Assignment to Action</title>
                        <operation source="constant" to="temp.tempBillingDataMessage[1]/Action">VoidBill</operation>
                     </assignment>
                     <link id="j67sfg7q" targetId="j67sfg5y" type="containerLink"/>
                  </flow>
                  <flow id="j67sfg7s">
                     <link id="j67sfg7t" targetId="j67sfg5y" type="containerLink"/>
                  </flow>
                  <link id="j67sfg7m" targetId="j67sfg7p" type="containerLink">
                     <condition source="formula">
                        <function name="string-equals">
                           <arg name="left">{$input.inBillingStatus}</arg>
                           <arg name="right">Bill Voided</arg>
                        </function>
                     </condition>
                  </link>
                  <link id="j67sfg7n" targetId="j67sfg7s" type="containerLink"/>
                  <link id="kjmljzof" targetId="kjmljznu"/>
               </container>
               <container id="kjmljznu" type="exclusive">
                  <title>Action</title>
                  <flow id="kjmljznv">
                     <container id="kjnw9mcu" type="exclusive">
                        <title>Billing Status</title>
                        <flow id="kjnw9mfs">
                           <container id="kjnw9mnk" type="exclusive">
                              <title>tempIsSapSwitchOnOff</title>
                              <flow id="kjnw9mnl">
                                 <end id="kjnw9mnm">
                                    <title>End</title>
                                 </end>
                              </flow>
                              <flow id="kjnw9mnn">
                                 <link id="kjnw9mnq" targetId="kjnw9mnk" type="containerLink"/>
                              </flow>
                              <link id="kjnw9mno" targetId="kjnw9mnl" type="containerLink">
                                 <condition source="formula">
                                    <function name="true">
                                       <arg name="field">{$temp.tempIsSapSwitchOnOff}</arg>
                                    </function>
                                 </condition>
                              </link>
                              <link id="kjnw9mnp" targetId="kjnw9mnn" type="containerLink">
                                 <condition source="formula">
                                    <function name="false">
                                       <arg name="field">{$temp.tempIsSapSwitchOnOff}</arg>
                                    </function>
                                 </condition>
                              </link>
                           </container>
                           <link id="kjnw9mft" targetId="kjnw9mcu" type="containerLink"/>
                        </flow>
                        <flow id="kjnw9mfu">
                           <link id="kjnw9mfv" targetId="kjnw9mcu" type="containerLink"/>
                        </flow>
                        <link id="kjnw9mfl" targetId="kjnw9mfs" type="containerLink">
                           <condition source="formula">
                              <function name="included">
                                 <arg name="left">{$OSM_Billing_Status__c}</arg>
                                 <arg name="right">Pre-Billing Investigating,Pre-Billing Complete</arg>
                              </function>
                           </condition>
                        </link>
                        <link id="kjnw9mfo" targetId="kjnw9mfu" type="containerLink"/>
                     </container>
                     <link id="kjmljzo6" targetId="kjmljznu" type="containerLink"/>
                  </flow>
                  <flow id="kjnw9m11">
                     <jumpTo id="kjnw9m72">
                        <link id="kjnw9m9u" targetId="kjnw9mcu"/>
                     </jumpTo>
                  </flow>
                  <flow id="kjmljzo3">
                     <link id="kjmljzoe" targetId="kjmljznu" type="containerLink"/>
                  </flow>
                  <link id="kjmljzo4" targetId="kjmljznv" type="containerLink">
                     <condition source="formula">
                        <function name="string-equals">
                           <arg name="left">{$temp.tempBillingDataMessage[1]/Action}</arg>
                           <arg name="right">NewOrder</arg>
                        </function>
                     </condition>
                  </link>
                  <link id="kjnw9m10" targetId="kjnw9m11" type="containerLink">
                     <condition source="formula">
                        <function name="string-equals">
                           <arg name="left">{$temp.tempBillingDataMessage[1]/Action}</arg>
                           <arg name="right">OrderUpdate</arg>
                        </function>
                     </condition>
                  </link>
                  <link id="kjmljzo5" targetId="kjmljzo3" type="containerLink"/>
                  <link id="kjmljzog" targetId="j00ed01z"/>
               </container>
               <container id="j7kuuz80" type="exclusive">
                  <title>InSyncProcessing</title>
                  <flow id="j7kuuz9i">
                     <link id="j7kuuz9j" targetId="j7kuuz80" type="containerLink"/>
                  </flow>
                  <flow id="j7kuuz9l">
                     <milestone id="j7kuuzaf"/>
                     <link id="j7kuuz9m" targetId="j7kuuz80" type="containerLink"/>
                  </flow>
                  <link id="j7kuuz9f" targetId="j7kuuz9i" type="containerLink">
                     <condition source="formula">
                        <function name="true">
                           <arg name="field">{$input.InSyncProcessing}</arg>
                        </function>
                     </condition>
                  </link>
                  <link id="j7kuuz9g" targetId="j7kuuz9l" type="containerLink">
                     <condition source="formula">
                        <function name="false">
                           <arg name="field">{$input.InSyncProcessing}</arg>
                        </function>
                     </condition>
                  </link>
                  <link id="l8ex4jk9" targetId="l8ex4jju"/>
               </container>
               <container id="l8ex4jju" type="exclusive">
                  <title>Order ID 1</title>
                  <flow id="l8ex4jjv">
                     <container id="l8ex4jjw" type="exclusive">
                        <title>Order Origin 1</title>
                        <flow id="l8ex4jjx">
                           <assignment id="l8ex4jsc">
                              <title>Assignment to destination</title>
                              <operation source="constant"
                                         to="temp.tempBillingDataMessageMuleSoft[1]/destination">SAP</operation>
                           </assignment>
                           <link id="l8ex4jk6" targetId="l8ex4jjw" type="containerLink"/>
                        </flow>
                        <flow id="l8ex4jjz">
                           <assignment id="l8ex4ks0">
                              <title>Assignment to destination 1</title>
                              <operation source="constant"
                                         to="temp.tempBillingDataMessageMuleSoft[1]/destination">QUADAX</operation>
                           </assignment>
                           <link id="l8ex4jk7" targetId="l8ex4jjw" type="containerLink"/>
                        </flow>
                        <link id="l8ex4jk4" targetId="l8ex4jjx" type="containerLink">
                           <condition source="formula">
                              <function name="included">
                                 <arg name="left">{$Order.Order_Location__c}</arg>
                                 <arg name="right">International</arg>
                              </function>
                           </condition>
                        </link>
                        <link id="l8ex4jk5" targetId="l8ex4jjz" type="containerLink"/>
                     </container>
                     <link id="l8ex4jk3" targetId="l8ex4jju" type="containerLink"/>
                  </flow>
                  <flow id="l8ex4jk0">
                     <link id="l8ex4jk8" targetId="l8ex4jju" type="containerLink"/>
                  </flow>
                  <link id="l8ex4jk1" targetId="l8ex4jjv" type="containerLink">
                     <condition source="formula">
                        <function name="set">
                           <arg name="field">{$OrderId}</arg>
                        </function>
                     </condition>
                  </link>
                  <link id="l8ex4jk2" targetId="l8ex4jk0" type="containerLink">
                     <condition source="formula">
                        <function name="unset">
                           <arg name="field">{$OrderId}</arg>
                        </function>
                     </condition>
                  </link>
                  <link id="l8yd46l5" targetId="l8yd46l4"/>
               </container>
               <assignment id="j7kuuyt9">
                  <title>Assign Process Name</title>
                  <operation source="formula" to="temp.ProcessName">
                     <expression language="XQuery">ipd:setProcessTitle(fn:concat('INT-MP-Send-Billing-Message-Main', '-',$Order.OrderNumber,'-',$OSM_Order_Line_Item_ID__c))</expression>
                  </operation>
                  <operation source="query" to="temp.tempSystemSettings">
                     <query advanceQuery="false" from="Salesforce:Record_Type__c">
                        <where>limit 1</where>
                     </query>
                  </operation>
                  <link id="kwx1omd2" targetId="j4zjuhep"/>
               </assignment>
               <assignment id="ki69mygr">
                  <title>Assignment to Action, SelectedOrderLineItems etc.</title>
                  <operation source="formula" to="temp.tempBillingDataMessage[1]/Action">
                     <expression language="XQuery">if($OSM_Billing_Status__c = 'Billing Initiated') then 'Bill' else if($OSM_Billing_Status__c = 'Bill Voided') then 'VoidBill' else if($OSM_Billing_Status__c = 'Billing Not Required' and $Results_Disposition_Current__c = 'Failure') then 'Failure' else if($OSM_Billing_Status__c = 'Billing Not Required' and   ($Results_Disposition_Current__c != 'Failure' or empty($Results_Disposition_Current__c) ) ) then 'Cancellation' 
else if($OSM_Billing_Status__c = 'Pre-Billing Investigating' or $OSM_Billing_Status__c = 'Pre-Billing Complete') then 'NewOrder' else ''</expression>
                  </operation>
                  <operation source="field"
                             to="temp.tempBillingDataMessage[1]/SelectedOrderLineItems">temp.tempSelectedOLIs</operation>
                  <operation source="field" to="temp.tempBillingDataMessage[1]/messageInstanceId">output.outMessageInstanceId</operation>
                  <operation source="constant" to="temp.tempBillingDataMessage[1]/ackRequired">true</operation>
                  <operation source="constant" to="temp.tempBillingDataMessage[1]/destination">ESB</operation>
                  <operation source="formula" to="temp.tempBillingDataMessage[1]/expires">
                     <expression language="XQuery">xs:dateTime(current-dateTime()) + xs:dayTimeDuration('PT2H')</expression>
                  </operation>
                  <operation source="constant" to="temp.tempBillingDataMessage[1]/nackRequired">true</operation>
                  <operation source="field" to="temp.tempBillingDataMessage[1]/origin">temp.tempSystemSettings.OSM_SFDC_Org_Origin__c</operation>
                  <operation source="formula" to="temp.tempBillingDataMessage[1]/timestamp">
                     <function name="time_from_now">
                        <arg name="value">0</arg>
                        <arg name="HM_flag">M</arg>
                     </function>
                  </operation>
                  <operation source="formula" to="temp.tempBillingDataMessage[1]/correlationId">
                     <expression language="XQuery">util:generateUUID()</expression>
                  </operation>
                  <operation source="formula" to="temp.tempBillingDataMessage[1]/activityId">
                     <expression language="XQuery">util:generateUUID()</expression>
                  </operation>
                  <link id="ki69n3ss" targetId="j01e9siz"/>
               </assignment>
               <assignment id="l8ex4inl">
                  <title>Assignment to Action, Order etc.</title>
                  <operation source="field" to="temp.tempBillingDataMessageMuleSoft[1]/Action">temp.tempBillingDataMessage[1]/Action</operation>
                  <operation source="field" to="temp.tempBillingDataMessageMuleSoft[1]/Order">output.OrderTypeMuleSoft</operation>
                  <operation source="field" to="temp.tempBillingDataMessageMuleSoft[1]/ackRequired">temp.tempBillingDataMessage[1]/ackRequired</operation>
                  <operation source="field" to="temp.tempBillingDataMessageMuleSoft[1]/activityId">temp.tempBillingDataMessage[1]/activityId</operation>
                  <operation source="field"
                             to="temp.tempBillingDataMessageMuleSoft[1]/correlationId">temp.tempBillingDataMessage[1]/correlationId</operation>
                  <operation source="field" to="temp.tempBillingDataMessageMuleSoft[1]/expires">temp.tempBillingDataMessage[1]/expires</operation>
                  <operation source="field" to="temp.tempBillingDataMessageMuleSoft[1]/nackRequired">temp.tempBillingDataMessage[1]/nackRequired</operation>
                  <operation source="field"
                             to="temp.tempBillingDataMessageMuleSoft[1]/SelectedOrderLineItems">temp.tempSelectedOLIsMuleSoft</operation>
                  <operation source="field"
                             to="temp.tempBillingDataMessageMuleSoft[1]/messageInstanceId">temp.tempBillingDataMessage[1]/messageInstanceId</operation>
                  <operation source="field" to="temp.tempBillingDataMessageMuleSoft[1]/origin">temp.tempBillingDataMessage[1]/origin</operation>
                  <operation source="field" to="temp.tempBillingDataMessageMuleSoft[1]/timestamp">temp.tempBillingDataMessage[1]/timestamp</operation>
                  <link id="lakxl15u" targetId="l8ex4isv"/>
               </assignment>
               <subflow id="iznmdvxi">
                  <title>ER-Get GHI Integration Retry Settings</title>
                  <subflowGUID>ltcYSqXiM0KbxUkoOD3caj</subflowGUID>
                  <subflowPath>ER-Get_GHI_Integration_Retry_Settings</subflowPath>
                  <runForEach>false</runForEach>
                  <input/>
                  <outputDef>
                     <field name="retryCount" type="int">
                        <options>
                           <option name="required">false</option>
                        </options>
                     </field>
                     <field name="retryDelay" type="double">
                        <options>
                           <option name="required">false</option>
                        </options>
                     </field>
                  </outputDef>
                  <link id="ki63bort" targetId="ki63bors"/>
               </subflow>
               <subflow id="l166lmry">
                  <title>INT-SXDM-Order-MuleSoft</title>
                  <subflowGUID>1upNtL0yc2OjScllDkiZIg</subflowGUID>
                  <subflowPath>INT-SXDM-Order-MuleSoft</subflowPath>
                  <appliesTo>Salesforce:OrderItem</appliesTo>
                  <appliesToDataName source="field">Id</appliesToDataName>
                  <runForEach>false</runForEach>
                  <runAsUser>$system</runAsUser>
                  <input>
                     <parameter name="InOrderId" source="field">Id</parameter>
                     <parameter name="isBillingDataMessage" source="constant" updatable="true">true</parameter>
                  </input>
                  <outputDef>
                     <field name="OrderTypeMuleSoft" type="reference">
                        <options>
                           <option name="referenceTo">GHI-ESB-MuleSoft-REST:OrderType</option>
                           <option name="required">false</option>
                           <option name="isCopy">true</option>
                           <option name="guid">2mesVm98m2aeU4noLBE2qQ</option>
                        </options>
                     </field>
                  </outputDef>
                  <link id="l166lmvv" targetId="izo5nto4"/>
               </subflow>
               <create id="j00ed01z">
                  <title>TODO: ICRT Message Log Outbound</title>
                  <entityName>Salesforce:ICRT_Message_Log__c</entityName>
                  <createInput>
                     <parameter name="ICRT_Action__c" source="field" updatable="true">temp.tempBillingDataMessage[1]/Action</parameter>
                     <parameter name="ICRT_Create_Process_ID__c" source="formula" updatable="true">
                        <expression language="XQuery">util:getProcessId()</expression>
                     </parameter>
                     <parameter name="ICRT_Message_Direction__c" source="constant" updatable="true">Outbound</parameter>
                     <parameter name="ICRT_Message_Status__c" source="constant" updatable="true">New</parameter>
                     <parameter name="ICRT_Message_Type__c" source="constant" updatable="true">BillingDataMessage</parameter>
                     <parameter name="ICRT_Object_ID__c" source="formula" updatable="true">
                        <expression language="XQuery">$OSM_Main_Order_Line_Item_ID__c</expression>
                     </parameter>
                     <parameter name="ICRT_Object_Name__c" source="constant" updatable="true">OrderLineItem</parameter>
                     <parameter name="ICRT_Record_Name__c" source="formula" updatable="true">
                        <expression language="XQuery">$OSM_Main_Order_Line_Item_ID__c</expression>
                     </parameter>
                     <parameter name="ICRT_Source_Message_ID__c" source="field" updatable="true">output.outMessageInstanceId</parameter>
                     <parameter name="ICRT_Order_Line_Item__c" source="field">Id</parameter>
                     <parameter name="ICRT_Order__c" source="field">OrderId</parameter>
                     <parameter name="ICRT_Orderable__c" source="field" updatable="true">Order.OSM_Product__c</parameter>
                     <parameter name="ICRT_Test__c" source="field">PricebookEntry.Name</parameter>
                  </createInput>
                  <link id="j7kuuz81" targetId="j7kuuz80"/>
               </create>
               <milestone id="l8yd46l4">
                  <title>Milestone 1</title>
                  <link id="l8yd46l6" targetId="l8ex4inl"/>
               </milestone>
               <eventContainer id="l8ex4isv">
                  <service id="l8ex4iuq">
                     <title>Billing Mule Soft</title>
                     <serviceName>GHI-ESB-MuleSoft-REST:Billing</serviceName>
                     <serviceGUID>2mesVm98m2aeU4noLBE2qQ</serviceGUID>
                     <serviceInput>
                        <parameter name="BillingDataMessage" source="formula">
                           <expression language="XQuery">$temp.tempBillingDataMessageMuleSoft </expression>
                        </parameter>
                     </serviceInput>
                  </service>
                  <flow id="l8ex4isw">
                     <assignment id="l8ex4isx">
                        <title>Assignment on Success</title>
                        <operation source="constant"
                                   to="output.Created ICRT_Message_Log__c.ICRT_Message_Status__c">Middleware Accepted</operation>
                        <operation source="formula"
                                   to="output.Created ICRT_Message_Log__c.ICRT_Update_Process_ID__c">
                           <expression language="XQuery">util:getProcessId()</expression>
                        </operation>
                        <operation source="constant" to="temp.tempRetryCount">0</operation>
                        <link id="l8ex4iuu" targetId="l8ex4isy"/>
                     </assignment>
                     <container id="l8ex4isy" type="exclusive">
                        <title>Billing Status</title>
                        <flow id="l8ex4isz">
                           <container id="l8ex4it0" type="exclusive">
                              <title>Orderable</title>
                              <flow id="l8ex4it1">
                                 <container id="l8ex4it2" type="exclusive">
                                    <title>Specimen Received Date - Current</title>
                                    <flow id="l8ex4it3">
                                       <container id="l8ex4it4" type="exclusive">
                                          <title>Report Distribution Ready</title>
                                          <flow id="l8ex4it5">
                                             <link id="l8ex4iv7" targetId="l8ex4it4" type="containerLink"/>
                                          </flow>
                                          <flow id="l8ex4it6">
                                             <subflow id="l8ex4it7">
                                                <title>SP-Report-Ready-Main</title>
                                                <subflowGUID>1T9rMbogutEfhF0cbO4qCF</subflowGUID>
                                                <subflowPath>SP-Report-Ready-Main</subflowPath>
                                                <appliesTo>Salesforce:Order</appliesTo>
                                                <appliesToDataName source="field">OrderId</appliesToDataName>
                                                <runForEach>false</runForEach>
                                                <input/>
                                                <outputDef/>
                                             </subflow>
                                             <link id="l8ex4iv8" targetId="l8ex4it4" type="containerLink"/>
                                          </flow>
                                          <link id="l8ex4iv5" targetId="l8ex4it5" type="containerLink">
                                             <condition source="formula">
                                                <function name="true">
                                                   <arg name="field">{$OSM_Report_Distribution_Ready__c}</arg>
                                                </function>
                                             </condition>
                                          </link>
                                          <link id="l8ex4iv6" targetId="l8ex4it6" type="containerLink">
                                             <condition source="formula">
                                                <function name="false">
                                                   <arg name="field">{$OSM_Report_Distribution_Ready__c}</arg>
                                                </function>
                                             </condition>
                                          </link>
                                       </container>
                                       <link id="l8ex4iv4" targetId="l8ex4it2" type="containerLink"/>
                                    </flow>
                                    <flow id="l8ex4it8">
                                       <link id="l8ex4iv9" targetId="l8ex4it2" type="containerLink"/>
                                    </flow>
                                    <link id="l8ex4iv2" targetId="l8ex4it3" type="containerLink">
                                       <condition source="formula">
                                          <function name="set">
                                             <arg name="field">{$OSM_First_Specimen_Received_Date__c}</arg>
                                          </function>
                                       </condition>
                                    </link>
                                    <link id="l8ex4iv3" targetId="l8ex4it8" type="containerLink">
                                       <condition source="formula">
                                          <function name="unset">
                                             <arg name="field">{$OSM_First_Specimen_Received_Date__c}</arg>
                                          </function>
                                       </condition>
                                    </link>
                                 </container>
                                 <link id="l8ex4iv1" targetId="l8ex4it0" type="containerLink"/>
                              </flow>
                              <flow id="l8ex4it9">
                                 <link id="l8ex4iva" targetId="l8ex4it0" type="containerLink"/>
                              </flow>
                              <link id="l8ex4iuz" targetId="l8ex4it1" type="containerLink">
                                 <condition source="formula">
                                    <function name="included">
                                       <arg name="left">{$OSM_Product_Name__c}</arg>
                                       <arg name="right">Liquid Select,Prostate-AR-V7</arg>
                                    </function>
                                 </condition>
                              </link>
                              <link id="l8ex4iv0" targetId="l8ex4it9" type="containerLink"/>
                           </container>
                           <link id="l8ex4iuy" targetId="l8ex4isy" type="containerLink"/>
                        </flow>
                        <flow id="l8ex4ita">
                           <link id="l8ex4ivb" targetId="l8ex4isy" type="containerLink"/>
                        </flow>
                        <link id="l8ex4iuv" targetId="l8ex4isz" type="containerLink">
                           <condition source="formula">
                              <function name="string-equals">
                                 <arg name="left">{$OSM_Billing_Status__c}</arg>
                                 <arg name="right">Billing Not Required</arg>
                              </function>
                           </condition>
                        </link>
                        <link id="l8ex4iuw" targetId="l8ex4ita" type="containerLink"/>
                        <link id="l8ex4iux" targetId="l8ex4itb"/>
                     </container>
                     <container id="l8ex4itb" type="exclusive">
                        <title>InCaseId</title>
                        <flow id="l8ex4itc">
                           <eventContainer id="l8ex4itd">
                              <subflow id="l8ex4itv">
                                 <title>SP-Update-Case-Billing-Message</title>
                                 <subflowGUID>9dzl7TBQ6yEji2ReUjnGMY</subflowGUID>
                                 <subflowPath>SP-Update-Case-Billing-Message</subflowPath>
                                 <appliesTo>Salesforce:Case</appliesTo>
                                 <appliesToDataName source="field">input.InCaseId</appliesToDataName>
                                 <runForEach>false</runForEach>
                                 <input>
                                    <parameter name="InAction" source="field" updatable="true">temp.tempBillingDataMessage[1]/Action</parameter>
                                    <parameter name="IsSAPOnAndOrderInternational" source="field" updatable="true">temp.tempIsSapSwitchOnOff</parameter>
                                 </input>
                                 <outputDef/>
                              </subflow>
                              <flow id="l8ex4ite">
                                 <assignment id="l8ex4itf">
                                    <title>Assignment to Order, temp.tempBillingDataMessage[1]/SelectedOrderLineItems</title>
                                    <operation source="formula" to="temp.tempBillingDataMessage[1]/Order">
                                       <expression language="XQuery">$temp.tempBillingDataMessageMuleSoft[1]/Order </expression>
                                    </operation>
                                    <operation source="formula"
                                               to="temp.tempBillingDataMessage[1]/SelectedOrderLineItems">
                                       <expression language="XQuery">$temp.tempSelectedOLIsMuleSoft </expression>
                                    </operation>
                                    <link id="l8ex4ivi" targetId="l8ex4itg"/>
                                 </assignment>
                                 <assignment id="l8ex4itg">
                                    <title>Assignment to outBillingDataMessage</title>
                                    <operation source="field" to="output.outBillingDataMessage">temp.tempBillingDataMessage</operation>
                                    <link id="l8ex4j4f" targetId="l8ex4j4e"/>
                                 </assignment>
                                 <end id="l8ex4j4e">
                                    <title>End</title>
                                 </end>
                              </flow>
                              <flow id="l8ex4ith">
                                 <container id="l8ex4iti" type="exclusive">
                                    <title>Check for Lock Row Error</title>
                                    <flow id="l8ex4itj">
                                       <container id="l8ex4itk" type="exclusive">
                                          <title>Check Retry Count </title>
                                          <flow id="l8ex4itl">
                                             <throw id="l8ex4itm">
                                                <title>Throw Error for lock row</title>
                                                <throwInput>
                                                   <parameter name="code" source="constant" updatable="true">{$output.faultInfo[1]/code}</parameter>
                                                   <parameter name="reason" source="constant" updatable="true">{$output.faultInfo[1]/reason}</parameter>
                                                   <parameter name="detail" source="constant" updatable="true">{$output.faultInfo[1]/detail} </parameter>
                                                </throwInput>
                                             </throw>
                                          </flow>
                                          <flow id="l8ex4itn">
                                             <wait id="l8ex4ito">
                                                <title>Wait</title>
                                                <duration source="formula">
                                                   <function name="duration_expression">
                                                      <arg name="value">{$output.retryDelay}</arg>
                                                      <arg name="scale">S</arg>
                                                      <arg name="businessDays"/>
                                                   </function>
                                                </duration>
                                                <link id="l8ex4ivo" targetId="l8ex4itp"/>
                                             </wait>
                                             <assignment id="l8ex4itp">
                                                <title>Increase Retry Count</title>
                                                <operation source="formula" to="temp.tempRetryCount">
                                                   <expression language="XQuery">$temp.tempRetryCount + 1</expression>
                                                </operation>
                                                <link id="l8ex4ivp" targetId="l8ex4itq"/>
                                             </assignment>
                                             <jumpTo id="l8ex4itq">
                                                <link id="l8ex4ivq" targetId="l8ex4itd"/>
                                             </jumpTo>
                                          </flow>
                                          <link id="l8ex4ivm" targetId="l8ex4itl" type="containerLink">
                                             <condition source="formula">
                                                <function name="greater-than">
                                                   <arg name="left">{$temp.tempRetryCount}</arg>
                                                   <arg name="right">{$output.retryCount}</arg>
                                                </function>
                                             </condition>
                                          </link>
                                          <link id="l8ex4ivn" targetId="l8ex4itn" type="containerLink"/>
                                       </container>
                                    </flow>
                                    <flow id="l8ex4itr">
                                       <jumpTo id="l8ex4its">
                                          <link id="l8ex4ivr" targetId="l8ex4itk"/>
                                       </jumpTo>
                                    </flow>
                                    <flow id="l8ex4itt">
                                       <throw id="l8ex4itu">
                                          <title>Throw Error non lock row errors</title>
                                          <throwInput>
                                             <parameter name="code" source="constant" updatable="true">{$output.faultInfo[1]/code}</parameter>
                                             <parameter name="detail" source="constant" updatable="true">{$output.faultInfo[1]/detail}</parameter>
                                             <parameter name="reason" source="constant" updatable="true">{$output.faultInfo[1]/reason}</parameter>
                                          </throwInput>
                                       </throw>
                                    </flow>
                                    <link id="l8ex4ivj" targetId="l8ex4itj" type="containerLink">
                                       <condition source="formula">
                                          <function name="contains">
                                             <arg name="left">{$output.faultInfo[1]/reason}</arg>
                                             <arg name="right">UNABLE_TO_LOCK_ROW</arg>
                                          </function>
                                       </condition>
                                    </link>
                                    <link id="l8ex4ivk" targetId="l8ex4itr" type="containerLink">
                                       <condition source="formula">
                                          <function name="contains">
                                             <arg name="left">{$output.faultInfo[1]/reason}</arg>
                                             <arg name="right">unable to obtain exclusive access to this record</arg>
                                          </function>
                                       </condition>
                                    </link>
                                    <link id="l8ex4ivl" targetId="l8ex4itt" type="containerLink"/>
                                 </container>
                              </flow>
                              <link id="l8ex4ivf" targetId="l8ex4ite" type="containerLink"/>
                              <events>
                                 <catch faultField="faultInfo" id="j01o38k3" interrupting="true">
                                    <link id="l8ex4ivg" targetId="l8ex4ith" type="containerLink"/>
                                 </catch>
                              </events>
                           </eventContainer>
                        </flow>
                        <flow id="l8ex4itw">
                           <end id="l8ex4itx"/>
                        </flow>
                        <link id="l8ex4ivc" targetId="l8ex4itc" type="containerLink">
                           <condition source="formula">
                              <function name="set">
                                 <arg name="field">{$input.InCaseId}</arg>
                              </function>
                           </condition>
                        </link>
                        <link id="l8ex4ivd" targetId="l8ex4itw" type="containerLink">
                           <condition source="formula">
                              <function name="unset">
                                 <arg name="field">{$input.InCaseId}</arg>
                              </function>
                           </condition>
                        </link>
                     </container>
                  </flow>
                  <flow id="l8ex4ity">
                     <container id="l8ex4itz" type="exclusive">
                        <title>Reason 1</title>
                        <flow id="l8ex4iu0">
                           <assignment id="l8ex4iu1">
                              <title>Assignment to Error Reason, tempSourceXMLLength 1</title>
                              <operation source="formula"
                                         to="output.Created ICRT_Message_Log__c.ICRT_Error_Reason__c">
                                 <expression language="XQuery">fn:substring-before($output.faultInfoOutbound[1]/reason, 'SourceXMLBody:')</expression>
                              </operation>
                              <operation source="formula" to="temp.tempSourceXMLLength">
                                 <expression language="XQuery">fn:string-length(fn:substring-after($output.faultInfoOutbound[1]/reason, 'SourceXMLBody:'))</expression>
                              </operation>
                              <link id="l8ex4ivw" targetId="l8ex4iu2"/>
                           </assignment>
                           <container id="l8ex4iu2" type="exclusive">
                              <title>tempSourceXMLLength 1</title>
                              <flow id="l8ex4iu3">
                                 <assignment id="l8ex4iu4">
                                    <title>Assignment to SourceXMLBody, SourceXMLBody Additional, etc. 1</title>
                                    <operation source="formula"
                                               to="output.Created ICRT_Message_Log__c.ICRT_SourceXMLBody__c">
                                       <expression language="XQuery">fn:substring(fn:substring-after($output.faultInfoOutbound[1]/reason, 'SourceXMLBody:'), 1, 130000)</expression>
                                    </operation>
                                    <operation source="formula"
                                               to="output.Created ICRT_Message_Log__c.ICRT_SourceXMLBody_Additional__c">
                                       <expression language="XQuery">fn:substring(fn:substring-after($output.faultInfoOutbound[1]/reason, 'SourceXMLBody:'), 130001, 130000)</expression>
                                    </operation>
                                    <operation source="constant"
                                               to="output.Created ICRT_Message_Log__c.ICRT_ESBMEssagePartSequenceNumber__c">2</operation>
                                 </assignment>
                                 <link id="l8ex4ivz" targetId="l8ex4iu2" type="containerLink"/>
                              </flow>
                              <flow id="l8ex4iu5">
                                 <assignment id="l8ex4iu6">
                                    <title>Assignment to SourceXMLBody, SourceXMLBody Additional, etc. 1</title>
                                    <operation source="formula"
                                               to="output.Created ICRT_Message_Log__c.ICRT_SourceXMLBody__c">
                                       <expression language="XQuery">fn:substring-after($output.faultInfoOutbound[1]/reason, 'SourceXMLBody:')</expression>
                                    </operation>
                                    <operation source="constant"
                                               to="output.Created ICRT_Message_Log__c.ICRT_ESBMEssagePartSequenceNumber__c">1</operation>
                                 </assignment>
                                 <link id="l8ex4iw0" targetId="l8ex4iu2" type="containerLink"/>
                              </flow>
                              <link id="l8ex4ivx" targetId="l8ex4iu3" type="containerLink">
                                 <condition source="formula">
                                    <function name="greater-than">
                                       <arg name="left">{$temp.tempSourceXMLLength}</arg>
                                       <arg name="right">{130000}</arg>
                                    </function>
                                 </condition>
                              </link>
                              <link id="l8ex4ivy" targetId="l8ex4iu5" type="containerLink"/>
                           </container>
                           <link id="l8ex4ivv" targetId="l8ex4itz" type="containerLink"/>
                        </flow>
                        <flow id="l8ex4iu7">
                           <assignment id="l8ex4iu8">
                              <title>Assignment to Error Reason 1</title>
                              <operation source="field"
                                         to="output.Created ICRT_Message_Log__c.ICRT_Error_Reason__c">output.faultInfoOutbound[1]/reason</operation>
                           </assignment>
                           <link id="l8ex4iw1" targetId="l8ex4itz" type="containerLink"/>
                        </flow>
                        <link id="l8ex4ivs" targetId="l8ex4iu0" type="containerLink">
                           <condition source="formula">
                              <function name="contains">
                                 <arg name="left">{$output.faultInfoOutbound[1]/reason}</arg>
                                 <arg name="right">SourceXMLBody:</arg>
                              </function>
                           </condition>
                        </link>
                        <link id="l8ex4ivt" targetId="l8ex4iu7" type="containerLink"/>
                        <link id="l8ex4ivu" targetId="l8ex4iu9"/>
                     </container>
                     <container id="l8ex4iu9" type="exclusive">
                        <title>Reason 1</title>
                        <flow id="l8ex4iua">
                           <assignment id="l8ex4iub">
                              <title>Assignment to tempRetryCount 1</title>
                              <operation source="formula" to="temp.tempRetryCount">
                                 <expression language="XQuery">$temp.tempRetryCount + 1</expression>
                              </operation>
                              <link id="l8ex4iw5" targetId="l8ex4iuc"/>
                           </assignment>
                           <container id="l8ex4iuc" type="exclusive">
                              <title>retryCount 1</title>
                              <flow id="l8ex4iud">
                                 <wait id="l8ex4iue">
                                    <duration source="formula">
                                       <function name="duration_expression">
                                          <arg name="value">{$output.retryDelay}</arg>
                                          <arg name="scale">S</arg>
                                          <arg name="businessDays"/>
                                       </function>
                                    </duration>
                                    <link id="l8ex4iw8" targetId="l8ex4iuf"/>
                                 </wait>
                                 <jumpTo id="l8ex4iuf">
                                    <link id="l8ex4iw9" targetId="l8ex4isv"/>
                                 </jumpTo>
                              </flow>
                              <flow id="l8ex4iug">
                                 <assignment id="l8ex4iuh">
                                    <title>Assignment to Error Message, Error Reason, etc. outbound 1</title>
                                    <operation source="constant"
                                               to="output.Created ICRT_Message_Log__c.ICRT_Error_Message__c">Code : {$output.faultInfoOutbound[1]/code} 
Detail:{$output.faultInfoOutbound[1]/detail}</operation>
                                    <operation source="constant"
                                               to="output.Created ICRT_Message_Log__c.ICRT_Message_Status__c">Middleware Timeout Error</operation>
                                    <operation source="formula"
                                               to="output.Created ICRT_Message_Log__c.ICRT_Update_Process_ID__c">
                                       <expression language="XQuery">util:getProcessId()</expression>
                                    </operation>
                                    <link id="l8ex4iwa" targetId="l8ex4iui"/>
                                 </assignment>
                                 <throw id="l8ex4iui">
                                    <throwInput>
                                       <parameter name="code" source="formula" updatable="true">
                                          <expression language="XQuery">fn:concat('SystemITQueue','||--||',$output.faultInfoOutbound[1]/code)</expression>
                                       </parameter>
                                       <parameter name="detail" source="field" updatable="true">output.faultInfoOutbound[1]/detail</parameter>
                                       <parameter name="reason" source="field" updatable="true">output.faultInfoOutbound[1]/reason</parameter>
                                    </throwInput>
                                 </throw>
                              </flow>
                              <link id="l8ex4iw6" targetId="l8ex4iud" type="containerLink">
                                 <condition source="formula">
                                    <function name="greater-than">
                                       <arg name="left">{$output.retryCount}</arg>
                                       <arg name="right">{$temp.tempRetryCount}</arg>
                                    </function>
                                 </condition>
                              </link>
                              <link id="l8ex4iw7" targetId="l8ex4iug" type="containerLink"/>
                           </container>
                        </flow>
                        <flow id="l8ex4iuj">
                           <assignment id="l8ex4iuk">
                              <title>Assignment to Error Message, Error Reason, etc. outbound 1</title>
                              <operation source="constant"
                                         to="output.Created ICRT_Message_Log__c.ICRT_Error_Message__c">Code : {$output.faultInfoOutbound[1]/code} 
Detail:{$output.faultInfoOutbound[1]/detail}</operation>
                              <operation source="constant"
                                         to="output.Created ICRT_Message_Log__c.ICRT_Message_Status__c">Middleware Validation Error</operation>
                              <operation source="formula"
                                         to="output.Created ICRT_Message_Log__c.ICRT_Update_Process_ID__c">
                                 <expression language="XQuery">util:getProcessId()</expression>
                              </operation>
                              <link id="l8ex4iwb" targetId="l8ex4iul"/>
                           </assignment>
                           <create id="l8ex4iul">
                              <title>Create Task 1</title>
                              <entityName>Salesforce:Task</entityName>
                              <createInput>
                                 <parameter name="RecordTypeId" source="constant" updatable="true">012U00000005dYtIAI</parameter>
                                 <parameter name="WhatId" source="field">OrderId</parameter>
                                 <parameter name="Subject" source="constant" updatable="true">BillingDataMessage Error</parameter>
                                 <parameter name="Status" source="constant" updatable="true">Open</parameter>
                                 <parameter name="Priority" source="constant" updatable="true">2 - Normal</parameter>
                                 <parameter name="Description" source="constant" updatable="true">Code:{$output.faultInfoOutbound[1]/code}
Reason:{$output.CreatedICRT_Message_Log__c.ICRT_Error_Reason__c}  
Detail:{$output.faultInfoOutbound[1]/detail}</parameter>
                                 <parameter name="MessageID__c" source="field" updatable="true">output.Created ICRT_Message_Log__c.ICRT_Source_Message_ID__c</parameter>
                                 <parameter name="OSM_ICRT_Last_Modified_Process_ID__c"
                                            source="formula"
                                            updatable="true">
                                    <expression language="XQuery">util:getProcessId()</expression>
                                 </parameter>
                              </createInput>
                              <link id="l8ex4iwc" targetId="l8ex4ium"/>
                           </create>
                           <end id="l8ex4ium"/>
                        </flow>
                        <flow id="l8ex4iun">
                           <assignment id="l8ex4iuo">
                              <title>Assignment to Error Message, Error Reason, etc. outbound 1</title>
                              <operation source="constant"
                                         to="output.Created ICRT_Message_Log__c.ICRT_Error_Message__c">Code : {$output.faultInfoOutbound[1]/code} 
Detail:{$output.faultInfoOutbound[1]/detail}</operation>
                              <operation source="constant"
                                         to="output.Created ICRT_Message_Log__c.ICRT_Message_Status__c">Unknown Error</operation>
                              <operation source="formula"
                                         to="output.Created ICRT_Message_Log__c.ICRT_Update_Process_ID__c">
                                 <expression language="XQuery">util:getProcessId()</expression>
                              </operation>
                              <link id="l8ex4iwd" targetId="l8ex4iup"/>
                           </assignment>
                           <throw id="l8ex4iup">
                              <throwInput>
                                 <parameter name="code" source="formula" updatable="true">
                                    <expression language="XQuery">fn:concat('SystemITQueue','||--||',$output.faultInfoOutbound[1]/code)</expression>
                                 </parameter>
                                 <parameter name="detail" source="field" updatable="true">output.faultInfoOutbound[1]/detail</parameter>
                                 <parameter name="reason" source="field" updatable="true">output.faultInfoOutbound[1]/reason</parameter>
                              </throwInput>
                           </throw>
                        </flow>
                        <link id="l8ex4iw2" targetId="l8ex4iua" type="containerLink">
                           <condition source="formula">
                              <function name="contains">
                                 <arg name="left">{$output.faultInfoOutbound[1]/reason}</arg>
                                 <arg name="right">timeout error</arg>
                              </function>
                           </condition>
                        </link>
                        <link id="l8ex4iw3" targetId="l8ex4iuj" type="containerLink">
                           <condition source="formula">
                              <function name="contains">
                                 <arg name="left">{$output.faultInfoOutbound[1]/reason}</arg>
                                 <arg name="right">validation failure</arg>
                              </function>
                           </condition>
                        </link>
                        <link id="l8ex4iw4" targetId="l8ex4iun" type="containerLink"/>
                     </container>
                  </flow>
                  <link id="l8ex4iur" targetId="l8ex4isw" type="containerLink"/>
                  <events>
                     <catch faultField="faultInfoOutbound" id="iznmdvtt" interrupting="true">
                        <link id="l8ex4ius" targetId="l8ex4ity" type="containerLink"/>
                     </catch>
                  </events>
               </eventContainer>
            </flow>
         </process>
      </types1:Entry>
      <types1:GUID>kVa44e4MKYsedUmM6xp0Mi</types1:GUID>
      <types1:DisplayName>INT-MP-Send-Billing-Message-Main</types1:DisplayName>
   </types1:Item>
   <types1:CurrentServerDateTime>2023-05-18T11:15:43.443Z</types1:CurrentServerDateTime>
</aetgt:getResponse>
