<aetgt:getResponse xmlns:aetgt="http://schemas.active-endpoints.com/appmodules/repository/2010/10/avrepository.xsd"
                   xmlns:types1="http://schemas.active-endpoints.com/appmodules/repository/2010/10/avrepository.xsd">
   <types1:Item>
      <types1:EntryId>T4xWPQE8jIw8jIw-gt-15163275-2019-03-07T20:35:14.727Z::pd.xml</types1:EntryId>
      <types1:Name>INT-XDM-OrderDataMessage</types1:Name>
      <types1:ParentFlowIds>4BEogjER0XabeAz-gt-15163347-2019-03-07T20:35:15.891Z::pd.xml,DQeH2PKDC0hCHbf-gt-15161835-2019-03-07T20:34:56.476Z::pd.xml,nYDeMVX3cjk91pq-gt-15163671-2019-03-07T20:35:21.219Z::pd.xml,qig0zFMi4tciSrZ-gt-15161679-2019-03-07T20:34:55.267Z::pd.xml,Ws86zqzm5Y6tMFy-gt-15162081-2019-03-07T20:34:58.789Z::pd.xml</types1:ParentFlowIds>
      <types1:MimeType>application/xml+process</types1:MimeType>
      <types1:Description>This will construct the main body of OrderDataMessage</types1:Description>
      <types1:AppliesTo>Salesforce:Order</types1:AppliesTo>
      <types1:Tags>DataMessageGeneration,Integration,OrderDataMessage</types1:Tags>
      <types1:VersionLabel>1.0</types1:VersionLabel>
      <types1:State>CURRENT</types1:State>
      <types1:ProcessGroup/>
      <types1:CreatedBy>admin@001e08.ghi</types1:CreatedBy>
      <types1:CreationDate>2019-03-07T20:35:14Z</types1:CreationDate>
      <types1:ModifiedBy>admin@par15.ghi</types1:ModifiedBy>
      <types1:ModificationDate>2023-05-01T22:23:43Z</types1:ModificationDate>
      <types1:PublicationStatus>published</types1:PublicationStatus>
      <types1:PublishedBy>admin@par15.ghi</types1:PublishedBy>
      <types1:PublicationDate>2023-05-16T22:16:01Z</types1:PublicationDate>
      <types1:PublishedContributionId>project:/spi.INT-XDM-OrderDataMessage/INT-XDM-OrderDataMessage.pd.xml</types1:PublishedContributionId>
      <types1:AutosaveExists>false</types1:AutosaveExists>
      <types1:Entry>
         <process xmlns="http://schemas.active-endpoints.com/appmodules/screenflow/2010/10/avosScreenflow.xsd"
                  xmlns:tfm="http://schemas.active-endpoints.com/appmodules/screenflow/2021/04/taskflowModel.xsd"
                  xmlns:list="urn:activevos:spi:list:functions"
                  displayName="INT-XDM-OrderDataMessage"
                  name="INT-XDM-OrderDataMessage">
            <parameterSet xmlns="http://schemas.active-endpoints.com/appmodules/screenflow/2021/04/taskflowModel.xsd"/>
            <appliesTo>Salesforce:Order</appliesTo>
            <description>This will construct the main body of OrderDataMessage</description>
            <tags>DataMessageGeneration,Integration,OrderDataMessage</tags>
            <generator>Informatica Process Designer 11</generator>
            <input>
               <parameter description="" name="InObjectName" type="string">
                  <options>
                     <option name="required">false</option>
                  </options>
               </parameter>
               <parameter description="" name="InRecordName" type="string">
                  <options>
                     <option name="required">false</option>
                  </options>
               </parameter>
               <parameter description="" name="InDvcOLI" type="reference">
                  <options>
                     <option name="referenceTo">Salesforce:OrderItem</option>
                     <option name="required">false</option>
                     <option name="guid">9rhyRDabNHiiDcOu4c64gK</option>
                  </options>
               </parameter>
               <parameter description="" name="isButtonClicked" type="boolean">
                  <options>
                     <option name="defaultvalue">false</option>
                     <option name="boolean_show_as">checkbox</option>
                     <option name="required">false</option>
                  </options>
               </parameter>
            </input>
            <output>
               <field description="" name="ErrorMessage" type="string">
                  <options>
                     <option name="required">false</option>
                  </options>
               </field>
            </output>
            <tempFields>
               <field description="" name="tempOLI" type="reference">
                  <options>
                     <option name="referenceTo">Salesforce:OrderItem</option>
                     <option name="required">false</option>
                     <option name="guid">9rhyRDabNHiiDcOu4c64gK</option>
                  </options>
               </field>
               <field description="" name="tempOrderDataMessage" type="reference">
                  <options>
                     <option name="referenceTo">GHI-ESB-REST:OrderDataMessageType</option>
                     <option name="required">false</option>
                     <option name="isCopy">true</option>
                     <option name="guid">04fR9piQEr8jbmyLWN9SwT</option>
                  </options>
               </field>
               <field description="" name="tempRetryCount" type="int">
                  <options>
                     <option name="required">false</option>
                     <option name="initialvalue">0</option>
                  </options>
               </field>
               <field description="" name="tempOrder" type="reference">
                  <options>
                     <option name="referenceTo">Salesforce:Order</option>
                     <option name="required">false</option>
                     <option name="guid">9rhyRDabNHiiDcOu4c64gK</option>
                  </options>
               </field>
               <field description="" name="tempSourceXMLLength" type="int">
                  <options>
                     <option name="required">false</option>
                     <option hide="true" name="initialvalue">0</option>
                  </options>
               </field>
               <field description="" name="tempSelectedOLI" type="reference">
                  <options>
                     <option name="referenceTo">GHI-ESB-REST:SelectedOrderLineItems_AnonymousType</option>
                     <option name="required">false</option>
                     <option name="isCopy">true</option>
                     <option name="guid">04fR9piQEr8jbmyLWN9SwT</option>
                  </options>
               </field>
               <field description="" name="tempSystemSettings" type="reference">
                  <options>
                     <option name="referenceTo">Salesforce:Record_Type__c</option>
                     <option name="required">false</option>
                     <option name="guid">9rhyRDabNHiiDcOu4c64gK</option>
                  </options>
               </field>
               <field description="" name="tempCheckARV7EndPoint" type="boolean">
                  <options>
                     <option name="defaultvalue">false</option>
                     <option name="boolean_show_as">checkbox</option>
                     <option name="required">false</option>
                  </options>
               </field>
               <field description="" name="tempMulesoftOrderDataMessage" type="reference">
                  <options>
                     <option name="referenceTo">GHI-ESB-MuleSoft-REST:OrderDataMessageType</option>
                     <option name="required">false</option>
                     <option name="isCopy">true</option>
                     <option name="guid">2mesVm98m2aeU4noLBE2qQ</option>
                  </options>
               </field>
               <field description="" name="tempAllOLIs" type="objectlist">
                  <options>
                     <option name="referenceTo">Salesforce:OrderItem</option>
                     <option hide="true" name="multiSelect">true</option>
                     <option name="required">false</option>
                     <option name="guid">9rhyRDabNHiiDcOu4c64gK</option>
                  </options>
               </field>
               <field description="" name="tempOLIHead" type="reference">
                  <options>
                     <option name="referenceTo">Salesforce:OrderItem</option>
                     <option name="required">false</option>
                     <option name="guid">9rhyRDabNHiiDcOu4c64gK</option>
                  </options>
               </field>
               <field description="" name="tempPublishedOnEMR" type="boolean">
                  <options>
                     <option name="defaultvalue">false</option>
                     <option name="boolean_show_as">checkbox</option>
                     <option name="required">false</option>
                  </options>
               </field>
            </tempFields>
            <notes/>
            <deployment skipIfRunning="false" suspendOnFault="false" tracingLevel="normal">
               <rest/>
            </deployment>
            <flow id="a">
               <start id="b">
                  <link id="jqzumz8e" targetId="jqzumz8d"/>
               </start>
               <subflow id="jqzumz8d">
                  <title>ER-Get GHI ICRT Retry Settings</title>
                  <subflowGUID>l4srhfOIvKLgD3l4HRWAyQ</subflowGUID>
                  <subflowPath>ER-Get_GHI_ICRT_Retry_Settings</subflowPath>
                  <runForEach>false</runForEach>
                  <input/>
                  <outputDef>
                     <field name="retryCount" type="int">
                        <options>
                           <option name="required">false</option>
                        </options>
                     </field>
                     <field name="retryDelay" type="double">
                        <options>
                           <option name="required">false</option>
                        </options>
                     </field>
                  </outputDef>
                  <link id="jqzumz8f" targetId="j9hn2ijp"/>
               </subflow>
               <subflow id="iwbrrdq8">
                  <title>INT-SXDM-Order  </title>
                  <subflowGUID>30Hykgf3e7hjUMYEvAk9Ux</subflowGUID>
                  <subflowPath>INT-SXDM-Order</subflowPath>
                  <appliesTo>Salesforce:OrderItem</appliesTo>
                  <appliesToDataName source="field">temp.tempOLI</appliesToDataName>
                  <runForEach>false</runForEach>
                  <runAsUser>$system</runAsUser>
                  <input>
                     <parameter name="InOrderId" source="formula" updatable="true">
                        <expression language="XQuery">$temp.tempOLI.Id</expression>
                     </parameter>
                  </input>
                  <outputDef>
                     <field name="OrderType" type="reference">
                        <options>
                           <option name="referenceTo">GHI-ESB-REST:OrderType</option>
                           <option name="required">false</option>
                           <option name="isCopy">true</option>
                           <option name="guid">04fR9piQEr8jbmyLWN9SwT</option>
                        </options>
                     </field>
                  </outputDef>
                  <link id="ksoqmnwa" targetId="iwbrrdrb"/>
               </subflow>
               <container id="j9hn2ijp" type="exclusive">
                  <title>Order Line Item Count</title>
                  <flow id="j9hn2iml">
                     <container id="l52f2e8e" type="exclusive">
                        <title>isButtonClicked?</title>
                        <flow id="l52f2e9z">
                           <link id="l52f2ea0" targetId="l52f2e8e" type="containerLink"/>
                        </flow>
                        <flow id="l52f2ea1">
                           <container id="l52f2ee2" type="exclusive">
                              <title>ODM Sent?</title>
                              <flow id="l52f2ee3">
                                 <end id="l52f2ee4">
                                    <title>End 1</title>
                                 </end>
                              </flow>
                              <flow id="l52f2ee5">
                                 <link id="l52f2ee8" targetId="l52f2ee2" type="containerLink"/>
                              </flow>
                              <link id="l52f2ee6" targetId="l52f2ee3" type="containerLink">
                                 <condition source="formula">
                                    <function name="true">
                                       <arg name="field">{$OSM_ODM_Sent__c}</arg>
                                    </function>
                                 </condition>
                              </link>
                              <link id="l52f2ee7" targetId="l52f2ee5" type="containerLink">
                                 <condition source="formula">
                                    <function name="false">
                                       <arg name="field">{$OSM_ODM_Sent__c}</arg>
                                    </function>
                                 </condition>
                              </link>
                           </container>
                           <link id="l52f2ea2" targetId="l52f2e8e" type="containerLink"/>
                        </flow>
                        <link id="l52f2e9s" targetId="l52f2e9z" type="containerLink">
                           <condition source="formula">
                              <function name="true">
                                 <arg name="field">{$input.isButtonClicked}</arg>
                              </function>
                           </condition>
                        </link>
                        <link id="l52f2e9v" targetId="l52f2ea1" type="containerLink">
                           <condition source="formula">
                              <function name="false">
                                 <arg name="field">{$input.isButtonClicked}</arg>
                              </function>
                           </condition>
                        </link>
                     </container>
                     <link id="j9hn2imm" targetId="j9hn2ijp" type="containerLink"/>
                  </flow>
                  <flow id="j9hn2imo">
                     <assignment id="j9hn2imn">
                        <title>Assignment to ErrorMessage</title>
                        <operation source="constant" to="output.ErrorMessage">Order has no Order Line Items to send Order Data Message.</operation>
                        <link id="j9hn5q1y" targetId="j9hn5q1x"/>
                     </assignment>
                     <end id="j9hn5q1x"/>
                  </flow>
                  <link id="j9hn2imi" targetId="j9hn2iml" type="containerLink">
                     <condition source="formula">
                        <function name="greater-than">
                           <arg name="left">{$OSM_Order_Line_Item_Count__c}</arg>
                           <arg name="right">{0}</arg>
                        </function>
                     </condition>
                  </link>
                  <link id="j9hn2imj" targetId="j9hn2imo" type="containerLink"/>
                  <link id="j9hn2ijr" targetId="j16gmlxc"/>
               </container>
               <container id="j16gmlym" type="exclusive">
                  <title>InDvcOLI</title>
                  <flow id="j16gmlyn">
                     <container id="j16gmm0b" type="exclusive">
                        <title>Data Entry Status</title>
                        <flow id="j16gmm14">
                           <assignment id="j16gmm13">
                              <title>Assignment to Action</title>
                              <operation source="constant"
                                         to="output.Created ICRT_Message_Log__c.ICRT_Action__c">DataVerificationComplete</operation>
                              <operation source="field"
                                         to="temp.tempSelectedOLI[1]/SelectedOrderLineItem[1]/OrderLineItemId">input.InDvcOLI.OSM_Main_Order_Line_Item_ID__c</operation>
                              <operation source="constant" to="temp.tempOrderDataMessage[1]/Action">DataVerificationComplete</operation>
                              <link id="j16gmm2o" targetId="j16gmm2n"/>
                           </assignment>
                           <assignment id="j16gmm2n">
                              <title>Assignment to temp.tempOrderDataMessage[1]/SelectedOrderLineItems</title>
                              <operation source="formula"
                                         to="temp.tempOrderDataMessage[1]/SelectedOrderLineItems">
                                 <function name="list:append">
                                    <arg name="dest_field">{$temp.tempOrderDataMessage[1]/SelectedOrderLineItems}</arg>
                                    <arg name="new_field">{$temp.tempSelectedOLI}</arg>
                                 </function>
                              </operation>
                           </assignment>
                           <link id="j16gmm15" targetId="j16gmm0b" type="containerLink"/>
                        </flow>
                        <flow id="j16gmm17">
                           <link id="j16gmm18" targetId="j16gmm0b" type="containerLink"/>
                        </flow>
                        <link id="j16gmm11" targetId="j16gmm14" type="containerLink">
                           <condition source="formula">
                              <function name="string-equals">
                                 <arg name="left">{$input.InDvcOLI.OSM_Data_Entry_Status__c}</arg>
                                 <arg name="right">Data Verification Complete</arg>
                              </function>
                           </condition>
                        </link>
                        <link id="j16gmm12" targetId="j16gmm17" type="containerLink"/>
                     </container>
                     <link id="j16gmlyr" targetId="j16gmlym" type="containerLink"/>
                  </flow>
                  <flow id="j16gmlyo">
                     <link id="j16gmlys" targetId="j16gmlym" type="containerLink"/>
                  </flow>
                  <link id="j16gmlyp" targetId="j16gmlyn" type="containerLink">
                     <condition source="formula">
                        <function name="set">
                           <arg name="field">{$input.InDvcOLI}</arg>
                        </function>
                     </condition>
                  </link>
                  <link id="j16gmlyq" targetId="j16gmlyo" type="containerLink">
                     <condition source="formula">
                        <function name="unset">
                           <arg name="field">{$input.InDvcOLI}</arg>
                        </function>
                     </condition>
                  </link>
                  <link id="l45dajy0" targetId="l42gw5bx"/>
               </container>
               <container id="l42gw5fo" type="exclusive">
                  <title>tempCheckARV7EndPoint?</title>
                  <flow id="l42gw5fs">
                     <eventContainer id="l42gw5h0">
                        <service id="l42gw5hw">
                           <title>Order</title>
                           <serviceName>GHI-ESB-REST:Order</serviceName>
                           <serviceGUID>04fR9piQEr8jbmyLWN9SwT</serviceGUID>
                           <serviceInput>
                              <parameter name="OrderDataMessage" source="field">temp.tempOrderDataMessage</parameter>
                           </serviceInput>
                        </service>
                        <flow id="l42gw5h1">
                           <link id="l42gw5hz" targetId="l42gw5h0" type="containerLink"/>
                        </flow>
                        <flow id="l42gw5h3">
                           <container id="l42gw5h4" type="exclusive">
                              <title>Reason</title>
                              <flow id="l42gw5h5">
                                 <assignment id="l42gw5h6">
                                    <title>Assignment to Error Reason, tempSourceXMLLength</title>
                                    <operation source="formula"
                                               to="output.Created ICRT_Message_Log__c.ICRT_Error_Reason__c">
                                       <expression language="XQuery">fn:substring-before($output.faultInfoOutbound[1]/reason,'SourceXMLBody:')</expression>
                                    </operation>
                                    <operation source="formula" to="temp.tempSourceXMLLength">
                                       <expression language="XQuery">fn:string-length(fn:substring-after($output.faultInfoOutbound[1]/reason, 'SourceXMLBody:'))</expression>
                                    </operation>
                                    <link id="l42gw5i4" targetId="l42gw5h7"/>
                                 </assignment>
                                 <container id="l42gw5h7" type="exclusive">
                                    <title>tempSourceXMLLength</title>
                                    <flow id="l42gw5h8">
                                       <assignment id="l42gw5h9">
                                          <title>Assignment to SourceXMLBody, SourceXMLBody Additional, etc.</title>
                                          <operation source="formula"
                                                     to="output.Created ICRT_Message_Log__c.ICRT_SourceXMLBody__c">
                                             <expression language="XQuery">fn:substring(fn:substring-after($output.faultInfoOutbound[1]/reason,'SourceXMLBody:'), 1, 130000)
</expression>
                                          </operation>
                                          <operation source="formula"
                                                     to="output.Created ICRT_Message_Log__c.ICRT_SourceXMLBody_Additional__c">
                                             <expression language="XQuery">fn:substring(fn:substring-after($output.faultInfoOutbound[1]/reason,'SourceXMLBody:'), 130001, 130000)
</expression>
                                          </operation>
                                          <operation source="constant"
                                                     to="output.Created ICRT_Message_Log__c.ICRT_ESBMEssagePartSequenceNumber__c">2</operation>
                                       </assignment>
                                       <link id="l42gw5i7" targetId="l42gw5h7" type="containerLink"/>
                                    </flow>
                                    <flow id="l42gw5ha">
                                       <assignment id="l42gw5hb">
                                          <title>Assignment to SourceXMLBody, SourceXMLBody Additional, etc.</title>
                                          <operation source="formula"
                                                     to="output.Created ICRT_Message_Log__c.ICRT_SourceXMLBody__c">
                                             <expression language="XQuery">fn:substring-after($output.faultInfoOutbound[1]/reason,'SourceXMLBody:')</expression>
                                          </operation>
                                          <operation source="constant"
                                                     to="output.Created ICRT_Message_Log__c.ICRT_ESBMEssagePartSequenceNumber__c">1</operation>
                                       </assignment>
                                       <link id="l42gw5i8" targetId="l42gw5h7" type="containerLink"/>
                                    </flow>
                                    <link id="l42gw5i5" targetId="l42gw5h8" type="containerLink">
                                       <condition source="formula">
                                          <function name="greater-than">
                                             <arg name="left">{$temp.tempSourceXMLLength}</arg>
                                             <arg name="right">{130000}</arg>
                                          </function>
                                       </condition>
                                    </link>
                                    <link id="l42gw5i6" targetId="l42gw5ha" type="containerLink"/>
                                 </container>
                                 <link id="l42gw5i3" targetId="l42gw5h4" type="containerLink"/>
                              </flow>
                              <flow id="l42gw5hc">
                                 <assignment id="l42gw5hd">
                                    <title>Assignment to Error Reason</title>
                                    <operation source="field"
                                               to="output.Created ICRT_Message_Log__c.ICRT_Error_Reason__c">output.faultInfoOutbound[1]/reason</operation>
                                 </assignment>
                                 <link id="l42gw5i9" targetId="l42gw5h4" type="containerLink"/>
                              </flow>
                              <link id="l42gw5i0" targetId="l42gw5h5" type="containerLink">
                                 <condition source="formula">
                                    <function name="contains">
                                       <arg name="left">{$output.faultInfoOutbound[1]/reason}</arg>
                                       <arg name="right">SourceXMLBody:</arg>
                                    </function>
                                 </condition>
                              </link>
                              <link id="l42gw5i1" targetId="l42gw5hc" type="containerLink"/>
                              <link id="l42gw5i2" targetId="l42gw5he"/>
                           </container>
                           <container id="l42gw5he" type="exclusive">
                              <title>Reason</title>
                              <flow id="l42gw5hf">
                                 <assignment id="l42gw5hg">
                                    <title>Assignment to tempRetryCount</title>
                                    <operation source="formula" to="temp.tempRetryCount">
                                       <expression language="XQuery">$temp.tempRetryCount + 1</expression>
                                    </operation>
                                    <link id="l42gw5id" targetId="l42gw5hh"/>
                                 </assignment>
                                 <container id="l42gw5hh" type="exclusive">
                                    <title>retryCount</title>
                                    <flow id="l42gw5hi">
                                       <wait id="l42gw5hj">
                                          <duration source="formula">
                                             <function name="duration_expression">
                                                <arg name="value">{$output.retryDelay}</arg>
                                                <arg name="scale">S</arg>
                                                <arg name="businessDays"/>
                                             </function>
                                          </duration>
                                          <link id="l42gw5ig" targetId="l42gw5hk"/>
                                       </wait>
                                       <jumpTo id="l42gw5hk">
                                          <link id="l42gw5ih" targetId="l42gw5h0"/>
                                       </jumpTo>
                                    </flow>
                                    <flow id="l42gw5hl">
                                       <assignment id="l42gw5hm">
                                          <title>Assignment to Error Message, Error Reason, etc. outbound</title>
                                          <operation source="constant"
                                                     to="output.Created ICRT_Message_Log__c.ICRT_Error_Message__c">Code : {$output.faultInfoOutbound[1]/code} 
Detail:{$output.faultInfoOutbound[1]/detail}</operation>
                                          <operation source="constant"
                                                     to="output.Created ICRT_Message_Log__c.ICRT_Message_Status__c">Middleware Timeout Error</operation>
                                          <operation source="formula"
                                                     to="output.Created ICRT_Message_Log__c.ICRT_Update_Process_ID__c">
                                             <expression language="XQuery">util:getProcessId()</expression>
                                          </operation>
                                          <link id="l42gw5ii" targetId="l42gw5hn"/>
                                       </assignment>
                                       <throw id="l42gw5hn">
                                          <throwInput>
                                             <parameter name="code" source="formula" updatable="true">
                                                <expression language="XQuery">fn:concat('SystemITQueue','||--||',$output.faultInfoOutbound[1]/code)</expression>
                                             </parameter>
                                             <parameter name="detail" source="field" updatable="true">output.faultInfoOutbound[1]/detail</parameter>
                                             <parameter name="reason" source="field" updatable="true">output.faultInfoOutbound[1]/reason</parameter>
                                          </throwInput>
                                       </throw>
                                    </flow>
                                    <link id="l42gw5ie" targetId="l42gw5hi" type="containerLink">
                                       <condition source="formula">
                                          <function name="greater-than">
                                             <arg name="left">{$output.retryCount}</arg>
                                             <arg name="right">{$temp.tempRetryCount}</arg>
                                          </function>
                                       </condition>
                                    </link>
                                    <link id="l42gw5if" targetId="l42gw5hl" type="containerLink"/>
                                 </container>
                              </flow>
                              <flow id="l42gw5ho">
                                 <assignment id="l42gw5hp">
                                    <title>Assignment to Error Message, Error Reason, etc. outbound</title>
                                    <operation source="constant"
                                               to="output.Created ICRT_Message_Log__c.ICRT_Error_Message__c">Code : {$output.faultInfoOutbound[1]/code} 
Detail: {$output.faultInfoOutbound[1]/detail} </operation>
                                    <operation source="constant"
                                               to="output.Created ICRT_Message_Log__c.ICRT_Message_Status__c">Middleware Validation Error</operation>
                                    <operation source="formula"
                                               to="output.Created ICRT_Message_Log__c.ICRT_Update_Process_ID__c">
                                       <expression language="XQuery">util:getProcessId()</expression>
                                    </operation>
                                    <link id="l42gw5ij" targetId="l42gw5hq"/>
                                 </assignment>
                                 <assignment id="l42gw5hq">
                                    <title>Assignment Order</title>
                                    <operation source="query" to="temp.tempOrder">
                                       <query advanceQuery="false" from="Salesforce:Order">
                                          <where>OrderNumber = '{$temp.tempOrderDataMessage[1]/Order[1]/OrderId}' OR (OSM_Legacy_Order_ID__c != '' AND OSM_Legacy_Order_ID__c = '{$temp.tempOrderDataMessage[1]/Order[1]/OrderId}')</where>
                                       </query>
                                    </operation>
                                    <operation source="formula" to="output.ErrorMessage">
                                       <expression language="XQuery">fn:substring($output.CreatedICRT_Message_Log__c.ICRT_Error_Reason__c, 1, 255)</expression>
                                    </operation>
                                    <link id="l42gw5ik" targetId="l42gw5hr"/>
                                 </assignment>
                                 <create id="l42gw5hr">
                                    <title>Create Task</title>
                                    <entityName>Salesforce:Task</entityName>
                                    <createInput>
                                       <parameter name="RecordTypeId" source="constant" updatable="true">012U00000005dYtIAI</parameter>
                                       <parameter name="WhatId" source="field">temp.tempOrder</parameter>
                                       <parameter name="Subject" source="constant" updatable="true">OrderDataMessage Error</parameter>
                                       <parameter name="Status" source="constant" updatable="true">Open</parameter>
                                       <parameter name="Priority" source="constant" updatable="true">2 - Normal</parameter>
                                       <parameter name="Description" source="constant" updatable="true">Code:{$output.faultInfoOutbound[1]/code}
Detail:{$output.faultInfoOutbound[1]/detail}
{$output.CreatedICRT_Message_Log__c.ICRT_Error_Reason__c} </parameter>
                                       <parameter name="MessageID__c" source="field" updatable="true">output.Created ICRT_Message_Log__c.ICRT_Source_Message_ID__c</parameter>
                                       <parameter name="OSM_ICRT_Last_Modified_Process_ID__c"
                                                  source="formula"
                                                  updatable="true">
                                          <expression language="XQuery">util:getProcessId()</expression>
                                       </parameter>
                                    </createInput>
                                    <link id="l42gw5il" targetId="l42gw5hs"/>
                                 </create>
                                 <end id="l42gw5hs"/>
                              </flow>
                              <flow id="l42gw5ht">
                                 <assignment id="l42gw5hu">
                                    <title>Assignment to Error Message, Error Reason, etc. outbound</title>
                                    <operation source="constant"
                                               to="output.Created ICRT_Message_Log__c.ICRT_Error_Message__c">Code : {$output.faultInfoOutbound[1]/code} 
Detail:{$output.faultInfoOutbound[1]/detail}</operation>
                                    <operation source="constant"
                                               to="output.Created ICRT_Message_Log__c.ICRT_Message_Status__c">Unknown Error</operation>
                                    <operation source="formula"
                                               to="output.Created ICRT_Message_Log__c.ICRT_Update_Process_ID__c">
                                       <expression language="XQuery">util:getProcessId()</expression>
                                    </operation>
                                    <link id="l42gw5im" targetId="l42gw5hv"/>
                                 </assignment>
                                 <throw id="l42gw5hv">
                                    <throwInput>
                                       <parameter name="code" source="formula" updatable="true">
                                          <expression language="XQuery">fn:concat('SystemITQueue','||--||',$output.faultInfoOutbound[1]/code)</expression>
                                       </parameter>
                                       <parameter name="detail" source="field" updatable="true">output.faultInfoOutbound[1]/detail</parameter>
                                       <parameter name="reason" source="field" updatable="true">output.faultInfoOutbound[1]/reason</parameter>
                                    </throwInput>
                                 </throw>
                              </flow>
                              <link id="l42gw5ia" targetId="l42gw5hf" type="containerLink">
                                 <condition source="formula">
                                    <function name="contains">
                                       <arg name="left">{$output.faultInfoOutbound[1]/reason}</arg>
                                       <arg name="right">timeout error</arg>
                                    </function>
                                 </condition>
                              </link>
                              <link id="l42gw5ib" targetId="l42gw5ho" type="containerLink">
                                 <condition source="formula">
                                    <function name="contains">
                                       <arg name="left">{$output.faultInfoOutbound[1]/reason}</arg>
                                       <arg name="right">validation failure</arg>
                                    </function>
                                 </condition>
                              </link>
                              <link id="l42gw5ic" targetId="l42gw5ht" type="containerLink"/>
                           </container>
                        </flow>
                        <link id="l42gw5hx" targetId="l42gw5h1" type="containerLink"/>
                        <events>
                           <catch faultField="faultInfoOutbound" id="iznpgmpn" interrupting="true">
                              <link id="l42gw5hy" targetId="l42gw5h3" type="containerLink"/>
                           </catch>
                        </events>
                     </eventContainer>
                     <link id="l42gw5ft" targetId="l42gw5fo" type="containerLink"/>
                  </flow>
                  <flow id="l42gw5fv">
                     <assignment id="l42gw5pv">
                        <title>Assignment to tempMulesoftOrderDataMessage</title>
                        <operation source="formula" to="temp.tempMulesoftOrderDataMessage">
                           <expression language="XQuery">$temp.tempOrderDataMessage </expression>
                        </operation>
                        <link id="l445fbn8" targetId="l42gw5zk"/>
                     </assignment>
                     <eventContainer id="l42gw5zk">
                        <service id="l42gw5wq">
                           <title>Order</title>
                           <serviceName>GHI-ESB-MuleSoft-REST:Order</serviceName>
                           <serviceGUID>2mesVm98m2aeU4noLBE2qQ</serviceGUID>
                           <serviceInput>
                              <parameter name="OrderDataMessage" source="field">temp.tempMulesoftOrderDataMessage</parameter>
                           </serviceInput>
                        </service>
                        <flow id="l42gw5zm">
                           <container id="l5bot9ke" type="exclusive">
                              <title>Orderable</title>
                              <flow id="l5bot9kf">
                                 <container id="l5bot9kg" type="exclusive">
                                    <title>ODM Sent?</title>
                                    <flow id="l5bot9kh">
                                       <link id="l5bot9kt" targetId="l5bot9kg" type="containerLink"/>
                                    </flow>
                                    <flow id="l5bot9ki">
                                       <container id="l5bot9kj" type="exclusive">
                                          <title>Status</title>
                                          <flow id="l5bot9kk">
                                             <assignment id="l9d1h3u9">
                                                <title>Assignment to tempRetryCount</title>
                                                <operation source="constant" to="temp.tempRetryCount">0</operation>
                                                <link id="l9d1h3ua" targetId="l5ht84bi"/>
                                             </assignment>
                                             <eventContainer id="l5ht84bi">
                                                <subflow id="l5ht844u">
                                                   <title>SP-ODMSent-Update</title>
                                                   <subflowGUID>g97P8pbqrUAhKfjtxdQemK</subflowGUID>
                                                   <subflowPath>SP-ODMSent-Update</subflowPath>
                                                   <appliesTo>Salesforce:Order</appliesTo>
                                                   <runForEach>false</runForEach>
                                                   <input>
                                                      <parameter name="isODMSent" source="constant" updatable="true">true</parameter>
                                                   </input>
                                                   <outputDef/>
                                                </subflow>
                                                <flow id="l5ht84bk">
                                                   <link id="l5ht84bl" targetId="l5ht84bi" type="containerLink"/>
                                                </flow>
                                                <flow id="l5ht84bn">
                                                   <container id="l5ht84hd" type="exclusive">
                                                      <title>Reason</title>
                                                      <flow id="l5ht84jg">
                                                         <container id="l5ht84mm" type="exclusive">
                                                            <title>tempRetryCount</title>
                                                            <flow id="l5ht856z">
                                                               <throw id="l5ht85ca">
                                                                  <title>Throw 2</title>
                                                                  <throwInput>
                                                                     <parameter name="code" source="field" updatable="true">output.faultInfo[1]/code</parameter>
                                                                     <parameter name="detail" source="field" updatable="true">output.faultInfo[1]/detail</parameter>
                                                                     <parameter name="reason" source="field" updatable="true">output.faultInfo[1]/reason</parameter>
                                                                  </throwInput>
                                                               </throw>
                                                            </flow>
                                                            <flow id="l5ht8571">
                                                               <wait id="l5ht85n4">
                                                                  <title>Wait 1</title>
                                                                  <duration source="formula">
                                                                     <function name="duration_expression">
                                                                        <arg name="value">{$output.retryDelay} </arg>
                                                                        <arg name="scale">S</arg>
                                                                        <arg name="businessDays"/>
                                                                     </function>
                                                                  </duration>
                                                                  <link id="l5ht85xx" targetId="l5ht85xw"/>
                                                               </wait>
                                                               <assignment id="l5ht85xw">
                                                                  <title>Assignment to tempRetryCount</title>
                                                                  <operation source="formula" to="temp.tempRetryCount">
                                                                     <expression language="XQuery">$temp.tempRetryCount + 1</expression>
                                                                  </operation>
                                                                  <link id="l5ht869s" targetId="l5ht869r"/>
                                                               </assignment>
                                                               <jumpTo id="l5ht869r">
                                                                  <link id="l5ht86bo" targetId="l5ht84bi"/>
                                                               </jumpTo>
                                                            </flow>
                                                            <link id="l5ht856s" targetId="l5ht856z" type="containerLink">
                                                               <condition source="formula">
                                                                  <function name="greater-than">
                                                                     <arg name="left">{$temp.tempRetryCount}</arg>
                                                                     <arg name="right">{$output.retryCount}</arg>
                                                                  </function>
                                                               </condition>
                                                            </link>
                                                            <link id="l5ht856v" targetId="l5ht8571" type="containerLink"/>
                                                         </container>
                                                      </flow>
                                                      <flow id="l5ht84ji">
                                                         <jumpTo id="l5ht86ek">
                                                            <link id="l5ht86gc" targetId="l5ht84mm"/>
                                                         </jumpTo>
                                                      </flow>
                                                      <flow id="l5ht84td">
                                                         <throw id="l5ht84vb">
                                                            <title>Throw 1</title>
                                                            <throwInput>
                                                               <parameter name="code" source="field" updatable="true">output.faultInfo[1]/code</parameter>
                                                               <parameter name="detail" source="field" updatable="true">output.faultInfo[1]/detail</parameter>
                                                               <parameter name="reason" source="field" updatable="true">output.faultInfo[1]/reason</parameter>
                                                            </throwInput>
                                                         </throw>
                                                      </flow>
                                                      <link id="l5ht84j9" targetId="l5ht84jg" type="containerLink">
                                                         <condition source="formula">
                                                            <function name="contains">
                                                               <arg name="left">{$output.faultInfo[1]/reason}</arg>
                                                               <arg name="right">UNABLE_TO_LOCK_ROW</arg>
                                                            </function>
                                                         </condition>
                                                      </link>
                                                      <link id="l5ht84jc" targetId="l5ht84ji" type="containerLink">
                                                         <condition source="formula">
                                                            <function name="contains">
                                                               <arg name="left">{$output.faultInfo[1]/reason}</arg>
                                                               <arg name="right">unable to obtain exclusive access to this record</arg>
                                                            </function>
                                                         </condition>
                                                      </link>
                                                      <link id="l5ht84tc" targetId="l5ht84td" type="containerLink"/>
                                                   </container>
                                                </flow>
                                                <link id="l5ht84bj" targetId="l5ht84bk" type="containerLink"/>
                                                <events>
                                                   <catch faultField="faultInfo" id="l5ht846g" interrupting="true">
                                                      <link id="l5ht84bm" targetId="l5ht84bn" type="containerLink"/>
                                                   </catch>
                                                </events>
                                             </eventContainer>
                                             <link id="l5bot9kx" targetId="l5bot9kj" type="containerLink"/>
                                          </flow>
                                          <flow id="l5bot9km">
                                             <link id="l5bot9ky" targetId="l5bot9kj" type="containerLink"/>
                                          </flow>
                                          <link id="l5bot9kv" targetId="l5bot9kk" type="containerLink">
                                             <condition source="formula">
                                                <function name="included">
                                                   <arg name="left">{$OSM_Status__c}</arg>
                                                   <arg name="right">Processing</arg>
                                                </function>
                                             </condition>
                                          </link>
                                          <link id="l5bot9kw" targetId="l5bot9km" type="containerLink"/>
                                       </container>
                                       <link id="l5bot9ku" targetId="l5bot9kg" type="containerLink"/>
                                    </flow>
                                    <link id="l5bot9kr" targetId="l5bot9kh" type="containerLink">
                                       <condition source="formula">
                                          <function name="true">
                                             <arg name="field">{$OSM_ODM_Sent__c}</arg>
                                          </function>
                                       </condition>
                                    </link>
                                    <link id="l5bot9ks" targetId="l5bot9ki" type="containerLink">
                                       <condition source="formula">
                                          <function name="false">
                                             <arg name="field">{$OSM_ODM_Sent__c}</arg>
                                          </function>
                                       </condition>
                                    </link>
                                 </container>
                                 <link id="l5bot9kq" targetId="l5bot9ke" type="containerLink"/>
                              </flow>
                              <flow id="l5bot9kn">
                                 <link id="l5bot9kz" targetId="l5bot9ke" type="containerLink"/>
                              </flow>
                              <link id="l5bot9ko" targetId="l5bot9kf" type="containerLink">
                                 <condition source="formula">
                                    <function name="included">
                                       <arg name="left">{$OSM_Product__c}</arg>
                                       <arg name="right">ExTra Full,ExTra IHC Only,ExTra Molecular Only</arg>
                                    </function>
                                 </condition>
                              </link>
                              <link id="l5bot9kp" targetId="l5bot9kn" type="containerLink"/>
                           </container>
                           <link id="l42gw5zn" targetId="l42gw5zk" type="containerLink"/>
                        </flow>
                        <flow id="l42gw5zp">
                           <container id="l42j35ot" type="exclusive">
                              <title>Reason 1</title>
                              <flow id="l42j35ou">
                                 <assignment id="l42j35ov">
                                    <title>Assignment to Error Reason, tempSourceXMLLength 1</title>
                                    <operation source="formula"
                                               to="output.Created ICRT_Message_Log__c.ICRT_Error_Reason__c">
                                       <expression language="XQuery">fn:substring-before($output.faultInfoOutbound[1]/reason,'SourceXMLBody:')</expression>
                                    </operation>
                                    <operation source="formula" to="temp.tempSourceXMLLength">
                                       <expression language="XQuery">fn:string-length(fn:substring-after($output.faultInfoOutbound[1]/reason, 'SourceXMLBody:'))</expression>
                                    </operation>
                                    <link id="l42j35p6" targetId="l42j35ow"/>
                                 </assignment>
                                 <container id="l42j35ow" type="exclusive">
                                    <title>tempSourceXMLLength 1</title>
                                    <flow id="l42j35ox">
                                       <assignment id="l42j35oy">
                                          <title>Assignment to SourceXMLBody, SourceXMLBody Additional, etc. 1</title>
                                          <operation source="formula"
                                                     to="output.Created ICRT_Message_Log__c.ICRT_SourceXMLBody__c">
                                             <expression language="XQuery">fn:substring(fn:substring-after($output.faultInfoOutbound[1]/reason,'SourceXMLBody:'), 1, 130000)
</expression>
                                          </operation>
                                          <operation source="formula"
                                                     to="output.Created ICRT_Message_Log__c.ICRT_SourceXMLBody_Additional__c">
                                             <expression language="XQuery">fn:substring(fn:substring-after($output.faultInfoOutbound[1]/reason,'SourceXMLBody:'), 130001, 130000)
</expression>
                                          </operation>
                                          <operation source="constant"
                                                     to="output.Created ICRT_Message_Log__c.ICRT_ESBMEssagePartSequenceNumber__c">2</operation>
                                       </assignment>
                                       <link id="l42j35p9" targetId="l42j35ow" type="containerLink"/>
                                    </flow>
                                    <flow id="l42j35oz">
                                       <assignment id="l42j35p0">
                                          <title>Assignment to SourceXMLBody, SourceXMLBody Additional, etc. 1</title>
                                          <operation source="formula"
                                                     to="output.Created ICRT_Message_Log__c.ICRT_SourceXMLBody__c">
                                             <expression language="XQuery">fn:substring-after($output.faultInfoOutbound[1]/reason,'SourceXMLBody:')</expression>
                                          </operation>
                                          <operation source="constant"
                                                     to="output.Created ICRT_Message_Log__c.ICRT_ESBMEssagePartSequenceNumber__c">1</operation>
                                       </assignment>
                                       <link id="l42j35pa" targetId="l42j35ow" type="containerLink"/>
                                    </flow>
                                    <link id="l42j35p7" targetId="l42j35ox" type="containerLink">
                                       <condition source="formula">
                                          <function name="greater-than">
                                             <arg name="left">{$temp.tempSourceXMLLength}</arg>
                                             <arg name="right">{130000}</arg>
                                          </function>
                                       </condition>
                                    </link>
                                    <link id="l42j35p8" targetId="l42j35oz" type="containerLink"/>
                                 </container>
                                 <link id="l42j35p5" targetId="l42j35ot" type="containerLink"/>
                              </flow>
                              <flow id="l42j35p1">
                                 <assignment id="l42j35p2">
                                    <title>Assignment to Error Reason 1</title>
                                    <operation source="field"
                                               to="output.Created ICRT_Message_Log__c.ICRT_Error_Reason__c">output.faultInfoOutbound[1]/reason</operation>
                                 </assignment>
                                 <link id="l42j35pb" targetId="l42j35ot" type="containerLink"/>
                              </flow>
                              <link id="l42j35p3" targetId="l42j35ou" type="containerLink">
                                 <condition source="formula">
                                    <function name="contains">
                                       <arg name="left">{$output.faultInfoOutbound[1]/reason}</arg>
                                       <arg name="right">SourceXMLBody:</arg>
                                    </function>
                                 </condition>
                              </link>
                              <link id="l42j35p4" targetId="l42j35p1" type="containerLink"/>
                              <link id="l42j35tu" targetId="l42j35sz"/>
                           </container>
                           <container id="l42j35sz" type="exclusive">
                              <title>Reason 2</title>
                              <flow id="l42j35t0">
                                 <assignment id="l42j35t1">
                                    <title>Assignment to tempRetryCount 1</title>
                                    <operation source="formula" to="temp.tempRetryCount">
                                       <expression language="XQuery">$temp.tempRetryCount + 1</expression>
                                    </operation>
                                    <link id="l42j35tk" targetId="l42j35t2"/>
                                 </assignment>
                                 <container id="l42j35t2" type="exclusive">
                                    <title>retryCount 1</title>
                                    <flow id="l42j35t3">
                                       <wait id="l42j35t4">
                                          <duration source="formula">
                                             <function name="duration_expression">
                                                <arg name="value">{$output.retryDelay}</arg>
                                                <arg name="scale">S</arg>
                                                <arg name="businessDays"/>
                                             </function>
                                          </duration>
                                          <link id="l42j35tn" targetId="l42j35t5"/>
                                       </wait>
                                       <jumpTo id="l42j35t5">
                                          <link id="l42j35to" targetId="l42gw5zk"/>
                                       </jumpTo>
                                    </flow>
                                    <flow id="l42j35t6">
                                       <assignment id="l42j35t7">
                                          <title>Assignment to Error Message, Error Reason, etc. outbound 1</title>
                                          <operation source="constant"
                                                     to="output.Created ICRT_Message_Log__c.ICRT_Error_Message__c">Code : {$output.faultInfoOutbound[1]/code} 
Detail:{$output.faultInfoOutbound[1]/detail}</operation>
                                          <operation source="constant"
                                                     to="output.Created ICRT_Message_Log__c.ICRT_Message_Status__c">Middleware Timeout Error</operation>
                                          <operation source="formula"
                                                     to="output.Created ICRT_Message_Log__c.ICRT_Update_Process_ID__c">
                                             <expression language="XQuery">util:getProcessId()</expression>
                                          </operation>
                                          <link id="l42j35tp" targetId="l42j35t8"/>
                                       </assignment>
                                       <throw id="l42j35t8">
                                          <throwInput>
                                             <parameter name="code" source="formula" updatable="true">
                                                <expression language="XQuery">fn:concat('SystemITQueue','||--||',$output.faultInfoOutbound[1]/code)</expression>
                                             </parameter>
                                             <parameter name="detail" source="field" updatable="true">output.faultInfoOutbound[1]/detail</parameter>
                                             <parameter name="reason" source="field" updatable="true">output.faultInfoOutbound[1]/reason</parameter>
                                          </throwInput>
                                       </throw>
                                    </flow>
                                    <link id="l42j35tl" targetId="l42j35t3" type="containerLink">
                                       <condition source="formula">
                                          <function name="greater-than">
                                             <arg name="left">{$output.retryCount}</arg>
                                             <arg name="right">{$temp.tempRetryCount}</arg>
                                          </function>
                                       </condition>
                                    </link>
                                    <link id="l42j35tm" targetId="l42j35t6" type="containerLink"/>
                                 </container>
                              </flow>
                              <flow id="l42j35t9">
                                 <assignment id="l42j35ta">
                                    <title>Assignment to Error Message, Error Reason, etc. outbound 1</title>
                                    <operation source="constant"
                                               to="output.Created ICRT_Message_Log__c.ICRT_Error_Message__c">Code : {$output.faultInfoOutbound[1]/code} 
Detail: {$output.faultInfoOutbound[1]/detail} </operation>
                                    <operation source="constant"
                                               to="output.Created ICRT_Message_Log__c.ICRT_Message_Status__c">Middleware Validation Error</operation>
                                    <operation source="formula"
                                               to="output.Created ICRT_Message_Log__c.ICRT_Update_Process_ID__c">
                                       <expression language="XQuery">util:getProcessId()</expression>
                                    </operation>
                                    <link id="l42j35tq" targetId="l42j35tb"/>
                                 </assignment>
                                 <assignment id="l42j35tb">
                                    <title>Assignment Order 1</title>
                                    <operation source="query" to="temp.tempOrder">
                                       <query advanceQuery="false" from="Salesforce:Order">
                                          <where>OrderNumber = '{$temp.tempOrderDataMessage[1]/Order[1]/OrderId}' OR (OSM_Legacy_Order_ID__c != '' AND OSM_Legacy_Order_ID__c = '{$temp.tempOrderDataMessage[1]/Order[1]/OrderId}')</where>
                                       </query>
                                    </operation>
                                    <operation source="formula" to="output.ErrorMessage">
                                       <expression language="XQuery">fn:substring($output.CreatedICRT_Message_Log__c.ICRT_Error_Reason__c, 1, 255)</expression>
                                    </operation>
                                    <link id="l42j35tr" targetId="l42j35tc"/>
                                 </assignment>
                                 <create id="l42j35tc">
                                    <title>Create Task 1</title>
                                    <entityName>Salesforce:Task</entityName>
                                    <createInput>
                                       <parameter name="RecordTypeId" source="constant" updatable="true">012U00000005dYtIAI</parameter>
                                       <parameter name="WhatId" source="field">temp.tempOrder</parameter>
                                       <parameter name="Subject" source="constant" updatable="true">OrderDataMessage Error</parameter>
                                       <parameter name="Status" source="constant" updatable="true">Open</parameter>
                                       <parameter name="Priority" source="constant" updatable="true">2 - Normal</parameter>
                                       <parameter name="Description" source="constant" updatable="true">Code:{$output.faultInfoOutbound[1]/code}
Detail:{$output.faultInfoOutbound[1]/detail}
{$output.CreatedICRT_Message_Log__c.ICRT_Error_Reason__c} </parameter>
                                       <parameter name="MessageID__c" source="field" updatable="true">output.Created ICRT_Message_Log__c.ICRT_Source_Message_ID__c</parameter>
                                       <parameter name="OSM_ICRT_Last_Modified_Process_ID__c"
                                                  source="formula"
                                                  updatable="true">
                                          <expression language="XQuery">util:getProcessId()</expression>
                                       </parameter>
                                    </createInput>
                                    <link id="l42j35ts" targetId="l42j35td"/>
                                 </create>
                                 <end id="l42j35td"/>
                              </flow>
                              <flow id="l42j35te">
                                 <assignment id="l42j35tf">
                                    <title>Assignment to Error Message, Error Reason, etc. outbound 1</title>
                                    <operation source="constant"
                                               to="output.Created ICRT_Message_Log__c.ICRT_Error_Message__c">Code : {$output.faultInfoOutbound[1]/code} 
Detail:{$output.faultInfoOutbound[1]/detail}</operation>
                                    <operation source="constant"
                                               to="output.Created ICRT_Message_Log__c.ICRT_Message_Status__c">Unknown Error</operation>
                                    <operation source="formula"
                                               to="output.Created ICRT_Message_Log__c.ICRT_Update_Process_ID__c">
                                       <expression language="XQuery">util:getProcessId()</expression>
                                    </operation>
                                    <link id="l42j35tt" targetId="l42j35tg"/>
                                 </assignment>
                                 <throw id="l42j35tg">
                                    <throwInput>
                                       <parameter name="code" source="formula" updatable="true">
                                          <expression language="XQuery">fn:concat('SystemITQueue','||--||',$output.faultInfoOutbound[1]/code)</expression>
                                       </parameter>
                                       <parameter name="detail" source="field" updatable="true">output.faultInfoOutbound[1]/detail</parameter>
                                       <parameter name="reason" source="field" updatable="true">output.faultInfoOutbound[1]/reason</parameter>
                                    </throwInput>
                                 </throw>
                              </flow>
                              <link id="l42j35th" targetId="l42j35t0" type="containerLink">
                                 <condition source="formula">
                                    <function name="contains">
                                       <arg name="left">{$output.faultInfoOutbound[1]/reason}</arg>
                                       <arg name="right">timeout error</arg>
                                    </function>
                                 </condition>
                              </link>
                              <link id="l42j35ti" targetId="l42j35t9" type="containerLink">
                                 <condition source="formula">
                                    <function name="contains">
                                       <arg name="left">{$output.faultInfoOutbound[1]/reason}</arg>
                                       <arg name="right">validation failure</arg>
                                    </function>
                                 </condition>
                              </link>
                              <link id="l42j35tj" targetId="l42j35te" type="containerLink"/>
                           </container>
                        </flow>
                        <link id="l42gw5zl" targetId="l42gw5zm" type="containerLink"/>
                        <events>
                           <catch faultField="faultInfoOutbound" id="l42gw5zj" interrupting="true">
                              <link id="l42gw5zo" targetId="l42gw5zp" type="containerLink"/>
                           </catch>
                        </events>
                     </eventContainer>
                     <link id="l42gw5fw" targetId="l42gw5fo" type="containerLink"/>
                  </flow>
                  <link id="l42gw5fr" targetId="l42gw5fs" type="containerLink">
                     <condition source="formula">
                        <function name="true">
                           <arg name="field">{$temp.tempCheckARV7EndPoint}</arg>
                        </function>
                     </condition>
                  </link>
                  <link id="l42gw5fu" targetId="l42gw5fv" type="containerLink">
                     <condition source="formula">
                        <function name="false">
                           <arg name="field">{$temp.tempCheckARV7EndPoint}</arg>
                        </function>
                     </condition>
                  </link>
                  <link id="l9d1h34z" targetId="l9d1h34y"/>
               </container>
               <container id="l9d1h34y" type="exclusive">
                  <title>tempAllOLIs</title>
                  <flow id="l9d1h373">
                     <subflow id="l9d1h3ms">
                        <title>SP-Publish-On-EMR</title>
                        <subflowGUID>43hp268ln0DbWXj3Nw7byM</subflowGUID>
                        <subflowPath>SP-Publish-On-EMR</subflowPath>
                        <appliesTo>Salesforce:OrderItem</appliesTo>
                        <appliesToDataName source="field">temp.tempAllOLIs</appliesToDataName>
                        <runForEach>true</runForEach>
                        <input/>
                        <outputDef/>
                     </subflow>
                     <link id="l9d1h374" targetId="l9d1h34y" type="containerLink"/>
                  </flow>
                  <flow id="l9d1h375">
                     <link id="l9d1h376" targetId="l9d1h34y" type="containerLink"/>
                  </flow>
                  <link id="l9d1h36w" targetId="l9d1h373" type="containerLink">
                     <condition source="formula">
                        <function name="not-empty">
                           <arg name="field">{$temp.tempAllOLIs}</arg>
                        </function>
                     </condition>
                  </link>
                  <link id="l9d1h36z" targetId="l9d1h375" type="containerLink">
                     <condition source="formula">
                        <function name="empty">
                           <arg name="field">{$temp.tempAllOLIs}</arg>
                        </function>
                     </condition>
                  </link>
                  <link id="l9d1h3h7" targetId="l9d1h3h6"/>
               </container>
               <assignment id="j16gmlxc">
                  <title>Assignment to tempOLI, tempSystemSettings etc.</title>
                  <operation source="query" to="temp.tempOLI">
                     <query advanceQuery="false" from="Salesforce:OrderItem">
                        <where>OrderId = '{$Id}' Order By CreatedDate DESC Limit 1</where>
                     </query>
                  </operation>
                  <operation source="query" to="temp.tempSystemSettings">
                     <query advanceQuery="false" from="Salesforce:Record_Type__c">
                        <where>Limit 1</where>
                     </query>
                  </operation>
                  <operation source="list" to="temp.tempAllOLIs">
                     <query advanceQuery="false" from="Salesforce:OrderItem">
                        <where>OrderId = '{$Id}' and OSM_State__c = 'Active'</where>
                     </query>
                  </operation>
                  <link id="j16gmlz7" targetId="iwbrrdq8"/>
               </assignment>
               <assignment id="iwbrrdrb">
                  <title>Assignment to ackRequired, activityId etc.</title>
                  <operation source="constant" to="temp.tempOrderDataMessage[1]/ackRequired">true</operation>
                  <operation source="formula" to="temp.tempOrderDataMessage[1]/activityId">
                     <expression language="XQuery">util:generateUUID()</expression>
                  </operation>
                  <operation source="formula" to="temp.tempOrderDataMessage[1]/correlationId">
                     <expression language="XQuery">util:generateUUID()</expression>
                  </operation>
                  <operation source="formula" to="temp.tempOrderDataMessage[1]/destination">
                     <expression language="XQuery">$OSM_Lab_Site__r.OSM_Lab_Destination__c </expression>
                  </operation>
                  <operation source="formula" to="temp.tempOrderDataMessage[1]/expires">
                     <expression language="XQuery">xs:dateTime(current-dateTime()) + xs:dayTimeDuration('PT2H')</expression>
                  </operation>
                  <operation source="formula" to="temp.tempOrderDataMessage[1]/messageInstanceId">
                     <expression language="XQuery">util:generateUUID()</expression>
                  </operation>
                  <operation source="constant" to="temp.tempOrderDataMessage[1]/nackRequired">true</operation>
                  <operation source="field" to="temp.tempOrderDataMessage[1]/Order">output.OrderType</operation>
                  <operation source="field" to="temp.tempOrderDataMessage[1]/origin">temp.tempSystemSettings.OSM_SFDC_Org_Origin__c</operation>
                  <operation source="formula" to="temp.tempOrderDataMessage[1]/timestamp">
                     <expression language="XQuery">xs:dateTime(fn:concat(fn:replace(fn:substring(xs:string(current-dateTime()), 1, 21), 'Z', '.0'),'11Z'))
</expression>
                  </operation>
                  <link id="kjwnpb1p" targetId="izqha29p"/>
               </assignment>
               <assignment id="l42gw5bx">
                  <title>Assignment to tempCheckARV7EndPoint</title>
                  <operation source="formula" to="temp.tempCheckARV7EndPoint">
                     <expression language="XQuery">if($temp.tempSystemSettings.AR_V7_Message_End_Point__c = 'Biztalk' and $OSM_Product__c='Prostate-AR-V7' )
     then 'true'
    else  'false'</expression>
                  </operation>
                  <link id="l42gw5fp" targetId="l42gw5fo"/>
               </assignment>
               <assignment id="l9d1h3h6">
                  <title>Assignment</title>
                  <operation source="formula"
                             to="output.Created ICRT_Message_Log__c.ICRT_Update_Process_ID__c">
                     <expression language="XQuery">util:getProcessId()</expression>
                  </operation>
                  <operation source="constant"
                             to="output.Created ICRT_Message_Log__c.ICRT_Message_Status__c">Middleware Accepted</operation>
                  <link id="l9d1h3k2" targetId="l9d1h3k1"/>
               </assignment>
               <create id="izqha29p">
                  <title>ICRT Message Log Outbound</title>
                  <entityName>Salesforce:ICRT_Message_Log__c</entityName>
                  <createInput>
                     <parameter name="ICRT_Create_Process_ID__c" source="formula" updatable="true">
                        <expression language="XQuery">util:getProcessId()</expression>
                     </parameter>
                     <parameter name="ICRT_Message_Direction__c" source="constant" updatable="true">Outbound</parameter>
                     <parameter name="ICRT_Message_Status__c" source="constant" updatable="true">New</parameter>
                     <parameter name="ICRT_Message_Type__c" source="constant" updatable="true">OrderDataMessage</parameter>
                     <parameter name="ICRT_Object_ID__c" source="field" updatable="true">temp.tempOrderDataMessage[1]/Order[1]/OrderId</parameter>
                     <parameter name="ICRT_Object_Name__c" source="constant" updatable="true">Order</parameter>
                     <parameter name="ICRT_Record_Name__c" source="field" updatable="true">input.InRecordName</parameter>
                     <parameter name="ICRT_Source_Message_ID__c" source="field" updatable="true">temp.tempOrderDataMessage[1]/messageInstanceId</parameter>
                     <parameter name="ICRT_Orderable__c" source="field" updatable="true">OSM_Product__c</parameter>
                     <parameter name="ICRT_Order__c" source="field">Id</parameter>
                  </createInput>
                  <link id="j16gmm0n" targetId="j16gmlym"/>
               </create>
               <end id="l9d1h3k1"/>
            </flow>
         </process>
      </types1:Entry>
      <types1:GUID>eyvmGoyGqmEhYoVGnnTeCC</types1:GUID>
      <types1:DisplayName>INT-XDM-OrderDataMessage</types1:DisplayName>
   </types1:Item>
   <types1:CurrentServerDateTime>2023-05-18T11:15:43.487Z</types1:CurrentServerDateTime>
</aetgt:getResponse>
