<aetgt:getResponse xmlns:aetgt="http://schemas.active-endpoints.com/appmodules/repository/2010/10/avrepository.xsd"
                   xmlns:types1="http://schemas.active-endpoints.com/appmodules/repository/2010/10/avrepository.xsd">
   <types1:Item>
      <types1:EntryId>5WlD2pHALVYxWPQ-gt-15164043-2019-03-07T20:35:27.904Z::pd.xml</types1:EntryId>
      <types1:Name>SP-Clone-OLI</types1:Name>
      <types1:ParentFlowIds>3duR55aaabdqpw0-gt-15162243-2019-03-07T20:35:00.588Z::pd.xml,i5rdsMkdypKwKBq-gt-15160057-2019-03-07T20:31:46.138Z::gt.xml</types1:ParentFlowIds>
      <types1:MimeType>application/xml+process</types1:MimeType>
      <types1:Description/>
      <types1:AppliesTo/>
      <types1:Tags/>
      <types1:VersionLabel>1.0</types1:VersionLabel>
      <types1:State>CURRENT</types1:State>
      <types1:ProcessGroup/>
      <types1:CreatedBy>admin@001e08.ghi</types1:CreatedBy>
      <types1:CreationDate>2019-03-07T20:35:27Z</types1:CreationDate>
      <types1:ModifiedBy>admin@par15.ghi</types1:ModifiedBy>
      <types1:ModificationDate>2023-05-16T21:56:07Z</types1:ModificationDate>
      <types1:PublicationStatus>published</types1:PublicationStatus>
      <types1:PublishedBy>admin@par15.ghi</types1:PublishedBy>
      <types1:PublicationDate>2023-05-16T22:03:43Z</types1:PublicationDate>
      <types1:PublishedContributionId>project:/spi.SP-Clone-OLI/SP-Clone-OLI.pd.xml</types1:PublishedContributionId>
      <types1:AutosaveExists>false</types1:AutosaveExists>
      <types1:Entry>
         <process xmlns="http://schemas.active-endpoints.com/appmodules/screenflow/2010/10/avosScreenflow.xsd"
                  xmlns:tfm="http://schemas.active-endpoints.com/appmodules/screenflow/2021/04/taskflowModel.xsd"
                  xmlns:list="urn:activevos:spi:list:functions"
                  displayName="SP-Clone-OLI"
                  name="SP-Clone-OLI">
            <parameterSet xmlns="http://schemas.active-endpoints.com/appmodules/screenflow/2021/04/taskflowModel.xsd"/>
            <appliesTo/>
            <description/>
            <tags/>
            <generator>Informatica Process Designer 11</generator>
            <input>
               <parameter description="" name="inCloneOLI" type="reference">
                  <options>
                     <option name="referenceTo">Salesforce:OrderItem</option>
                     <option name="required">false</option>
                     <option name="guid">9rhyRDabNHiiDcOu4c64gK</option>
                  </options>
               </parameter>
               <parameter description="" name="inICDCode" type="reference">
                  <options>
                     <option name="referenceTo">Salesforce:OSM_Billing_Diagnosis_Code__c</option>
                     <option name="required">false</option>
                     <option name="guid">9rhyRDabNHiiDcOu4c64gK</option>
                  </options>
               </parameter>
               <parameter description="" name="inSubmittingDiagnosis" type="string">
                  <options>
                     <option name="required">false</option>
                  </options>
               </parameter>
               <parameter description="" name="inNodeStatusDetermination" type="string">
                  <options>
                     <option name="required">false</option>
                  </options>
               </parameter>
               <parameter description="" name="inNodeStatus" type="string">
                  <options>
                     <option name="required">false</option>
                  </options>
               </parameter>
               <parameter description="" name="inICD_Other" type="string">
                  <options>
                     <option name="required">false</option>
                  </options>
               </parameter>
               <parameter description="" name="inTestId" type="string">
                  <options>
                     <option name="required">false</option>
                  </options>
               </parameter>
               <parameter description="" name="inOrderable" type="string">
                  <options>
                     <option name="required">false</option>
                  </options>
               </parameter>
               <parameter description="" name="inIsAddNewTest" type="boolean">
                  <options>
                     <option name="defaultvalue">false</option>
                     <option name="boolean_show_as">checkbox</option>
                     <option name="required">false</option>
                  </options>
               </parameter>
            </input>
            <output>
               <field description="" name="outClonedOLI" type="reference">
                  <options>
                     <option name="referenceTo">Salesforce:OrderItem</option>
                     <option name="required">false</option>
                     <option name="guid">9rhyRDabNHiiDcOu4c64gK</option>
                  </options>
               </field>
               <field description="" name="outClonedOLINumber" type="string">
                  <options>
                     <option name="required">false</option>
                  </options>
               </field>
            </output>
            <tempFields>
               <field description="" name="OLIRetryCount" type="int">
                  <options>
                     <option name="required">false</option>
                     <option hide="true" name="initialvalue">0</option>
                  </options>
               </field>
               <field description="" name="OLiInitializeFields" type="string">
                  <options>
                     <option name="required">false</option>
                  </options>
               </field>
               <field description="" name="tempPricelist" type="reference">
                  <options>
                     <option name="referenceTo">Salesforce:PricebookEntry</option>
                     <option name="required">false</option>
                     <option name="guid">9rhyRDabNHiiDcOu4c64gK</option>
                  </options>
               </field>
            </tempFields>
            <notes/>
            <deployment skipIfRunning="false" suspendOnFault="false" tracingLevel="normal">
               <rest/>
            </deployment>
            <flow id="a">
               <start id="b">
                  <link id="j0t6uu9x" targetId="j0t6uu9w"/>
               </start>
               <subflow id="j0t6uu9w">
                  <title>ER-Get GHI ICRT Retry Settings</title>
                  <subflowGUID>l4srhfOIvKLgD3l4HRWAyQ</subflowGUID>
                  <subflowPath>ER-Get_GHI_ICRT_Retry_Settings</subflowPath>
                  <runForEach>false</runForEach>
                  <input/>
                  <outputDef>
                     <field name="retryCount" type="int">
                        <options>
                           <option name="required">false</option>
                        </options>
                     </field>
                     <field name="retryDelay" type="double">
                        <options>
                           <option name="required">false</option>
                        </options>
                     </field>
                  </outputDef>
                  <link id="kq8ktm1v" targetId="kq8ktm1u"/>
               </subflow>
               <assignment id="kq8ktm1u">
                  <title>Assignment to tempPricelist</title>
                  <operation source="query" to="temp.tempPricelist">
                     <query advanceQuery="false" from="Salesforce:PricebookEntry">
                        <where>IsActive = true and CurrencyIsoCode = '{$input.inCloneOLI.Order.CurrencyIsoCode}' and Pricebook2Id = '{$input.inCloneOLI.Order.Pricebook2Id}' and Product2Id= '{$input.inTestId}' limit 1</where>
                     </query>
                  </operation>
                  <link id="kqv11yoe" targetId="kqv11yod"/>
               </assignment>
               <assignment id="jl89kpah">
                  <title>Assignment to OLiInitializeFields</title>
                  <operation source="formula" to="temp.OLiInitializeFields">
                     <expression language="XQuery">fn:concat($temp.OLiInitializeFields,
', "OSM_Billing_Diagnosis_Code__c":','"',$input.inICDCode,'"',
', "OSM_Submitting_Diagnosis__c":','"',util:escapeJsonString(fn:string($input.inSubmittingDiagnosis)),'"',
',"OSM_Nodal_Status_Determination_Source__c":','"',$input.inNodeStatusDetermination,'"',
', "OSM_Nodal_Status__c":','"',$input.inNodeStatus,'"',
', "GHI_Portal_ICD_Other__c":','"',util:escapeJsonString(fn:string($input.inICD_Other)),'"',
', "OSM_Pre_GPS_Management_Recommendation__c":null',
', "OSM_Pre_GPS_Mgt_Recommendation_Other__c":null',
', "OSM_Is_Cloned_From_Another_Record__c":',true(),
', "OSM_German_Reimbursement_Pathway__c":null' ,
', "OSM_NCCN_Qualification_Status__c":null',
', "OSM_Do_not_Send_to_Quadax_Admin_Override__c":',false(),
if($input.inCloneOLI.OSM_Billing_Policy_Bill_Entity__c = 'Hospital'  and $input.inCloneOLI.OSM_Bill_Type__c  != 'Bill Account') then ', "OSM_Bill_Account__c":null' else ''
)</expression>
                  </operation>
                  <link id="jl89kpbn" targetId="jl89kpau"/>
               </assignment>
               <container id="kqv11yod" type="exclusive">
                  <title>tempIsAddNewTest?</title>
                  <flow id="kqv11yoh">
                     <container id="kqv11yqx" type="exclusive">
                        <title>inOrderable</title>
                        <flow id="kqv11yr0">
                           <assignment id="kqv11ytp">
                              <title>Assignment to OLiInitializeFields</title>
                              <operation source="constant" to="temp.OLiInitializeFields">"OSM_State__c":"New","OSM_Data_Entry_Status__c":"Initial Data Entry","OSM_Billing_Status__c":"Awaiting Pre-Billing Data","OrderId":"{$input.inCloneOLI.OrderId}","Product2Id":"{$input.inTestId}","OSM_Product_Name__c":"{$input.inOrderable}","PricebookEntryId":"{$temp.tempPricelist}","OSM_IBC_Clinical_Stage__c":"I/II/III (T3, N1)","OSM_ER_Status__c":"Positive","OSM_Nodal_Status_Determination_Source__c":"Form","OSM_Do_not_Send_to_Quadax_Admin_Override__c":false,"OSM_Override_Pre_Billing_Case__c":false, "OSM_Legacy_Order_Line_Item_ID__c":""</operation>
                           </assignment>
                           <link id="kqv11yr1" targetId="kqv11yqx" type="containerLink"/>
                        </flow>
                        <flow id="kqv11yr3">
                           <assignment id="kqv11yve">
                              <title>Assignment to OLiInitializeFields 1</title>
                              <operation source="constant" to="temp.OLiInitializeFields">"OSM_State__c":"New","OSM_Data_Entry_Status__c":"Initial Data Entry","OSM_Billing_Status__c":"Awaiting Pre-Billing Data","OrderId":"{$input.inCloneOLI.OrderId}","Product2Id":"{$input.inTestId}","OSM_Product_Name__c":"{$input.inOrderable}","PricebookEntryId":"{$temp.tempPricelist}","OSM_DCIS_Clinical_Stage__c":"Tis, N0, M0","OSM_Do_not_Send_to_Quadax_Admin_Override__c":false,"OSM_Override_Pre_Billing_Case__c":false, "OSM_Legacy_Order_Line_Item_ID__c":""</operation>
                           </assignment>
                           <link id="kqv11yr4" targetId="kqv11yqx" type="containerLink"/>
                        </flow>
                        <flow id="kqv11ytb">
                           <assignment id="kqv11ywt">
                              <title>Assignment to OLiInitializeFields 2</title>
                              <operation source="constant" to="temp.OLiInitializeFields">"OSM_State__c":"New","OSM_Data_Entry_Status__c":"Initial Data Entry","OSM_Billing_Status__c":"Awaiting Pre-Billing Data","OrderId":"{$input.inCloneOLI.OrderId}","Product2Id":"{$input.inTestId}","OSM_Product_Name__c":"{$input.inOrderable}","PricebookEntryId":"{$temp.tempPricelist}","OSM_NCCN_Risk_Category__c":"Unknown Risk","OSM_Do_not_Send_to_Quadax_Admin_Override__c":false,"OSM_Override_Pre_Billing_Case__c":false, "OSM_Legacy_Order_Line_Item_ID__c":""</operation>
                           </assignment>
                           <link id="kqv11ytc" targetId="kqv11yqx" type="containerLink"/>
                        </flow>
                        <flow id="kqv11ytd">
                           <assignment id="kqv11z1b">
                              <title>Assignment to OLiInitializeFields 2 1</title>
                              <operation source="constant" to="temp.OLiInitializeFields">"OSM_State__c":"New","OSM_Data_Entry_Status__c":"Initial Data Entry","OSM_Billing_Status__c":"Awaiting Pre-Billing Data","OrderId":"{$input.inCloneOLI.OrderId}","Product2Id":"{$input.inTestId}","OSM_Product_Name__c":"{$input.inOrderable}","PricebookEntryId":"{$temp.tempPricelist}","OSM_Do_not_Send_to_Quadax_Admin_Override__c":false,"OSM_Override_Pre_Billing_Case__c":false, "OSM_Legacy_Order_Line_Item_ID__c":""</operation>
                           </assignment>
                           <link id="kqv11yte" targetId="kqv11yqx" type="containerLink"/>
                        </flow>
                        <link id="kqv11yqz" targetId="kqv11yr0" type="containerLink">
                           <condition source="formula">
                              <function name="string-equals">
                                 <arg name="left">{$input.inOrderable}</arg>
                                 <arg name="right">IBC</arg>
                              </function>
                           </condition>
                        </link>
                        <link id="kqv11yr2" targetId="kqv11yr3" type="containerLink">
                           <condition source="formula">
                              <function name="contains">
                                 <arg name="left">{$input.inOrderable}</arg>
                                 <arg name="right">DCIS</arg>
                              </function>
                           </condition>
                        </link>
                        <link id="kqv11yt9" targetId="kqv11ytb" type="containerLink">
                           <condition source="formula">
                              <function name="contains">
                                 <arg name="left">{$input.inOrderable}</arg>
                                 <arg name="right">Prostate</arg>
                              </function>
                           </condition>
                        </link>
                        <link id="kqv11yta" targetId="kqv11ytd" type="containerLink"/>
                        <link id="kqv11z2i" targetId="kqv11z2g"/>
                     </container>
                     <jumpTo id="kqv11z2g">
                        <link id="kqv11z2h" targetId="jl89kpau"/>
                     </jumpTo>
                  </flow>
                  <flow id="kqv11yok">
                     <container id="kqv11yp4" type="exclusive">
                        <title>Status</title>
                        <flow id="kqv11yp5">
                           <assignment id="kqv11yp6">
                              <title>Assignment to OLiInitializeFields</title>
                              <operation source="constant" to="temp.OLiInitializeFields">"OSM_Pre_Billing_Cancel_Failure_Sent_Date__c":null,"OSM_Pre_Billing_Cancel_Failure_Sent_Date__c":null,"OSM_Billing_Policy_Data_Status__c":"", "OSM_Billing_policy_N_A__c":false, "OSM_Billing_Policy_Qualification_Status__c":"", "OSM_Billing_Void_Sent_Date_Current__c":null, "OSM_Canceled_Reason__c":"", "OSM_Creditable__c":false, "OSM_Creditable_Override__c":"", "OSM_Lab_Ready__c":false, "OSM_Latest_Successful_Date_and_Time__c":null, "OSM_Latest_Successful_Report_Date_Time__c":null, "OSM_Prebilling_Cases_Count__c":null, "OSM_BI_Ready__c":false, "OSM_Report_Date__c":null, "OSM_Report_Distribution_Ready__c":false, "OSM_Specimen_Retrieval_Option__c":"", "OSM_Specimen_Retrieval_Ready__c":false, "OSM_Updated_by_Trigger__c":false, "OSM_Billing_Policy_Bill_Entity__c":"", "OSM_Billing_Request_Sent_Date_Current__c":null, "OSM_Billing_Status__c":"Awaiting Pre-Billing Data", "OSM_Data_Entry_Status__c":"Awaiting Lab Initiation Data", "OSM_Date_Distributed_Current__c":null, "OSM_Date_of_Service__c":null, "OSM_First_Successful_Date_and_Time__c":null, "OSM_Is_Billing__c":false, "OSM_Is_Billing_Case_Open__c":false, "OSM_Is_Pre_Billing_Case_Open__c":false, "OSM_Lab_and_Report_Status__c":"Pre-Processing", "OSM_OS_OLI_Billing_ready__c":false, "OSM_OSpecimen_Report_Distribution_Ready__c":false, "OSM_Pre_Billing_Complete_Date_Current__c":null, "OSM_Pre_Billing_Sent_Date_Current__c":null, "OSM_Primary_Payor__c":"", "OSM_QDX_Insurance_Code__c":"", "OSM_Reporting_Group__c":"", "OSM_Result_Current__c":"", "OSM_Resulted_Order_Specimen_ID_Current__c":"", "Results_Disposition_Current__c":"", "OSM_First_Specimen_Received_Date__c":null, "OSM_State__c":"Active", "OSM_Test_Delivered_Date__c":null, "OSM_Verification_User__c":"", "OSM_Verification_Last_Modified__c":null, "OSM_Verification_User_Sub_Team__c":"", "OSM_Work_Order__c":"", "OSM_Order_Line_Item_Status__c":"Submitting", "OSM_ABN_Required__c":false, "OSM_Amount_of_Cheque__c":null, "OSM_Amount_Paid__c":null, "OSM_Cheque__c":false, "OSM_Cheque_Number__c":null, "OSM_Name_on_Cheque__c":"", "OSM_Other_Update_Reason__c":"", "OSM_Payment_Received__c":false, "OSM_Plan__c":"", "OSM_Credit_Date__c":null, "OSM_Quadax_Update_Reason__c":"", "Render_and_Distribute_Data_Message__c":false, "OSM_Sending_Bank_Transfer_Number__c":"", "OSM_Verification_User_Team__c":"", "ServiceDate":null, "OrderId":"{$input.inCloneOLI.OrderId}" , "OSM_Out_of_Criteria__c":"", "OSM_OLI_Data_Missing__c":false, "OSM_Purchase_Order_Number__c":"","OSM_SOMN_Hold__c":false,"GHI_PA_Hold__c":false,"OSM_Number_of_Successful_Runs__c":null,"OSM_ABN_Reason__c":"","OSM_PSP_Tier__c":"","Product2Id":"{$input.inTestId}","PricebookEntryId":"{$temp.tempPricelist}","OSM_Product_Name__c":"{$input.inOrderable}", "OSM_Billing_Email_Notification_Sent__c":false,"OSM_Canceled_Sub_Reason__c":"","OSM_Other_Canceled_Reason__c":"","OSM_Do_not_Send_to_Quadax_Admin_Override__c":false,"OSM_Override_Pre_Billing_Case__c":false, "OSM_Legacy_Order_Line_Item_ID__c":""</operation>
                           </assignment>
                           <link id="kqv11ypb" targetId="kqv11yp4" type="containerLink"/>
                        </flow>
                        <flow id="kqv11yp7">
                           <assignment id="kqv11yp8">
                              <title>Assignment to OLiInitializeFields</title>
                              <operation source="constant" to="temp.OLiInitializeFields">"Recalculated_ABN__c":false,"OSM_Pre_Billing_Cancel_Failure_Sent_Date__c":null,"OSM_Billing_Policy_Data_Status__c":"", "OSM_Billing_policy_N_A__c":false, "OSM_Billing_Policy_Qualification_Status__c":"", "OSM_Billing_Void_Sent_Date_Current__c":null, "OSM_Canceled_Reason__c":"", "OSM_Creditable__c":false, "OSM_Creditable_Override__c":"", "OSM_Lab_Ready__c":false, "OSM_Latest_Successful_Date_and_Time__c":null, "OSM_Latest_Successful_Report_Date_Time__c":null, "OSM_Prebilling_Cases_Count__c":null, "OSM_BI_Ready__c":false, "OSM_Report_Date__c":null, "OSM_Report_Distribution_Ready__c":false, "OSM_Specimen_Retrieval_Option__c":"", "OSM_Specimen_Retrieval_Ready__c":false, "OSM_Updated_by_Trigger__c":false, "OSM_Billing_Policy_Bill_Entity__c":"", "OSM_Billing_Request_Sent_Date_Current__c":null, "OSM_Billing_Status__c":"Awaiting Pre-Billing Data", "OSM_Data_Entry_Status__c":"Initial Data Entry", "OSM_Date_Distributed_Current__c":null, "OSM_Date_of_Service__c":null, "OSM_First_Successful_Date_and_Time__c":null, "OSM_Is_Billing__c":false, "OSM_Is_Billing_Case_Open__c":false, "OSM_Is_Pre_Billing_Case_Open__c":false, "OSM_Lab_and_Report_Status__c":"Pre-Processing", "OSM_OS_OLI_Billing_ready__c":false, "OSM_OSpecimen_Report_Distribution_Ready__c":false, "OSM_Pre_Billing_Complete_Date_Current__c":null, "OSM_Pre_Billing_Sent_Date_Current__c":null, "OSM_Primary_Payor__c":"", "OSM_QDX_Insurance_Code__c":"", "OSM_Reporting_Group__c":"", "OSM_Result_Current__c":"", "OSM_Resulted_Order_Specimen_ID_Current__c":"", "Results_Disposition_Current__c":"", "OSM_First_Specimen_Received_Date__c":null, "OSM_State__c":"New", "OSM_Test_Delivered_Date__c":null, "OSM_Verification_User__c":"", "OSM_Verification_Last_Modified__c":null, "OSM_Verification_User_Sub_Team__c":"", "OSM_Work_Order__c":"", "OSM_Order_Line_Item_Status__c":"Submitting", "OSM_ABN_Required__c":false, "OSM_Amount_of_Cheque__c":null, "OSM_Amount_Paid__c":null, "OSM_Cheque__c":false, "OSM_Cheque_Number__c":null, "OSM_Name_on_Cheque__c":"", "OSM_Other_Update_Reason__c":"", "OSM_Payment_Received__c":false, "OSM_Plan__c":"", "OSM_Credit_Date__c":null, "OSM_Quadax_Update_Reason__c":"", "Render_and_Distribute_Data_Message__c":false, "OSM_Sending_Bank_Transfer_Number__c":"", "OSM_Verification_User_Team__c":"", "ServiceDate":null, "OrderId":"{$input.inCloneOLI.OrderId}" , "OSM_Out_of_Criteria__c":"", "OSM_OLI_Data_Missing__c":false, "OSM_Purchase_Order_Number__c":"","OSM_SOMN_Hold__c":false,"GHI_PA_Hold__c":false,"OSM_Number_of_Successful_Runs__c":null,"OSM_ABN_Reason__c":"","OSM_PSP_Tier__c":"","Product2Id":"{$input.inTestId}","OSM_Product_Name__c":"{$input.inOrderable}","PricebookEntryId":"{$temp.tempPricelist}", "OSM_Billing_Email_Notification_Sent__c":false,"OSM_Canceled_Sub_Reason__c":"","OSM_Other_Canceled_Reason__c":"","OSM_Do_not_Send_to_Quadax_Admin_Override__c":false,"OSM_Override_Pre_Billing_Case__c":false, "OSM_Legacy_Order_Line_Item_ID__c":""</operation>
                           </assignment>
                           <link id="kqv11ypc" targetId="kqv11yp4" type="containerLink"/>
                        </flow>
                        <link id="kqv11yp9" targetId="kqv11yp5" type="containerLink">
                           <condition source="formula">
                              <function name="string-equals">
                                 <arg name="left">{$input.inCloneOLI.Order.OSM_Status__c}</arg>
                                 <arg name="right">Processing</arg>
                              </function>
                           </condition>
                        </link>
                        <link id="kqv11ypa" targetId="kqv11yp7" type="containerLink"/>
                     </container>
                     <link id="kqv11yol" targetId="kqv11yod" type="containerLink"/>
                  </flow>
                  <link id="kqv11yog" targetId="kqv11yoh" type="containerLink">
                     <condition source="formula">
                        <function name="true">
                           <arg name="field">{$input.inIsAddNewTest}</arg>
                        </function>
                     </condition>
                  </link>
                  <link id="kqv11yoj" targetId="kqv11yok" type="containerLink">
                     <condition source="formula">
                        <function name="false">
                           <arg name="field">{$input.inIsAddNewTest}</arg>
                        </function>
                     </condition>
                  </link>
                  <link id="kqv11yp0" targetId="jl89kpah"/>
               </container>
               <eventContainer id="jl89kpau">
                  <service id="jl89kpbb">
                     <title>Clone Object</title>
                     <serviceName>Salesforce:icrtStep_sObjectClone</serviceName>
                     <serviceGUID>9rhyRDabNHiiDcOu4c64gK</serviceGUID>
                     <serviceInput>
                        <parameter name="Object Id" source="field">input.inCloneOLI.Id</parameter>
                        <parameter name="Change Field Map" source="field" updatable="true">temp.OLiInitializeFields</parameter>
                        <parameter name="isAddNewTest" source="field" updatable="true">input.inIsAddNewTest</parameter>
                     </serviceInput>
                  </service>
                  <flow id="jl89kpav">
                     <assignment id="jl89kpaw">
                        <title>Assignment to outClonedOLI</title>
                        <operation source="query" to="output.outClonedOLI">
                           <query advanceQuery="false" from="Salesforce:OrderItem">
                              <where>Id = '{$output.CloneObjectId}'</where>
                           </query>
                        </operation>
                        <link id="kknc0o28" targetId="kknc0o27"/>
                     </assignment>
                     <assignment id="kknc0o27">
                        <title>Assignment to Number of Successful Runs</title>
                        <operation source="constant"
                                   to="output.outClonedOLI.OSM_Number_of_Successful_Runs__c">1</operation>
                        <link id="kknc0o29" targetId="jl89kpax"/>
                     </assignment>
                     <assignment id="jl89kpax">
                        <title>Assignment to outClonedOLINumber</title>
                        <operation source="field" to="output.outClonedOLINumber">output.outClonedOLI.OSM_Order_Line_Item_ID__c</operation>
                        <link id="jl89kpbf" targetId="jl89kpay"/>
                     </assignment>
                     <end id="jl89kpay"/>
                  </flow>
                  <flow id="jl89kpaz">
                     <container id="jl89kpb0" type="exclusive">
                        <title>Detail</title>
                        <flow id="jl89kpb1">
                           <wait id="jl89kpb2">
                              <duration source="formula">
                                 <function name="duration_expression">
                                    <arg name="value">{$output.retryDelay}</arg>
                                    <arg name="scale">S</arg>
                                    <arg name="businessDays"/>
                                 </function>
                              </duration>
                              <link id="jl89kpbi" targetId="jl89kpb3"/>
                           </wait>
                           <assignment id="jl89kpb3">
                              <title>Increment Retry Count</title>
                              <operation source="formula" to="temp.OLIRetryCount">
                                 <expression language="XQuery">$temp.OLIRetryCount + 1</expression>
                              </operation>
                              <link id="jl89kpbj" targetId="jl89kpb4"/>
                           </assignment>
                           <container id="jl89kpb4" type="exclusive">
                              <title>OLIRetryCount</title>
                              <flow id="jl89kpb5">
                                 <throw id="jl89kpb6">
                                    <throwInput>
                                       <parameter name="code" source="constant" updatable="true">{$output.OLIFaultInfo[1]/code}</parameter>
                                       <parameter name="detail" source="constant" updatable="true">Issue with cloning OLI. {$output.OLIFaultInfo[1]/detail}</parameter>
                                       <parameter name="reason" source="constant" updatable="true">Issue with cloning OLI. {$output.OLIFaultInfo[1]/reason}   The following items have been cloned. {$output.displayClonedRecords}</parameter>
                                    </throwInput>
                                 </throw>
                              </flow>
                              <flow id="jl89kpb7">
                                 <jumpTo id="jl89kpb8">
                                    <link id="jl89kpbm" targetId="jl89kpau"/>
                                 </jumpTo>
                              </flow>
                              <link id="jl89kpbk" targetId="jl89kpb5" type="containerLink">
                                 <condition source="formula">
                                    <function name="greater-or-equals">
                                       <arg name="left">{$temp.OLIRetryCount}</arg>
                                       <arg name="right">{$output.retryCount}</arg>
                                    </function>
                                 </condition>
                              </link>
                              <link id="jl89kpbl" targetId="jl89kpb7" type="containerLink"/>
                           </container>
                        </flow>
                        <flow id="jl89kpb9">
                           <throw id="jl89kpba">
                              <throwInput>
                                 <parameter name="code" source="constant" updatable="true">{$output.OLIFaultInfo[1]/code}</parameter>
                                 <parameter name="detail" source="constant" updatable="true">{$output.OLIFaultInfo[1]/detail}</parameter>
                                 <parameter name="reason" source="constant" updatable="true">{$output.OLIFaultInfo[1]/reason}</parameter>
                              </throwInput>
                           </throw>
                        </flow>
                        <link id="jl89kpbg" targetId="jl89kpb1" type="containerLink">
                           <condition source="formula">
                              <function name="contains">
                                 <arg name="left">{$output.OLIFaultInfo[1]/detail}</arg>
                                 <arg name="right">UNABLE_TO_LOCK_ROW</arg>
                              </function>
                           </condition>
                        </link>
                        <link id="jl89kpbh" targetId="jl89kpb9" type="containerLink"/>
                     </container>
                  </flow>
                  <link id="jl89kpbc" targetId="jl89kpav" type="containerLink"/>
                  <events>
                     <catch faultField="OLIFaultInfo" id="j0t6uu8f" interrupting="true">
                        <link id="jl89kpbd" targetId="jl89kpaz" type="containerLink"/>
                     </catch>
                  </events>
               </eventContainer>
            </flow>
         </process>
      </types1:Entry>
      <types1:GUID>1DQjCcTePcAbWdm2jGx3ed</types1:GUID>
      <types1:DisplayName>SP-Clone-OLI</types1:DisplayName>
   </types1:Item>
   <types1:CurrentServerDateTime>2023-05-18T11:15:42.865Z</types1:CurrentServerDateTime>
</aetgt:getResponse>
