<aetgt:getResponse xmlns:aetgt="http://schemas.active-endpoints.com/appmodules/repository/2010/10/avrepository.xsd"
                   xmlns:types1="http://schemas.active-endpoints.com/appmodules/repository/2010/10/avrepository.xsd">
   <types1:Item>
      <types1:EntryId>f4UEWglH8n55Erh-gt-9051906-2021-10-08T22:05:41.094Z::pd.xml</types1:EntryId>
      <types1:Name>SP-EU-Portal-BillAccount-BillAccount-V2</types1:Name>
      <types1:ParentFlowIds>V1FyuRZXDyvs7xv-gt-134814190-2021-10-08T22:06:09.773Z::pd.xml</types1:ParentFlowIds>
      <types1:MimeType>application/xml+process</types1:MimeType>
      <types1:Description/>
      <types1:AppliesTo>Salesforce:Order</types1:AppliesTo>
      <types1:Tags/>
      <types1:VersionLabel>1.0</types1:VersionLabel>
      <types1:State>CURRENT</types1:State>
      <types1:ProcessGroup/>
      <types1:CreatedBy>admin@001e08.ghi</types1:CreatedBy>
      <types1:CreationDate>2021-10-08T22:05:41Z</types1:CreationDate>
      <types1:ModifiedBy>admin@par15.ghi</types1:ModifiedBy>
      <types1:ModificationDate>2023-05-01T22:23:28Z</types1:ModificationDate>
      <types1:PublicationStatus>published</types1:PublicationStatus>
      <types1:PublishedBy>admin@par15.ghi</types1:PublishedBy>
      <types1:PublicationDate>2023-05-01T22:28:00Z</types1:PublicationDate>
      <types1:PublishedContributionId>project:/spi.SP-EU-Portal-BillAccount-BillAccount-V2/SP-EU-Portal-BillAccount-BillAccount-V2.pd.xml</types1:PublishedContributionId>
      <types1:AutosaveExists>false</types1:AutosaveExists>
      <types1:Entry>
         <process xmlns="http://schemas.active-endpoints.com/appmodules/screenflow/2010/10/avosScreenflow.xsd"
                  xmlns:tfm="http://schemas.active-endpoints.com/appmodules/screenflow/2021/04/taskflowModel.xsd"
                  xmlns:list="urn:activevos:spi:list:functions"
                  displayName="SP-EU-Portal-BillAccount-BillAccount-V2"
                  name="SP-EU-Portal-BillAccount-BillAccount-V2"
                  overrideAPIName="true">
            <parameterSet xmlns="http://schemas.active-endpoints.com/appmodules/screenflow/2021/04/taskflowModel.xsd"/>
            <appliesTo>Salesforce:Order</appliesTo>
            <description/>
            <tags/>
            <generator>Informatica Process Designer 11</generator>
            <input>
               <parameter description="" name="InOrderRequest" type="reference">
                  <options>
                     <option name="referenceTo">$po:orderRequest</option>
                     <option name="required">false</option>
                     <option name="isCopy">true</option>
                     <option name="guid">hYoeYea0NE8cOdnUGoEF6u</option>
                  </options>
               </parameter>
            </input>
            <tempFields>
               <field description=""
                      name="tempBillTypePvtAccBillAccNHSCheck"
                      type="boolean">
                  <options>
                     <option name="defaultvalue">false</option>
                     <option name="boolean_show_as">checkbox</option>
                     <option name="required">false</option>
                  </options>
               </field>
               <field description="" name="tempOrder" type="reference">
                  <options>
                     <option name="referenceTo">Salesforce:Order</option>
                     <option name="required">false</option>
                     <option name="guid">9rhyRDabNHiiDcOu4c64gK</option>
                  </options>
               </field>
               <field description="" name="tempAccount" type="reference">
                  <options>
                     <option name="referenceTo">Salesforce:Account</option>
                     <option name="required">false</option>
                     <option name="guid">9rhyRDabNHiiDcOu4c64gK</option>
                  </options>
               </field>
               <field description="" name="tempErrorMessage" type="string">
                  <options>
                     <option name="required">false</option>
                  </options>
               </field>
               <field description="" name="tempRetryCount" type="int">
                  <options>
                     <option name="required">false</option>
                     <option hide="true" name="initialvalue">0</option>
                  </options>
               </field>
               <field description="" name="tempExistingExtenalCase" type="reference">
                  <options>
                     <option name="referenceTo">Salesforce:Case</option>
                     <option name="required">false</option>
                     <option name="guid">9rhyRDabNHiiDcOu4c64gK</option>
                  </options>
               </field>
            </tempFields>
            <notes/>
            <deployment skipIfRunning="false" suspendOnFault="false" tracingLevel="normal">
               <rest/>
            </deployment>
            <flow id="a">
               <start id="b">
                  <link id="jh0764df" targetId="jgxt2zl8"/>
               </start>
               <container id="jgxt2zl8" type="exclusive">
                  <title>tempOrderRequest</title>
                  <flow id="jgxt2zlg">
                     <assignment id="jgxy7p3l">
                        <title>Assignment to Bill Type</title>
                        <operation source="constant" to="OSM_Bill_Type__c">Free of Charge</operation>
                     </assignment>
                     <link id="jgxt2zlh" targetId="jgxt2zl8" type="containerLink"/>
                  </flow>
                  <flow id="jgz5i8ao">
                     <assignment id="jgz5i8bi">
                        <title>Assignment to tempOrder</title>
                        <operation source="constant" to="OSM_Bill_Type__c">Private Insurance</operation>
                     </assignment>
                     <link id="jgz5i8ap" targetId="jgxt2zl8" type="containerLink"/>
                  </flow>
                  <flow id="jgz5i8ar">
                     <assignment id="jgz5i8c7">
                        <title>Assignment to Bill Type</title>
                        <operation source="constant" to="OSM_Bill_Type__c">Patient Post-DOS Pay</operation>
                     </assignment>
                     <link id="jgz5i8as" targetId="jgxt2zl8" type="containerLink"/>
                  </flow>
                  <flow id="jgxt2zlj">
                     <assignment id="jgxt2zm9">
                        <title>Assignment to tempBillTypePvtAccBillAccNHSCheck</title>
                        <operation source="formula" to="temp.tempBillTypePvtAccBillAccNHSCheck">
                           <expression language="XQuery">if($input.InOrderRequest[1]/billing[1]/billingType = 'Private Account' or
$input.InOrderRequest[1]/billing[1]/billingType = 'Bill Account' or
$input.InOrderRequest[1]/billing[1]/billingType = 'NHS')
     then fn:true()
    else fn:false()

    </expression>
                        </operation>
                        <link id="jgxt2zo4" targetId="jgxt2zo3"/>
                     </assignment>
                     <container id="jgxt2zo3" type="exclusive">
                        <title>tempBillTypePvtAccBillAccNHSCheck</title>
                        <flow id="jgxt2zoc">
                           <assignment id="jgxy7p6j">
                              <title>Assignment to Bill Type</title>
                              <operation source="constant" to="OSM_Bill_Type__c">Bill Account</operation>
                              <link id="jgxy7pan" targetId="jgxy7pam"/>
                           </assignment>
                           <container id="jgxy7pam" type="exclusive">
                              <title>billingOrganizationName</title>
                              <flow id="jgxy7pb2">
                                 <container id="jgz5i8gp" type="exclusive">
                                    <title>value</title>
                                    <flow id="jgz5i8hb">
                                       <link id="jgz5i8hc" targetId="jgz5i8gp" type="containerLink"/>
                                    </flow>
                                    <flow id="jgz5i8he">
                                       <assignment id="jgz5i8xc">
                                          <title>Assignment</title>
                                          <operation source="query" to="temp.tempAccount">
                                             <query advanceQuery="false" from="Salesforce:Account">
                                                <where>(OSM_Account_Number__c = '{$input.InOrderRequest[1]/billing[1]/billingOrganization[1]/identifiers[1]/identifier[1]/value}' OR (OSM_Legacy_Account_Number__c != '' AND OSM_Legacy_Account_Number__c = '{$input.InOrderRequest[1]/billing[1]/billingOrganization[1]/identifiers[1]/identifier[1]/value}')) Order By CreatedDate desc Limit 1</where>
                                             </query>
                                          </operation>
                                          <link id="jgz5i8yb" targetId="jgz5i8y3"/>
                                       </assignment>
                                       <container id="jgz5i8y3" type="exclusive">
                                          <title>tempAccount</title>
                                          <flow id="jgz5i8y4">
                                             <assignment id="jgz5i8y5">
                                                <title>Assignment to Bill Account</title>
                                                <operation source="field" to="OSM_Bill_Account__c">temp.tempAccount</operation>
                                             </assignment>
                                             <link id="jgz5i8y9" targetId="jgz5i8y3" type="containerLink"/>
                                          </flow>
                                          <flow id="jgz5i8y6">
                                             <link id="jgz5i8ya" targetId="jgz5i8y3" type="containerLink"/>
                                          </flow>
                                          <link id="jgz5i8y7" targetId="jgz5i8y4" type="containerLink">
                                             <condition source="formula">
                                                <function name="set">
                                                   <arg name="field">{$temp.tempAccount}</arg>
                                                </function>
                                             </condition>
                                          </link>
                                          <link id="jgz5i8y8" targetId="jgz5i8y6" type="containerLink">
                                             <condition source="formula">
                                                <function name="unset">
                                                   <arg name="field">{$temp.tempAccount}</arg>
                                                </function>
                                             </condition>
                                          </link>
                                       </container>
                                       <link id="jgz5i8hf" targetId="jgz5i8gp" type="containerLink"/>
                                    </flow>
                                    <link id="jgz5i8h8" targetId="jgz5i8hb" type="containerLink">
                                       <condition source="formula">
                                          <function name="string-equals">
                                             <arg name="left">{$input.InOrderRequest[1]/billing[1]/billingOrganization[1]/identifiers[1]/identifier[1]/value}</arg>
                                             <arg name="right"/>
                                          </function>
                                       </condition>
                                    </link>
                                    <link id="jgz5i8h9" targetId="jgz5i8he" type="containerLink"/>
                                 </container>
                                 <link id="jgxy7pb3" targetId="jgxy7pam" type="containerLink"/>
                              </flow>
                              <flow id="jgxy7pb5">
                                 <assignment id="jgxy7pco">
                                    <title>Assignment to Institution/Hospital Name</title>
                                    <operation source="field" to="GHI_Portal_Institution_Hospital_Name__c">input.InOrderRequest[1]/billing[1]/billingOrganizationName</operation>
                                 </assignment>
                                 <link id="jgxy7pb6" targetId="jgxy7pam" type="containerLink"/>
                              </flow>
                              <link id="jgxy7paz" targetId="jgxy7pb2" type="containerLink">
                                 <condition source="formula">
                                    <function name="string-equals">
                                       <arg name="left">{$input.InOrderRequest[1]/billing[1]/billingOrganizationName}</arg>
                                       <arg name="right"/>
                                    </function>
                                 </condition>
                              </link>
                              <link id="jgxy7pb0" targetId="jgxy7pb5" type="containerLink"/>
                           </container>
                           <link id="jgxt2zod" targetId="jgxt2zo3" type="containerLink"/>
                        </flow>
                        <flow id="jgxt2zof">
                           <assignment id="khynulsd">
                              <title>Set Bill Type Assignment</title>
                              <operation source="field" to="OSM_Bill_Type__c">input.InOrderRequest[1]/billing[1]/billingType</operation>
                           </assignment>
                           <link id="jgxt2zog" targetId="jgxt2zo3" type="containerLink"/>
                        </flow>
                        <link id="jgxt2zo9" targetId="jgxt2zoc" type="containerLink">
                           <condition source="formula">
                              <function name="true">
                                 <arg name="field">{$temp.tempBillTypePvtAccBillAccNHSCheck}</arg>
                              </function>
                           </condition>
                        </link>
                        <link id="jgxt2zoa" targetId="jgxt2zof" type="containerLink">
                           <condition source="formula">
                              <function name="false">
                                 <arg name="field">{$temp.tempBillTypePvtAccBillAccNHSCheck}</arg>
                              </function>
                           </condition>
                        </link>
                     </container>
                     <link id="jgxt2zlk" targetId="jgxt2zl8" type="containerLink"/>
                  </flow>
                  <link id="jgxt2zld" targetId="jgxt2zlg" type="containerLink">
                     <condition source="formula">
                        <function name="string-equals">
                           <arg name="left">{$input.InOrderRequest[1]/billing[1]/billingType}</arg>
                           <arg name="right">Study</arg>
                        </function>
                     </condition>
                  </link>
                  <link id="jgz5i8al" targetId="jgz5i8ao" type="containerLink">
                     <condition source="formula">
                        <function name="string-equals">
                           <arg name="left">{$input.InOrderRequest[1]/billing[1]/billingType}</arg>
                           <arg name="right">Private Insurance</arg>
                        </function>
                     </condition>
                  </link>
                  <link id="jgz5i8am" targetId="jgz5i8ar" type="containerLink">
                     <condition source="formula">
                        <function name="string-equals">
                           <arg name="left">{$input.InOrderRequest[1]/billing[1]/billingType}</arg>
                           <arg name="right">Patient Self Pay</arg>
                        </function>
                     </condition>
                  </link>
                  <link id="jgxt2zle" targetId="jgxt2zlj" type="containerLink"/>
                  <link id="khynum8p" targetId="khynum8o"/>
               </container>
               <end id="khynum8o">
                  <title>End 1</title>
               </end>
            </flow>
         </process>
      </types1:Entry>
      <types1:GUID>1jouWxHcQeYlt93vHc4wID</types1:GUID>
      <types1:DisplayName>SP-EU-Portal-BillAccount-BillAccount-V2</types1:DisplayName>
   </types1:Item>
   <types1:CurrentServerDateTime>2023-05-18T11:15:42.375Z</types1:CurrentServerDateTime>
</aetgt:getResponse>
