<aetgt:getResponse xmlns:aetgt="http://schemas.active-endpoints.com/appmodules/repository/2010/10/avrepository.xsd"
                   xmlns:types1="http://schemas.active-endpoints.com/appmodules/repository/2010/10/avrepository.xsd">
   <types1:Item>
      <types1:EntryId>jH4oDdvrTdtqSLl-gt-15162975-2019-03-07T20:35:10.159Z::pd.xml</types1:EntryId>
      <types1:Name>SP-EU-Portal-OrderRole-Delegate-Association</types1:Name>
      <types1:ParentFlowIds>YjhBjop81V4Adyp-gt-15164241-2019-03-07T20:35:31.813Z::pd.xml</types1:ParentFlowIds>
      <types1:MimeType>application/xml+process</types1:MimeType>
      <types1:Description/>
      <types1:AppliesTo>Salesforce:OSM_Order_Role__c</types1:AppliesTo>
      <types1:Tags/>
      <types1:VersionLabel>1.0</types1:VersionLabel>
      <types1:State>CURRENT</types1:State>
      <types1:ProcessGroup/>
      <types1:CreatedBy>admin@001e08.ghi</types1:CreatedBy>
      <types1:CreationDate>2019-03-07T20:35:10Z</types1:CreationDate>
      <types1:ModifiedBy>admin@par15.ghi</types1:ModifiedBy>
      <types1:ModificationDate>2023-05-01T22:23:28Z</types1:ModificationDate>
      <types1:PublicationStatus>published</types1:PublicationStatus>
      <types1:PublishedBy>admin@par15.ghi</types1:PublishedBy>
      <types1:PublicationDate>2023-05-01T22:28:00Z</types1:PublicationDate>
      <types1:PublishedContributionId>project:/spi.SP-EU-Portal-OrderRole-Delegate-Association/SP-EU-Portal-OrderRole-Delegate-Association.pd.xml</types1:PublishedContributionId>
      <types1:AutosaveExists>false</types1:AutosaveExists>
      <types1:Entry>
         <process xmlns="http://schemas.active-endpoints.com/appmodules/screenflow/2010/10/avosScreenflow.xsd"
                  xmlns:tfm="http://schemas.active-endpoints.com/appmodules/screenflow/2021/04/taskflowModel.xsd"
                  xmlns:list="urn:activevos:spi:list:functions"
                  displayName="SP-EU-Portal-OrderRole-Delegate-Association"
                  name="SP-EU-Portal-OrderRole-Delegate-Association">
            <parameterSet xmlns="http://schemas.active-endpoints.com/appmodules/screenflow/2021/04/taskflowModel.xsd"/>
            <appliesTo>Salesforce:OSM_Order_Role__c</appliesTo>
            <description/>
            <tags/>
            <generator>Informatica Process Designer 11</generator>
            <input>
               <parameter description="" name="InorderId" type="reference">
                  <options>
                     <option name="referenceTo">Salesforce:Order</option>
                     <option name="required">false</option>
                     <option name="guid">9rhyRDabNHiiDcOu4c64gK</option>
                  </options>
               </parameter>
               <parameter description="" name="InOrderRequest" type="reference">
                  <options>
                     <option name="referenceTo">$po:orderRequest</option>
                     <option name="required">false</option>
                     <option name="isCopy">true</option>
                     <option name="guid">hYoeYea0NE8cOdnUGoEF6u</option>
                  </options>
               </parameter>
               <parameter description="" name="InOrderRole" type="reference">
                  <options>
                     <option name="referenceTo">Salesforce:OSM_Order_Role__c</option>
                     <option name="required">false</option>
                     <option name="guid">9rhyRDabNHiiDcOu4c64gK</option>
                  </options>
               </parameter>
               <parameter description="" name="inContactforDelegate" type="string">
                  <options>
                     <option name="required">false</option>
                  </options>
               </parameter>
            </input>
            <output>
               <field description="" name="outDelegateErrorMessage" type="string">
                  <options>
                     <option name="required">false</option>
                  </options>
               </field>
            </output>
            <tempFields>
               <field description=""
                      name="tempOrderCreatorOrderingPhysician"
                      type="boolean">
                  <options>
                     <option name="defaultvalue">false</option>
                     <option name="boolean_show_as">checkbox</option>
                     <option name="required">false</option>
                  </options>
               </field>
               <field description="" name="tempcheck" type="string">
                  <options>
                     <option name="required">false</option>
                  </options>
               </field>
               <field description="" name="tempErrorMessage" type="string">
                  <options>
                     <option name="required">false</option>
                  </options>
               </field>
               <field description="" name="tempContact" type="reference">
                  <options>
                     <option name="referenceTo">Salesforce:Contact</option>
                     <option name="required">false</option>
                     <option name="guid">9rhyRDabNHiiDcOu4c64gK</option>
                  </options>
               </field>
               <field description="" name="tempDelegate" type="reference">
                  <options>
                     <option name="referenceTo">Salesforce:OSM_Delegate__c</option>
                     <option name="required">false</option>
                     <option name="guid">9rhyRDabNHiiDcOu4c64gK</option>
                  </options>
               </field>
               <field description="" name="tempCheckOrderingOrderRole" type="reference">
                  <options>
                     <option name="referenceTo">Salesforce:OSM_Order_Role__c</option>
                     <option name="required">false</option>
                     <option name="guid">9rhyRDabNHiiDcOu4c64gK</option>
                  </options>
               </field>
               <field description="" name="tempDelegateNumber" type="string">
                  <options>
                     <option name="required">false</option>
                  </options>
               </field>
               <field description="" name="tempOrgNumber" type="string">
                  <options>
                     <option name="required">false</option>
                  </options>
               </field>
               <field description="" name="tempPractNumber" type="string">
                  <options>
                     <option name="required">false</option>
                  </options>
               </field>
            </tempFields>
            <notes/>
            <deployment skipIfRunning="false" suspendOnFault="false" tracingLevel="normal">
               <rest/>
            </deployment>
            <flow id="a">
               <start id="b">
                  <link id="jh28oezq" targetId="jh28oeyf"/>
               </start>
               <container id="jh28oeyf" type="exclusive">
                  <title>Contact</title>
                  <flow id="jh28oeyg">
                     <container id="jh28oeyh" type="exclusive">
                        <title>value</title>
                        <flow id="jh28oeyi">
                           <assignment id="jh28oeyj">
                              <title>Assignment to tempErrorMessage</title>
                              <operation source="constant" to="output.outDelegateErrorMessage">No ID provided to match Delegate Contact </operation>
                              <link id="jh28oeza" targetId="jh28oeyk"/>
                           </assignment>
                           <end id="jh28oeyk"/>
                        </flow>
                        <flow id="jh28oeyl">
                           <container id="jh28oeym" type="exclusive">
                              <title>value</title>
                              <flow id="jh28oeyn">
                                 <end id="jh28oeyo"/>
                              </flow>
                              <flow id="jh28oeyp">
                                 <assignment id="jh28oeyq">
                                    <title>Assignment to tempContact</title>
                                    <operation source="query" to="temp.tempContact">
                                       <query advanceQuery="false" from="Salesforce:Contact">
                                          <where>(OSM_Contact_CustomerID__c = '{$input.inContactforDelegate}' OR (OSM_Legacy_Contact_ID__c !='' AND OSM_Legacy_Contact_ID__c = '{$input.inContactforDelegate}')) Order By CreatedDate desc Limit 1</where>
                                       </query>
                                    </operation>
                                    <link id="jh28oezd" targetId="jh28oeyr"/>
                                 </assignment>
                                 <assignment id="jh28oeyw">
                                    <title>Assignment to tempDelegate</title>
                                    <operation source="query" to="temp.tempDelegate">
                                       <query advanceQuery="false" from="Salesforce:OSM_Delegate__c">
                                          <where>(OSM_HCP__r.OSM_Contact_CustomerID__c = '{$input.InOrderRequest[1]/ordering[1]/practitioner[1]/identifiers[1]/identifier[1]/value}' OR (OSM_HCP__r.OSM_Legacy_Contact_ID__c != '' AND OSM_HCP__r.OSM_Legacy_Contact_ID__c = '{$input.InOrderRequest[1]/ordering[1]/practitioner[1]/identifiers[1]/identifier[1]/value}')) and (OSM_HCO__r.OSM_Account_Number__c = '{$input.InOrderRequest[1]/ordering[1]/organization[1]/identifiers[1]/identifier[1]/value}' OR (OSM_HCO__r.OSM_Legacy_Account_Number__c != '' AND OSM_HCO__r.OSM_Legacy_Account_Number__c = '{$input.InOrderRequest[1]/ordering[1]/organization[1]/identifiers[1]/identifier[1]/value}')) and (OSM_Contact__r.OSM_Contact_CustomerID__c = '{$input.inContactforDelegate}' OR (OSM_Contact__r.OSM_Legacy_Contact_ID__c != '' AND OSM_Contact__r.OSM_Legacy_Contact_ID__c = '{$input.inContactforDelegate}'))</where>
                                       </query>
                                    </operation>
                                    <link id="jh28oezj" targetId="jh28oeyx"/>
                                 </assignment>
                                 <assignment id="jh28oez2">
                                    <title>Assignment to outErrorMessage</title>
                                    <operation source="field" to="output.outDelegateErrorMessage">temp.tempErrorMessage</operation>
                                    <link id="jh28oezp" targetId="jh28oez3"/>
                                 </assignment>
                                 <container id="jh28oeyr" type="exclusive">
                                    <title>tempContact</title>
                                    <flow id="jh28oeys">
                                       <assignment id="jh28oeyt">
                                          <title>Assignment to Delegate - Full Name</title>
                                          <operation source="field" to="Delegate_Full_Name__c">temp.tempContact.Name</operation>
                                       </assignment>
                                       <link id="jh28oezh" targetId="jh28oeyr" type="containerLink"/>
                                    </flow>
                                    <flow id="jh28oeyu">
                                       <assignment id="jh28oeyv">
                                          <title>Assignment to tempErrorMessage</title>
                                          <operation source="constant" to="temp.tempErrorMessage">No match was found for Delegate Contact ID {$input.inContactforDelegate} </operation>
                                       </assignment>
                                       <link id="jh28oezi" targetId="jh28oeyr" type="containerLink"/>
                                    </flow>
                                    <link id="jh28oeze" targetId="jh28oeys" type="containerLink">
                                       <condition source="formula">
                                          <function name="set">
                                             <arg name="field">{$temp.tempContact}</arg>
                                          </function>
                                       </condition>
                                    </link>
                                    <link id="lgdg4o07" targetId="jh28oeyw"/>
                                    <link id="jh28oezf" targetId="jh28oeyu" type="containerLink">
                                       <condition source="formula">
                                          <function name="unset">
                                             <arg name="field">{$temp.tempContact}</arg>
                                          </function>
                                       </condition>
                                    </link>
                                 </container>
                                 <container id="jh28oeyx" type="exclusive">
                                    <title>tempDelegate</title>
                                    <flow id="jh28oeyy">
                                       <assignment id="jh28oeyz">
                                          <title>Assignment to Delegate</title>
                                          <operation source="field" to="OSM_Delegate__c">temp.tempDelegate</operation>
                                       </assignment>
                                       <link id="jh28oezn" targetId="jh28oeyx" type="containerLink"/>
                                    </flow>
                                    <flow id="jh28oez0">
                                       <assignment id="jh28oez1">
                                          <title>Assignment to tempErrorMessage</title>
                                          <operation source="formula" to="temp.tempErrorMessage">
                                             <expression language="XQuery">fn:concat(
    $temp.tempErrorMessage,'&amp;#x000a;',
	'A Delegate record could not be found with the following combination','&amp;#x000a;',
	'Account =',$input.InOrderRequest[1]/ordering[1]/organization[1]/identifiers[1]/identifier[1]/value,'&amp;#x000a;', 
	'Contact =',$input.InOrderRequest[1]/ordering[1]/practitioner[1]/identifiers[1]/identifier[1]/value,'&amp;#x000a;',
	'Delegate Contact = ',$input.inContactforDelegate 
       )
 </expression>
                                          </operation>
                                       </assignment>
                                       <link id="jh28oezo" targetId="jh28oeyx" type="containerLink"/>
                                    </flow>
                                    <link id="jh28oezk" targetId="jh28oeyy" type="containerLink">
                                       <condition source="formula">
                                          <function name="set">
                                             <arg name="field">{$temp.tempDelegate}</arg>
                                          </function>
                                       </condition>
                                    </link>
                                    <link id="jh28oezl" targetId="jh28oez0" type="containerLink">
                                       <condition source="formula">
                                          <function name="unset">
                                             <arg name="field">{$temp.tempDelegate}</arg>
                                          </function>
                                       </condition>
                                    </link>
                                    <link id="jh28oezm" targetId="jh28oez2"/>
                                 </container>
                                 <end id="jh28oez3"/>
                              </flow>
                              <link id="jh28oezb" targetId="jh28oeyn" type="containerLink">
                                 <condition source="formula">
                                    <function name="string-equals">
                                       <arg name="left">{$input.inContactforDelegate}</arg>
                                       <arg name="right">{$input.InOrderRequest[1]/ordering[1]/practitioner[1]/identifiers[1]/identifier[1]/value}</arg>
                                    </function>
                                 </condition>
                              </link>
                              <link id="jh28oezc" targetId="jh28oeyp" type="containerLink"/>
                           </container>
                        </flow>
                        <link id="jh28oez8" targetId="jh28oeyi" type="containerLink">
                           <condition source="formula">
                              <function name="string-equals">
                                 <arg name="left">{$input.inContactforDelegate}</arg>
                                 <arg name="right"/>
                              </function>
                           </condition>
                        </link>
                        <link id="jh28oez9" targetId="jh28oeyl" type="containerLink"/>
                     </container>
                  </flow>
                  <flow id="jh28oez4">
                     <end id="jh28oez5"/>
                  </flow>
                  <link id="jh28oez6" targetId="jh28oeyg" type="containerLink">
                     <condition source="formula">
                        <function name="set">
                           <arg name="field">{$OSM_Contact__c}</arg>
                        </function>
                     </condition>
                  </link>
                  <link id="jh28oez7" targetId="jh28oez4" type="containerLink">
                     <condition source="formula">
                        <function name="unset">
                           <arg name="field">{$OSM_Contact__c}</arg>
                        </function>
                     </condition>
                  </link>
               </container>
            </flow>
         </process>
      </types1:Entry>
      <types1:GUID>8LBmXoa8YoPk5bzQAjRgcR</types1:GUID>
      <types1:DisplayName>SP-EU-Portal-OrderRole-Delegate-Association</types1:DisplayName>
   </types1:Item>
   <types1:CurrentServerDateTime>2023-05-18T11:15:42.678Z</types1:CurrentServerDateTime>
</aetgt:getResponse>
