<aetgt:getResponse xmlns:aetgt="http://schemas.active-endpoints.com/appmodules/repository/2010/10/avrepository.xsd"
                   xmlns:types1="http://schemas.active-endpoints.com/appmodules/repository/2010/10/avrepository.xsd">
   <types1:Item>
      <types1:EntryId>YjhBjop81V4Adyp-gt-15164241-2019-03-07T20:35:31.813Z::pd.xml</types1:EntryId>
      <types1:Name>SP-EU-Portal-OrderRole-Create</types1:Name>
      <types1:ParentFlowIds>cm6S6fPAreFRqXp-gt-134812954-2021-10-08T22:05:54.044Z::pd.xml,hGKcn8dzWztZK0C-gt-15162777-2019-03-07T20:35:07.412Z::pd.xml</types1:ParentFlowIds>
      <types1:MimeType>application/xml+process</types1:MimeType>
      <types1:Description/>
      <types1:AppliesTo>Salesforce:Order</types1:AppliesTo>
      <types1:Tags/>
      <types1:VersionLabel>1.0</types1:VersionLabel>
      <types1:State>CURRENT</types1:State>
      <types1:ProcessGroup/>
      <types1:CreatedBy>admin@001e08.ghi</types1:CreatedBy>
      <types1:CreationDate>2019-03-07T20:35:31Z</types1:CreationDate>
      <types1:ModifiedBy>admin@par15.ghi</types1:ModifiedBy>
      <types1:ModificationDate>2023-05-01T22:23:29Z</types1:ModificationDate>
      <types1:PublicationStatus>published</types1:PublicationStatus>
      <types1:PublishedBy>admin@par15.ghi</types1:PublishedBy>
      <types1:PublicationDate>2023-05-01T22:28:00Z</types1:PublicationDate>
      <types1:PublishedContributionId>project:/spi.SP-EU-Portal-OrderRole-Create/SP-EU-Portal-OrderRole-Create.pd.xml</types1:PublishedContributionId>
      <types1:AutosaveExists>false</types1:AutosaveExists>
      <types1:Entry>
         <process xmlns="http://schemas.active-endpoints.com/appmodules/screenflow/2010/10/avosScreenflow.xsd"
                  xmlns:tfm="http://schemas.active-endpoints.com/appmodules/screenflow/2021/04/taskflowModel.xsd"
                  xmlns:list="urn:activevos:spi:list:functions"
                  displayName="SP-EU-Portal-OrderRole-Create"
                  name="SP-EU-Portal-OrderRole-Create">
            <parameterSet xmlns="http://schemas.active-endpoints.com/appmodules/screenflow/2021/04/taskflowModel.xsd"/>
            <appliesTo>Salesforce:Order</appliesTo>
            <description/>
            <tags/>
            <generator>Informatica Process Designer 11</generator>
            <input>
               <parameter description="" name="inAccountNumber" type="string">
                  <options>
                     <option name="required">false</option>
                  </options>
               </parameter>
               <parameter description="" name="inContactNumber" type="string">
                  <options>
                     <option name="required">false</option>
                  </options>
               </parameter>
               <parameter description="" name="inOrderRoleType" type="string">
                  <options>
                     <option name="required">false</option>
                  </options>
               </parameter>
               <parameter description="" name="inOfficeContact" type="string">
                  <options>
                     <option name="required">false</option>
                  </options>
               </parameter>
               <parameter description="" name="inOrderRequest" type="reference">
                  <options>
                     <option name="referenceTo">$po:orderRequest</option>
                     <option name="required">false</option>
                     <option name="isCopy">true</option>
                     <option name="guid">hYoeYea0NE8cOdnUGoEF6u</option>
                  </options>
               </parameter>
               <parameter description="" name="InPractitioner" type="boolean">
                  <options>
                     <option name="defaultvalue">false</option>
                     <option name="boolean_show_as">checkbox</option>
                     <option name="required">false</option>
                  </options>
               </parameter>
               <parameter description="" name="InOrganization" type="boolean">
                  <options>
                     <option name="defaultvalue">false</option>
                     <option name="boolean_show_as">checkbox</option>
                     <option name="required">false</option>
                  </options>
               </parameter>
               <parameter description="" name="isPhoneAndFaxLocked" type="boolean">
                  <options>
                     <option name="defaultvalue">false</option>
                     <option name="boolean_show_as">checkbox</option>
                     <option name="required">false</option>
                  </options>
               </parameter>
               <parameter description="" name="inPhoneNumber" type="string">
                  <options>
                     <option name="required">false</option>
                  </options>
               </parameter>
               <parameter description="" name="inFaxNumber" type="string">
                  <options>
                     <option name="required">false</option>
                  </options>
               </parameter>
               <parameter description="" name="inDistributorMaterialReturn" type="boolean">
                  <options>
                     <option name="defaultvalue">false</option>
                     <option name="boolean_show_as">checkbox</option>
                     <option name="required">false</option>
                  </options>
               </parameter>
               <parameter description="" name="inSubmittingMaterialReturn" type="boolean">
                  <options>
                     <option name="defaultvalue">false</option>
                     <option name="boolean_show_as">checkbox</option>
                     <option name="required">false</option>
                  </options>
               </parameter>
               <parameter description="" name="inContactforDelegate" type="string">
                  <options>
                     <option name="required">false</option>
                  </options>
               </parameter>
            </input>
            <output>
               <field description="" name="outAccount" type="reference">
                  <options>
                     <option name="referenceTo">Salesforce:Account</option>
                     <option name="required">false</option>
                     <option name="guid">9rhyRDabNHiiDcOu4c64gK</option>
                  </options>
               </field>
               <field description="" name="outContact" type="reference">
                  <options>
                     <option name="referenceTo">Salesforce:Contact</option>
                     <option name="required">false</option>
                     <option name="guid">9rhyRDabNHiiDcOu4c64gK</option>
                  </options>
               </field>
               <field description="" name="outAccountErrorMessage" type="string">
                  <options>
                     <option name="required">false</option>
                  </options>
               </field>
               <field description="" name="outContactErrorMessage" type="string">
                  <options>
                     <option name="required">false</option>
                  </options>
               </field>
               <field description="" name="OutCreatedOrderRole" type="reference">
                  <options>
                     <option name="referenceTo">Salesforce:OSM_Order_Role__c</option>
                     <option name="required">false</option>
                     <option name="guid">9rhyRDabNHiiDcOu4c64gK</option>
                  </options>
               </field>
            </output>
            <tempFields>
               <field description="" name="tempAccount" type="reference">
                  <options>
                     <option name="referenceTo">Salesforce:Account</option>
                     <option name="required">false</option>
                     <option name="guid">9rhyRDabNHiiDcOu4c64gK</option>
                  </options>
               </field>
               <field description="" name="tempContact" type="reference">
                  <options>
                     <option name="referenceTo">Salesforce:Contact</option>
                     <option name="required">false</option>
                     <option name="guid">9rhyRDabNHiiDcOu4c64gK</option>
                  </options>
               </field>
               <field description="" name="tempErrorMessageCheck" type="boolean">
                  <options>
                     <option name="defaultvalue">false</option>
                     <option name="boolean_show_as">checkbox</option>
                     <option name="required">false</option>
                  </options>
               </field>
               <field description="" name="tempContactErrorMessage" type="string">
                  <options>
                     <option name="required">false</option>
                  </options>
               </field>
               <field description="" name="tempAccountErrorMessage" type="string">
                  <options>
                     <option name="required">false</option>
                  </options>
               </field>
               <field description="" name="tempErrorMessage" type="string">
                  <options>
                     <option name="required">false</option>
                  </options>
               </field>
               <field description="" name="tempOfficeContact" type="string">
                  <options>
                     <option name="required">false</option>
                  </options>
               </field>
               <field description="" name="tempRetryCount" type="int">
                  <options>
                     <option name="required">false</option>
                     <option hide="true" name="initialvalue">0</option>
                  </options>
               </field>
               <field description="" name="tempOrgAndPractNullCheck" type="boolean">
                  <options>
                     <option name="defaultvalue">false</option>
                     <option name="boolean_show_as">checkbox</option>
                     <option name="required">false</option>
                  </options>
               </field>
               <field description="" name="tempExistingExtenalCase" type="reference">
                  <options>
                     <option name="referenceTo">Salesforce:Case</option>
                     <option name="required">false</option>
                     <option name="guid">9rhyRDabNHiiDcOu4c64gK</option>
                  </options>
               </field>
            </tempFields>
            <notes/>
            <deployment skipIfRunning="false" suspendOnFault="false" tracingLevel="normal">
               <rest/>
            </deployment>
            <flow id="a">
               <start id="b">
                  <link id="lfs6ei1d" targetId="lfs6ei1c"/>
               </start>
               <subflow id="lfs6ei1c">
                  <title>ER-Get GHI ICRT Retry Settings</title>
                  <subflowGUID>l4srhfOIvKLgD3l4HRWAyQ</subflowGUID>
                  <subflowPath>ER-Get_GHI_ICRT_Retry_Settings</subflowPath>
                  <runForEach>false</runForEach>
                  <input/>
                  <outputDef>
                     <field name="retryCount" type="int">
                        <options>
                           <option name="required">false</option>
                        </options>
                     </field>
                     <field name="retryDelay" type="double">
                        <options>
                           <option name="required">false</option>
                        </options>
                     </field>
                  </outputDef>
                  <link id="lfs6ei1e" targetId="c"/>
               </subflow>
               <container id="c" type="parallel">
                  <flow id="jgrrnko6">
                     <container id="jipl5418" type="exclusive">
                        <title>InOrganization</title>
                        <flow id="jipl543a">
                           <container id="jipl544w" type="exclusive">
                              <title>inAccountNumber</title>
                              <flow id="jipl544x">
                                 <assignment id="jipl544y">
                                    <title>Assignment to outAccountErrorMessage</title>
                                    <operation source="constant" to="temp.tempAccountErrorMessage">{$input.inOrderRoleType} : No ID provided to match the Account</operation>
                                 </assignment>
                                 <link id="jipl5457" targetId="jipl544w" type="containerLink"/>
                              </flow>
                              <flow id="jipl544z">
                                 <assignment id="jipl5450">
                                    <title>Assignment to tempAccount</title>
                                    <operation source="query" to="temp.tempAccount">
                                       <query advanceQuery="false" from="Salesforce:Account">
                                          <where>(OSM_Account_Number__c = '{$input.inAccountNumber}' OR (OSM_Legacy_Account_Number__c != '' AND OSM_Legacy_Account_Number__c = '{$input.inAccountNumber}')) AND OSM_Status__c != 'Inactive' LIMIT 1</where>
                                       </query>
                                    </operation>
                                    <link id="jipl5459" targetId="jipl5451"/>
                                 </assignment>
                                 <container id="jipl5451" type="exclusive">
                                    <title>tempAccount</title>
                                    <flow id="jipl5452">
                                       <link id="jipl545c" targetId="jipl5451" type="containerLink"/>
                                    </flow>
                                    <flow id="jipl5453">
                                       <assignment id="jipl5454">
                                          <title>Assignment to outAccountErrorMessage</title>
                                          <operation source="constant" to="temp.tempAccountErrorMessage">{$input.inOrderRoleType} : ID provided {$input.inAccountNumber} did not match any Account</operation>
                                       </assignment>
                                       <link id="jipl545d" targetId="jipl5451" type="containerLink"/>
                                    </flow>
                                    <link id="jipl545a" targetId="jipl5452" type="containerLink">
                                       <condition source="formula">
                                          <function name="set">
                                             <arg name="field">{$temp.tempAccount}</arg>
                                          </function>
                                       </condition>
                                    </link>
                                    <link id="jipl545b" targetId="jipl5453" type="containerLink">
                                       <condition source="formula">
                                          <function name="unset">
                                             <arg name="field">{$temp.tempAccount}</arg>
                                          </function>
                                       </condition>
                                    </link>
                                 </container>
                                 <link id="jipl5458" targetId="jipl544w" type="containerLink"/>
                              </flow>
                              <link id="jipl5455" targetId="jipl544x" type="containerLink">
                                 <condition source="formula">
                                    <function name="string-equals">
                                       <arg name="left">{$input.inAccountNumber}</arg>
                                       <arg name="right"/>
                                    </function>
                                 </condition>
                              </link>
                              <link id="jipl5456" targetId="jipl544z" type="containerLink"/>
                           </container>
                           <link id="jipl543b" targetId="jipl5418" type="containerLink"/>
                        </flow>
                        <flow id="jipl543d">
                           <link id="jipl543e" targetId="jipl5418" type="containerLink"/>
                        </flow>
                        <link id="jipl5437" targetId="jipl543a" type="containerLink">
                           <condition source="formula">
                              <function name="true">
                                 <arg name="field">{$input.InOrganization}</arg>
                              </function>
                           </condition>
                        </link>
                        <link id="jipl5438" targetId="jipl543d" type="containerLink">
                           <condition source="formula">
                              <function name="false">
                                 <arg name="field">{$input.InOrganization}</arg>
                              </function>
                           </condition>
                        </link>
                     </container>
                     <link id="jgrrnko7" targetId="c" type="containerLink"/>
                  </flow>
                  <flow id="jgrrnko9">
                     <container id="jipl54bo" type="exclusive">
                        <title>InPractitioner</title>
                        <flow id="jipl54du">
                           <container id="jipl54fg" type="exclusive">
                              <title>inContactNumber</title>
                              <flow id="jipl54fh">
                                 <assignment id="jipl54fi">
                                    <title>Assignment to outAccountErrorMessage</title>
                                    <operation source="constant" to="temp.tempContactErrorMessage">{$input.inOrderRoleType} : No ID provided to match the Contact</operation>
                                 </assignment>
                                 <link id="jipl54ft" targetId="jipl54fg" type="containerLink"/>
                              </flow>
                              <flow id="jipl54fk">
                                 <assignment id="jipl54fl">
                                    <title>Assignment to tempContact</title>
                                    <operation source="query" to="temp.tempContact">
                                       <query advanceQuery="false" from="Salesforce:Contact">
                                          <where>(OSM_Contact_CustomerID__c = '{$input.inContactNumber}' OR (OSM_Legacy_Contact_ID__c != '' AND OSM_Legacy_Contact_ID__c = '{$input.inContactNumber}')) AND OSM_Status__c != 'Inactive' LIMIT 1</where>
                                       </query>
                                    </operation>
                                    <link id="jipl54fw" targetId="jipl54fm"/>
                                 </assignment>
                                 <container id="jipl54fm" type="exclusive">
                                    <title>tempContact</title>
                                    <flow id="jipl54fn">
                                       <link id="jipl54fz" targetId="jipl54fm" type="containerLink"/>
                                    </flow>
                                    <flow id="jipl54fo">
                                       <assignment id="jipl54fp">
                                          <title>Assignment to outContactErrorMessage</title>
                                          <operation source="constant" to="temp.tempContactErrorMessage">{$input.inOrderRoleType} : ID provided {$input.inContactNumber} did not match any Contact</operation>
                                       </assignment>
                                       <link id="jipl54g0" targetId="jipl54fm" type="containerLink"/>
                                    </flow>
                                    <link id="jipl54fx" targetId="jipl54fn" type="containerLink">
                                       <condition source="formula">
                                          <function name="set">
                                             <arg name="field">{$temp.tempContact}</arg>
                                          </function>
                                       </condition>
                                    </link>
                                    <link id="jipl54fy" targetId="jipl54fo" type="containerLink">
                                       <condition source="formula">
                                          <function name="unset">
                                             <arg name="field">{$temp.tempContact}</arg>
                                          </function>
                                       </condition>
                                    </link>
                                 </container>
                                 <link id="jipl54fv" targetId="jipl54fg" type="containerLink"/>
                              </flow>
                              <link id="jipl54fq" targetId="jipl54fh" type="containerLink">
                                 <condition source="formula">
                                    <function name="string-equals">
                                       <arg name="left">{$input.inContactNumber}</arg>
                                       <arg name="right"/>
                                    </function>
                                 </condition>
                              </link>
                              <link id="jipl54fs" targetId="jipl54fk" type="containerLink"/>
                           </container>
                           <link id="jipl54dv" targetId="jipl54bo" type="containerLink"/>
                        </flow>
                        <flow id="jipl54dx">
                           <link id="jipl54dy" targetId="jipl54bo" type="containerLink"/>
                        </flow>
                        <link id="jipl54dr" targetId="jipl54du" type="containerLink">
                           <condition source="formula">
                              <function name="true">
                                 <arg name="field">{$input.InPractitioner}</arg>
                              </function>
                           </condition>
                        </link>
                        <link id="jipl54ds" targetId="jipl54dx" type="containerLink">
                           <condition source="formula">
                              <function name="false">
                                 <arg name="field">{$input.InPractitioner}</arg>
                              </function>
                           </condition>
                        </link>
                     </container>
                     <link id="jgrrnkoa" targetId="c" type="containerLink"/>
                  </flow>
                  <link id="jgrrnko3" targetId="jgrrnko6" type="containerLink"/>
                  <link id="jgrrnko4" targetId="jgrrnko9" type="containerLink"/>
                  <link id="jiwqpkd4" targetId="jh04tbrt"/>
               </container>
               <container id="jiwqpkgs" type="exclusive">
                  <title>tempOrgAndPractNullCheck</title>
                  <flow id="jiwqpkj1">
                     <end id="jjdsudl6"/>
                  </flow>
                  <flow id="jiwqpkj4">
                     <container id="jiwqpkyq" type="exclusive">
                        <title>tempErrorMessageCheck</title>
                        <flow id="jiwqpkyr">
                           <eventContainer id="jiwqpkys">
                              <create id="jiwqpkzz">
                                 <title>Order Role</title>
                                 <entityName>Salesforce:OSM_Order_Role__c</entityName>
                                 <createInput>
                                    <parameter name="OSM_Order__c" source="field">Id</parameter>
                                    <parameter name="OSM_Account__c" source="field">temp.tempAccount</parameter>
                                    <parameter name="OSM_All_Roles__c" source="formula" updatable="true">
                                       <expression language="XQuery">if($input.inOrderRoleType = 'Ordering'  and fn:contains($input.inOrderRequest[1]/orderableType , 'PCDx')  )
then 'Treating'
else if( ($input.inOrderRoleType = 'Partner'  and $input.inDistributorMaterialReturn = 'true' )  or ($input.inOrderRoleType = 'Specimen Submitting'  and $input.inSubmittingMaterialReturn  = 'true') )
then 'Material Return'
else ''</expression>
                                    </parameter>
                                    <parameter name="OSM_Contact__c" source="field">temp.tempContact</parameter>
                                    <parameter name="OSM_Role__c" source="field" updatable="true">input.inOrderRoleType</parameter>
                                    <parameter name="Office_Contact__c" source="field" updatable="true">input.inOfficeContact</parameter>
                                 </createInput>
                              </create>
                              <flow id="jiwqpkyt">
                                 <container id="jiwqpkyu" type="exclusive">
                                    <title>Initial Role</title>
                                    <flow id="jiwqpkyv">
                                       <assignment id="jiwqpkyw">
                                          <title>Assignment to tempRetryCount</title>
                                          <operation source="constant" to="temp.tempRetryCount">0</operation>
                                          <link id="jiwqpl0h" targetId="jiwqpkyx"/>
                                       </assignment>
                                       <assignment id="jiwqpkze">
                                          <title>Assignment to tempErrorMessage</title>
                                          <operation source="formula" to="temp.tempErrorMessageCheck">
                                             <expression language="XQuery">fn:not(fn:empty($temp.tempAccountErrorMessage)) or  fn:not(fn:empty($temp.tempContactErrorMessage)) or
fn:not(fn:empty($output.outDelegateErrorMessage))</expression>
                                          </operation>
                                          <operation source="formula" to="temp.tempErrorMessage">
                                             <expression language="XQuery">fn:concat($temp.tempErrorMessage,'&amp;#x000d;',$output.outDelegateErrorMessage)</expression>
                                          </operation>
                                       </assignment>
                                       <eventContainer id="jiwqpkyx">
                                          <subflow id="jiwqpkzd">
                                             <title>SP-EU-Portal-OrderRole-Delegate-Association</title>
                                             <subflowGUID>8LBmXoa8YoPk5bzQAjRgcR</subflowGUID>
                                             <subflowPath>SP-EU-Portal-OrderRole-Delegate-Association</subflowPath>
                                             <appliesTo>Salesforce:OSM_Order_Role__c</appliesTo>
                                             <appliesToDataName source="field">output.Created OSM_Order_Role__c</appliesToDataName>
                                             <runForEach>false</runForEach>
                                             <input>
                                                <parameter name="InorderId" source="field">Id</parameter>
                                                <parameter name="InOrderRequest" source="field" updatable="true">input.inOrderRequest</parameter>
                                                <parameter name="inContactforDelegate" source="field" updatable="true">input.inContactforDelegate</parameter>
                                             </input>
                                             <outputDef>
                                                <field name="outDelegateErrorMessage" type="string">
                                                   <options>
                                                      <option name="required">false</option>
                                                   </options>
                                                </field>
                                             </outputDef>
                                          </subflow>
                                          <flow id="jiwqpkyy">
                                             <link id="jiwqpl0l" targetId="jiwqpkyx" type="containerLink"/>
                                          </flow>
                                          <flow id="jiwqpkyz">
                                             <container id="jiwqpkz0" type="exclusive">
                                                <title>Check for Lock Row Error</title>
                                                <flow id="jiwqpkz1">
                                                   <container id="jiwqpkz2" type="exclusive">
                                                      <title>Check Retry Count for Delegate Ass</title>
                                                      <flow id="jiwqpkz3">
                                                         <throw id="jiwqpkz4">
                                                            <throwInput>
                                                               <parameter name="code" source="constant" updatable="true">{$output.faultInfoDelegateAss[1]/code}</parameter>
                                                               <parameter name="detail" source="constant" updatable="true">{$output.faultInfoDelegateAss[1]/detail}</parameter>
                                                               <parameter name="reason" source="constant" updatable="true">{$output.faultInfoDelegateAss[1]/reason}</parameter>
                                                            </throwInput>
                                                         </throw>
                                                      </flow>
                                                      <flow id="jiwqpkz5">
                                                         <wait id="jiwqpkz6">
                                                            <duration source="formula">
                                                               <function name="duration_expression">
                                                                  <arg name="value">{$output.retryDelay}</arg>
                                                                  <arg name="scale">S</arg>
                                                                  <arg name="businessDays"/>
                                                               </function>
                                                            </duration>
                                                            <link id="jiwqpl0r" targetId="jiwqpkz7"/>
                                                         </wait>
                                                         <assignment id="jiwqpkz7">
                                                            <title>Increase Retry Count</title>
                                                            <operation source="formula" to="temp.tempRetryCount">
                                                               <expression language="XQuery">$temp.tempRetryCount + 1</expression>
                                                            </operation>
                                                            <link id="jiwqpl0s" targetId="jiwqpkz8"/>
                                                         </assignment>
                                                         <jumpTo id="jiwqpkz8">
                                                            <link id="jiwqpl0t" targetId="jiwqpkyx"/>
                                                         </jumpTo>
                                                      </flow>
                                                      <link id="jiwqpl0p" targetId="jiwqpkz3" type="containerLink">
                                                         <condition source="formula">
                                                            <function name="greater-than">
                                                               <arg name="left">{$temp.tempRetryCount}</arg>
                                                               <arg name="right">{$output.retryCount}</arg>
                                                            </function>
                                                         </condition>
                                                      </link>
                                                      <link id="jiwqpl0q" targetId="jiwqpkz5" type="containerLink"/>
                                                   </container>
                                                </flow>
                                                <flow id="jiwqpkz9">
                                                   <jumpTo id="jiwqpkza">
                                                      <link id="jiwqpl0u" targetId="jiwqpkz2"/>
                                                   </jumpTo>
                                                </flow>
                                                <flow id="jiwqpkzb">
                                                   <throw id="jiwqpkzc">
                                                      <throwInput>
                                                         <parameter name="code" source="constant" updatable="true">{$output.faultInfoDelegateAss[1]/code}</parameter>
                                                         <parameter name="detail" source="constant" updatable="true">{$output.faultInfoDelegateAss[1]/detail}</parameter>
                                                         <parameter name="reason" source="constant" updatable="true">{$output.faultInfoDelegateAss[1]/reason}</parameter>
                                                      </throwInput>
                                                   </throw>
                                                </flow>
                                                <link id="jiwqpl0m" targetId="jiwqpkz1" type="containerLink">
                                                   <condition source="formula">
                                                      <function name="contains">
                                                         <arg name="left">{$output.faultInfoDelegateAss[1]/reason}</arg>
                                                         <arg name="right">UNABLE_TO_LOCK_ROW</arg>
                                                      </function>
                                                   </condition>
                                                </link>
                                                <link id="jiwqpl0n" targetId="jiwqpkz9" type="containerLink">
                                                   <condition source="formula">
                                                      <function name="contains">
                                                         <arg name="left">{$output.faultInfoDelegateAss[1]/reason}</arg>
                                                         <arg name="right">unable to obtain exclusive access to this record</arg>
                                                      </function>
                                                   </condition>
                                                </link>
                                                <link id="jiwqpl0o" targetId="jiwqpkzb" type="containerLink"/>
                                             </container>
                                          </flow>
                                          <link id="jiwqpl0i" targetId="jiwqpkyy" type="containerLink"/>
                                          <link id="jiwqpl0k" targetId="jiwqpkze"/>
                                          <events>
                                             <catch faultField="faultInfoDelegateAss" id="jhbzgkmu" interrupting="true">
                                                <link id="jiwqpl0j" targetId="jiwqpkyz" type="containerLink"/>
                                             </catch>
                                          </events>
                                       </eventContainer>
                                       <link id="jiwqpl0g" targetId="jiwqpkyu" type="containerLink"/>
                                    </flow>
                                    <flow id="jiwqpkzf">
                                       <assignment id="jiwqpkzg">
                                          <title>Assignment to tempErrorMessage</title>
                                          <operation source="formula" to="temp.tempErrorMessageCheck">
                                             <expression language="XQuery">fn:not(fn:empty($temp.tempAccountErrorMessage)) or  fn:not(fn:empty($temp.tempContactErrorMessage))</expression>
                                          </operation>
                                       </assignment>
                                       <link id="jiwqpl0v" targetId="jiwqpkyu" type="containerLink"/>
                                    </flow>
                                    <link id="jiwqpl0d" targetId="jiwqpkyv" type="containerLink">
                                       <condition source="formula">
                                          <function name="string-equals">
                                             <arg name="left">{$output.CreatedOSM_Order_Role__c.OSM_Role__c}</arg>
                                             <arg name="right">Ordering</arg>
                                          </function>
                                       </condition>
                                    </link>
                                    <link id="jiwqpl0e" targetId="jiwqpkzf" type="containerLink"/>
                                    <link id="jiwqpl0f" targetId="jiwqpkzh"/>
                                 </container>
                                 <container id="jiwqpkzh" type="exclusive">
                                    <title>tempErrorMessageCheck</title>
                                    <flow id="jiwqpkzi">
                                       <jumpTo id="jiwqpkzj">
                                          <link id="jiwqpl0y" targetId="kb0mbboq"/>
                                       </jumpTo>
                                    </flow>
                                    <flow id="jiwqpkzk">
                                       <link id="jiwqpl0z" targetId="jiwqpkzh" type="containerLink"/>
                                    </flow>
                                    <link id="jiwqpl0w" targetId="jiwqpkzi" type="containerLink">
                                       <condition source="formula">
                                          <function name="true">
                                             <arg name="field">{$temp.tempErrorMessageCheck}</arg>
                                          </function>
                                       </condition>
                                    </link>
                                    <link id="jiwqpl0x" targetId="jiwqpkzk" type="containerLink">
                                       <condition source="formula">
                                          <function name="false">
                                             <arg name="field">{$temp.tempErrorMessageCheck}</arg>
                                          </function>
                                       </condition>
                                    </link>
                                 </container>
                                 <link id="jiwqpl0c" targetId="jiwqpkys" type="containerLink"/>
                              </flow>
                              <flow id="jiwqpkzl">
                                 <container id="jiwqpkzm" type="exclusive">
                                    <title>Check for Lock Row Error</title>
                                    <flow id="jiwqpkzn">
                                       <container id="jiwqpkzo" type="exclusive">
                                          <title>Check Retry Count </title>
                                          <flow id="jiwqpkzp">
                                             <throw id="jiwqpkzq">
                                                <throwInput>
                                                   <parameter name="code" source="constant" updatable="true">{$output.faultInfo[1]/code}</parameter>
                                                   <parameter name="detail" source="constant" updatable="true">{$output.faultInfo[1]/detail}</parameter>
                                                   <parameter name="reason" source="constant" updatable="true">{$output.faultInfo[1]/reason}</parameter>
                                                </throwInput>
                                             </throw>
                                          </flow>
                                          <flow id="jiwqpkzr">
                                             <wait id="jiwqpkzs">
                                                <duration source="formula">
                                                   <function name="duration_expression">
                                                      <arg name="value">{$output.retryDelay}</arg>
                                                      <arg name="scale">S</arg>
                                                      <arg name="businessDays"/>
                                                   </function>
                                                </duration>
                                                <link id="jiwqpl15" targetId="jiwqpkzt"/>
                                             </wait>
                                             <assignment id="jiwqpkzt">
                                                <title>Increase Retry Count</title>
                                                <operation source="formula" to="temp.tempRetryCount">
                                                   <expression language="XQuery">$temp.tempRetryCount + 1</expression>
                                                </operation>
                                                <link id="jiwqpl16" targetId="jiwqpkzu"/>
                                             </assignment>
                                             <jumpTo id="jiwqpkzu">
                                                <link id="jiwqpl17" targetId="jiwqpkys"/>
                                             </jumpTo>
                                          </flow>
                                          <link id="jiwqpl13" targetId="jiwqpkzp" type="containerLink">
                                             <condition source="formula">
                                                <function name="greater-than">
                                                   <arg name="left">{$temp.tempRetryCount}</arg>
                                                   <arg name="right">{$output.retryCount}</arg>
                                                </function>
                                             </condition>
                                          </link>
                                          <link id="jiwqpl14" targetId="jiwqpkzr" type="containerLink"/>
                                       </container>
                                    </flow>
                                    <flow id="jiwqpkzv">
                                       <jumpTo id="jiwqpkzw">
                                          <link id="jiwqpl18" targetId="jiwqpkzo"/>
                                       </jumpTo>
                                    </flow>
                                    <flow id="jiwqpkzx">
                                       <throw id="jiwqpkzy">
                                          <throwInput>
                                             <parameter name="code" source="constant" updatable="true">{$output.faultInfo[1]/code}</parameter>
                                             <parameter name="detail" source="constant" updatable="true">{$output.faultInfo[1]/detail}</parameter>
                                             <parameter name="reason" source="constant" updatable="true">{$output.faultInfo[1]/reason}</parameter>
                                          </throwInput>
                                       </throw>
                                    </flow>
                                    <link id="jiwqpl10" targetId="jiwqpkzn" type="containerLink">
                                       <condition source="formula">
                                          <function name="contains">
                                             <arg name="left">{$output.faultInfo[1]/reason}</arg>
                                             <arg name="right">UNABLE_TO_LOCK_ROW</arg>
                                          </function>
                                       </condition>
                                    </link>
                                    <link id="jiwqpl11" targetId="jiwqpkzv" type="containerLink">
                                       <condition source="formula">
                                          <function name="contains">
                                             <arg name="left">{$output.faultInfo[1]/reason}</arg>
                                             <arg name="right">unable to obtain exclusive access to this record</arg>
                                          </function>
                                       </condition>
                                    </link>
                                    <link id="jiwqpl12" targetId="jiwqpkzx" type="containerLink"/>
                                 </container>
                              </flow>
                              <link id="jiwqpl0a" targetId="jiwqpkyt" type="containerLink"/>
                              <events>
                                 <catch faultField="faultInfo" id="jgxxdzk6" interrupting="true">
                                    <link id="jiwqpl0b" targetId="jiwqpkzl" type="containerLink"/>
                                 </catch>
                              </events>
                           </eventContainer>
                           <link id="jiwqpl09" targetId="jiwqpkyq" type="containerLink"/>
                        </flow>
                        <flow id="jiwqpl00">
                           <assignment id="jiwqpl01">
                              <title>Assignment to tempErrorMessage</title>
                              <operation source="formula" to="temp.tempErrorMessage">
                                 <expression language="XQuery">fn:concat($temp.tempErrorMessage ,'&amp;#x000a;',
'Cannot create Order Role because both Account and Contact did not match.')</expression>
                              </operation>
                              <link id="kb0mbbor" targetId="kb0mbboq"/>
                           </assignment>
                           <assignment id="kb0mbboq">
                              <title>Assignment to tempExistingExtenalCase</title>
                              <operation source="query" to="temp.tempExistingExtenalCase">
                                 <query advanceQuery="false" from="Salesforce:Case">
                                    <where> Type = 'External Order Intake' And Status = 'Open' And OSM_Primary_Order__r.Id = '{$Id}' Order By CreatedDate desc Limit 1</where>
                                 </query>
                              </operation>
                              <link id="kb0mbc0j" targetId="kb0mbc0i"/>
                           </assignment>
                           <container id="kb0mbc0i" type="exclusive">
                              <title>tempExistingExtenalCase</title>
                              <flow id="kb0mbc0m">
                                 <assignment id="kb0mbd16">
                                    <title>Assignment to Description</title>
                                    <operation source="formula" to="temp.tempExistingExtenalCase.Description">
                                       <expression language="XQuery">fn:concat($temp.tempExistingExtenalCase.description ,'&amp;#x000a;' ,'&amp;#x000a;',
util:format(fn:string(fn:current-dateTime()) , "MM.dd.yyyy h:mm a "),' GMT: ',$temp.tempErrorMessage )
</expression>
                                    </operation>
                                 </assignment>
                                 <link id="kb0mbc0n" targetId="kb0mbc0i" type="containerLink"/>
                              </flow>
                              <flow id="kb0mbc0p">
                                 <eventContainer id="kb0mbd4m">
                                    <subflow id="kb0mbd4q">
                                       <title>SP-Create-Case-With-Given-Data</title>
                                       <subflowGUID>3vDpYyhVy7LcdxsQA9pJe4</subflowGUID>
                                       <subflowPath>SP-Create-Case-With-Given-Data</subflowPath>
                                       <runForEach>false</runForEach>
                                       <input>
                                          <parameter name="InType" source="constant" updatable="true">External Order Intake</parameter>
                                          <parameter name="InRecType" source="constant" updatable="true">012U00000005dXtIAI</parameter>
                                          <parameter name="InDescription" source="formula" updatable="true">
                                             <expression language="XQuery">fn:concat(util:format(fn:string(fn:current-dateTime()) , "MM.dd.yyyy h:mm a "),' GMT: ',$temp.tempErrorMessage )</expression>
                                          </parameter>
                                          <parameter name="inPrimaryOrder" source="field">Id</parameter>
                                          <parameter name="InPrimaryCustomer" source="field">output.Created OSM_Order_Role__c</parameter>
                                          <parameter name="InLabHold" source="constant" updatable="true">false</parameter>
                                          <parameter name="InReportDistributionHold" source="constant" updatable="true">false</parameter>
                                          <parameter name="InPotentiallyResponsibleAccount"
                                                     source="constant"
                                                     updatable="true"/>
                                       </input>
                                       <outputDef>
                                          <field name="out_CaseId" type="string">
                                             <options>
                                                <option name="required">false</option>
                                             </options>
                                          </field>
                                       </outputDef>
                                    </subflow>
                                    <flow id="kb0mbd4n">
                                       <link id="kb0mbd4t" targetId="kb0mbd4m" type="containerLink"/>
                                    </flow>
                                    <flow id="kb0mbd4o">
                                       <throw id="kb0mbd4p">
                                          <throwInput>
                                             <parameter name="code" source="constant" updatable="true">{$output.faultInfoCase[1]/code}</parameter>
                                             <parameter name="detail" source="constant" updatable="true">{$output.faultInfoCase[1]/detail}</parameter>
                                             <parameter name="reason" source="constant" updatable="true">{$output.faultInfoCase[1]/reason}</parameter>
                                          </throwInput>
                                       </throw>
                                    </flow>
                                    <link id="kb0mbd4r" targetId="kb0mbd4n" type="containerLink"/>
                                    <events>
                                       <catch faultField="faultInfoCase" id="jgxxe049" interrupting="true">
                                          <link id="kb0mbd4s" targetId="kb0mbd4o" type="containerLink"/>
                                       </catch>
                                    </events>
                                 </eventContainer>
                                 <link id="kb0mbc0q" targetId="kb0mbc0i" type="containerLink"/>
                              </flow>
                              <link id="kb0mbc0l" targetId="kb0mbc0m" type="containerLink">
                                 <condition source="formula">
                                    <function name="set">
                                       <arg name="field">{$temp.tempExistingExtenalCase}</arg>
                                    </function>
                                 </condition>
                              </link>
                              <link id="kb0mbc0o" targetId="kb0mbc0p" type="containerLink">
                                 <condition source="formula">
                                    <function name="unset">
                                       <arg name="field">{$temp.tempExistingExtenalCase}</arg>
                                    </function>
                                 </condition>
                              </link>
                           </container>
                           <link id="jiwqpl19" targetId="jiwqpkyq" type="containerLink"/>
                        </flow>
                        <link id="jiwqpl07" targetId="jiwqpkyr" type="containerLink">
                           <condition source="formula">
                              <function name="true">
                                 <arg name="field">{$temp.tempErrorMessageCheck}</arg>
                              </function>
                           </condition>
                        </link>
                        <link id="jiwqpl08" targetId="jiwqpl00" type="containerLink">
                           <condition source="formula">
                              <function name="false">
                                 <arg name="field">{$temp.tempErrorMessageCheck}</arg>
                              </function>
                           </condition>
                        </link>
                        <link id="jzl46ucg" targetId="jzl46ucf"/>
                     </container>
                     <assignment id="jzl46ucf">
                        <title>Assignment to OutCreatedOrderRole</title>
                        <operation source="field" to="output.OutCreatedOrderRole">output.Created OSM_Order_Role__c</operation>
                        <link id="jzl46uch" targetId="jiwqpkj3"/>
                     </assignment>
                     <end id="jiwqpkj3"/>
                  </flow>
                  <link id="jiwqpkiy" targetId="jiwqpkj1" type="containerLink">
                     <condition source="formula">
                        <function name="true">
                           <arg name="field">{$temp.tempOrgAndPractNullCheck}</arg>
                        </function>
                     </condition>
                  </link>
                  <link id="jiwqpkiz" targetId="jiwqpkj4" type="containerLink">
                     <condition source="formula">
                        <function name="false">
                           <arg name="field">{$temp.tempOrgAndPractNullCheck}</arg>
                        </function>
                     </condition>
                  </link>
               </container>
               <assignment id="jh04tbrt">
                  <title>Assignment to tempErrorMessage</title>
                  <operation source="formula" to="temp.tempErrorMessageCheck">
                     <expression language="XQuery">if(fn:not($temp.tempContact) and fn:not($temp.tempAccount)) then 
     fn:false()
 else 
     (fn:empty($temp.tempAccountErrorMessage) or  fn:empty($temp.tempContactErrorMessage))</expression>
                  </operation>
                  <operation source="formula" to="temp.tempErrorMessage">
                     <expression language="XQuery">fn:concat($temp.tempAccountErrorMessage,'&amp;#x000a;',
$temp.tempContactErrorMessage)</expression>
                  </operation>
                  <operation source="formula" to="temp.tempOrgAndPractNullCheck">
                     <expression language="XQuery">$input.InOrganization=fn:false() and $input.InPractitioner=fn:false()</expression>
                  </operation>
                  <link id="jiwqpkgt" targetId="jiwqpkgs"/>
               </assignment>
            </flow>
         </process>
      </types1:Entry>
      <types1:GUID>7iw7gi5NKbpioZ6jeiMwE0</types1:GUID>
      <types1:DisplayName>SP-EU-Portal-OrderRole-Create</types1:DisplayName>
   </types1:Item>
   <types1:CurrentServerDateTime>2023-05-18T11:15:43.225Z</types1:CurrentServerDateTime>
</aetgt:getResponse>
