<aetgt:getResponse xmlns:aetgt="http://schemas.active-endpoints.com/appmodules/repository/2010/10/avrepository.xsd"
                   xmlns:types1="http://schemas.active-endpoints.com/appmodules/repository/2010/10/avrepository.xsd">
   <types1:Item>
      <types1:EntryId>uFyhNzUzeA8rJ4p-gt-18465117-2023-05-11T23:41:07.632Z::pd.xml</types1:EntryId>
      <types1:Name>SP-NY-Specimen-Issue-Case-Creation</types1:Name>
      <types1:ParentFlowIds>1dq2ME9paabdqpw-gt-30187336-2023-01-26T20:47:49.85Z::pd.xml</types1:ParentFlowIds>
      <types1:MimeType>application/xml+process</types1:MimeType>
      <types1:Description>User Story 304584:FR-CASE-NYSPECIMEN-100-1,FR-CASE-NYSPECIMEN-100-2,FR-CASE-NYSPECIMEN-100-3: Results Ready inbound message</types1:Description>
      <types1:AppliesTo>Salesforce:Order</types1:AppliesTo>
      <types1:Tags>94690,Case Autocreation,FR-CASE-SI-101,Order Specimen,Specimen Issue</types1:Tags>
      <types1:VersionLabel>1.0</types1:VersionLabel>
      <types1:State>CURRENT</types1:State>
      <types1:ProcessGroup/>
      <types1:CreatedBy>admin@par15.ghi</types1:CreatedBy>
      <types1:CreationDate>2023-05-11T23:41:08Z</types1:CreationDate>
      <types1:ModifiedBy>admin@par15.ghi</types1:ModifiedBy>
      <types1:ModificationDate>2023-05-16T21:56:06Z</types1:ModificationDate>
      <types1:PublicationStatus>published</types1:PublicationStatus>
      <types1:PublishedBy>admin@par15.ghi</types1:PublishedBy>
      <types1:PublicationDate>2023-05-16T22:11:01Z</types1:PublicationDate>
      <types1:PublishedContributionId>project:/spi.SP-NY-Specimen-Issue-Case-Creation/SP-NY-Specimen-Issue-Case-Creation.pd.xml</types1:PublishedContributionId>
      <types1:AutosaveExists>false</types1:AutosaveExists>
      <types1:Entry>
         <process xmlns="http://schemas.active-endpoints.com/appmodules/screenflow/2010/10/avosScreenflow.xsd"
                  xmlns:tfm="http://schemas.active-endpoints.com/appmodules/screenflow/2021/04/taskflowModel.xsd"
                  xmlns:list="urn:activevos:spi:list:functions"
                  displayName="SP-NY-Specimen-Issue-Case-Creation"
                  name="SP-NY-Specimen-Issue-Case-Creation"
                  overrideAPIName="false">
            <parameterSet xmlns="http://schemas.active-endpoints.com/appmodules/screenflow/2021/04/taskflowModel.xsd"/>
            <appliesTo>Salesforce:Order</appliesTo>
            <description>User Story 304584:FR-CASE-NYSPECIMEN-100-1,FR-CASE-NYSPECIMEN-100-2,FR-CASE-NYSPECIMEN-100-3: Results Ready inbound message</description>
            <tags>94690,Case Autocreation,FR-CASE-SI-101,Order Specimen,Specimen Issue</tags>
            <generator>Informatica Process Designer 11</generator>
            <tempFields>
               <field description="" name="temp_SICase" type="reference">
                  <options>
                     <option name="referenceTo">Salesforce:Case</option>
                     <option name="required">false</option>
                     <option name="guid">9rhyRDabNHiiDcOu4c64gK</option>
                  </options>
               </field>
               <field description="" name="temp_CaseDesc" type="string">
                  <options>
                     <option name="required">false</option>
                  </options>
               </field>
               <field description="" name="tempOrderableContainsExtra" type="boolean">
                  <options>
                     <option name="defaultvalue">false</option>
                     <option name="boolean_show_as">checkbox</option>
                     <option name="required">false</option>
                  </options>
               </field>
               <field description="" name="temp_Description" type="string">
                  <options>
                     <option name="required">false</option>
                  </options>
               </field>
               <field description="" name="temp_Description1" type="string">
                  <options>
                     <option name="required">false</option>
                  </options>
               </field>
               <field description="" name="tempDescCheck" type="boolean">
                  <options>
                     <option name="defaultvalue">false</option>
                     <option name="boolean_show_as">checkbox</option>
                     <option name="required">false</option>
                     <option name="guid"/>
                  </options>
               </field>
            </tempFields>
            <notes>User Story 94690:Create Specimen Issue Case - FR-CASE-SI-101</notes>
            <deployment skipIfRunning="false" suspendOnFault="false" tracingLevel="verbose">
               <rest/>
            </deployment>
            <flow id="a">
               <start id="b">
                  <link id="lhahjeza" targetId="lhagrhkp"/>
               </start>
               <container id="lhagrhkp" type="exclusive">
                  <title>State</title>
                  <flow id="lhirsb2w">
                     <end id="lhirsb4h">
                        <title>End 1</title>
                     </end>
                  </flow>
                  <flow id="lhagrhkw">
                     <link id="lhirsb4g" targetId="lhagrhkp" type="containerLink"/>
                  </flow>
                  <link id="lhirsb2v" targetId="lhirsb2w" type="containerLink">
                     <condition source="formula">
                        <function name="string-equals">
                           <arg name="left">{$Status}</arg>
                           <arg name="right">Closed</arg>
                        </function>
                     </condition>
                  </link>
                  <link id="lhagrhkv" targetId="lhagrhkw" type="containerLink"/>
                  <link id="lhagrhkr" targetId="lhaffwgm"/>
               </container>
               <container id="lhaffuof" type="parallel">
                  <title>Parallel Paths 1</title>
                  <flow id="lhaffuoj">
                     <container id="lhaffwef" type="exclusive">
                        <title>isOrderableContainExtra</title>
                        <flow id="lhagrgz1">
                           <container id="lhagrh9p" type="exclusive">
                              <title>NY Order?</title>
                              <flow id="lhagrh9r">
                                 <container id="lhahjefv" type="exclusive">
                                    <title>NY Specimen?</title>
                                    <flow id="lhahjefx">
                                       <link id="lhahjefy" targetId="lhahjefv" type="containerLink"/>
                                    </flow>
                                    <flow id="lhahjeg0">
                                       <assignment id="lhahjekb">
                                          <title>Assignment to temp_Description</title>
                                          <operation source="constant" to="temp.temp_Description">ExTra Non-NY order placed on NY TRF</operation>
                                       </assignment>
                                       <link id="lhahjeg1" targetId="lhahjefv" type="containerLink"/>
                                    </flow>
                                    <link id="lhahjefw" targetId="lhahjefx" type="containerLink">
                                       <condition source="formula">
                                          <function name="true">
                                             <arg name="field">{$OSM_NY_Specimen__c}</arg>
                                          </function>
                                       </condition>
                                    </link>
                                    <link id="lhahjefz" targetId="lhahjeg0" type="containerLink">
                                       <condition source="formula">
                                          <function name="false">
                                             <arg name="field">{$OSM_NY_Specimen__c}</arg>
                                          </function>
                                       </condition>
                                    </link>
                                 </container>
                                 <link id="lhagrh9s" targetId="lhagrh9p" type="containerLink"/>
                              </flow>
                              <flow id="lhagrh9u">
                                 <container id="lhagrhdv" type="exclusive">
                                    <title>NY Specimen?</title>
                                    <flow id="lhahjdo5">
                                       <assignment id="lhahjdqc">
                                          <title>Assignment to temp_Description</title>
                                          <operation source="constant" to="temp.temp_Description">ExTra NY order placed on standard TRF</operation>
                                       </assignment>
                                       <link id="lhahjdo6" targetId="lhagrhdv" type="containerLink"/>
                                    </flow>
                                    <flow id="lhahjdo7">
                                       <link id="lhahjdo8" targetId="lhagrhdv" type="containerLink"/>
                                    </flow>
                                    <link id="lhahjdo3" targetId="lhahjdo5" type="containerLink">
                                       <condition source="formula">
                                          <function name="true">
                                             <arg name="field">{$OSM_NY_Specimen__c}</arg>
                                          </function>
                                       </condition>
                                    </link>
                                    <link id="lhahjdo4" targetId="lhahjdo7" type="containerLink">
                                       <condition source="formula">
                                          <function name="false">
                                             <arg name="field">{$OSM_NY_Specimen__c}</arg>
                                          </function>
                                       </condition>
                                    </link>
                                 </container>
                                 <link id="lhagrh9v" targetId="lhagrh9p" type="containerLink"/>
                              </flow>
                              <link id="lhagrh9q" targetId="lhagrh9r" type="containerLink">
                                 <condition source="formula">
                                    <function name="true">
                                       <arg name="field">{$OSM_NY_Order__c}</arg>
                                    </function>
                                 </condition>
                              </link>
                              <link id="lhagrh9t" targetId="lhagrh9u" type="containerLink">
                                 <condition source="formula">
                                    <function name="false">
                                       <arg name="field">{$OSM_NY_Order__c}</arg>
                                    </function>
                                 </condition>
                              </link>
                           </container>
                           <link id="lhagrgz2" targetId="lhaffwef" type="containerLink"/>
                        </flow>
                        <flow id="lhagrgz3">
                           <link id="lhagrgz4" targetId="lhaffwef" type="containerLink"/>
                        </flow>
                        <link id="lhagrgyz" targetId="lhagrgz1" type="containerLink">
                           <condition source="formula">
                              <function name="true">
                                 <arg name="field">{$temp.tempOrderableContainsExtra}</arg>
                              </function>
                           </condition>
                        </link>
                        <link id="lhagrgz0" targetId="lhagrgz3" type="containerLink">
                           <condition source="formula">
                              <function name="false">
                                 <arg name="field">{$temp.tempOrderableContainsExtra}</arg>
                              </function>
                           </condition>
                        </link>
                     </container>
                     <link id="lhaffuok" targetId="lhaffuof" type="containerLink"/>
                  </flow>
                  <flow id="lhaffus9">
                     <container id="lhaffvzd" type="exclusive">
                        <title>Orderable</title>
                        <flow id="lhaffvzf">
                           <container id="lhahjf1d" type="exclusive">
                              <title>NY Specimen?</title>
                              <flow id="lhahjf1g">
                                 <assignment id="lhahjf4k">
                                    <title>Assignment to temp_Description1</title>
                                    <operation source="constant" to="temp.temp_Description1">ExTra IHC or ExTra Full order placed for New York sample</operation>
                                 </assignment>
                                 <link id="lhahjf1h" targetId="lhahjf1d" type="containerLink"/>
                              </flow>
                              <flow id="lhahjf1j">
                                 <link id="lhahjf1k" targetId="lhahjf1d" type="containerLink"/>
                              </flow>
                              <link id="lhahjf1f" targetId="lhahjf1g" type="containerLink">
                                 <condition source="formula">
                                    <function name="true">
                                       <arg name="field">{$OSM_NY_Specimen__c}</arg>
                                    </function>
                                 </condition>
                              </link>
                              <link id="lhahjf1i" targetId="lhahjf1j" type="containerLink">
                                 <condition source="formula">
                                    <function name="false">
                                       <arg name="field">{$OSM_NY_Specimen__c}</arg>
                                    </function>
                                 </condition>
                              </link>
                           </container>
                           <link id="lhaffvzg" targetId="lhaffvzd" type="containerLink"/>
                        </flow>
                        <flow id="lhaffvzi">
                           <link id="lhaffvzj" targetId="lhaffvzd" type="containerLink"/>
                        </flow>
                        <link id="lhaffvze" targetId="lhaffvzf" type="containerLink">
                           <condition source="formula">
                              <function name="included">
                                 <arg name="left">{$OSM_Product__c}</arg>
                                 <arg name="right">ExTra Full,ExTra IHC Only</arg>
                              </function>
                           </condition>
                        </link>
                        <link id="lhaffvzh" targetId="lhaffvzi" type="containerLink"/>
                     </container>
                     <link id="lhaffusa" targetId="lhaffuof" type="containerLink"/>
                  </flow>
                  <link id="lhaffuoi" targetId="lhaffuoj" type="containerLink"/>
                  <link id="lhaffus8" targetId="lhaffus9" type="containerLink"/>
                  <link id="lhox8lrb" targetId="lhorzjpr"/>
               </container>
               <container id="iqb3b9wn" type="exclusive">
                  <title>Check Description</title>
                  <flow id="iqb3b9z9">
                     <end id="lhg40hvm">
                        <title>End 2</title>
                     </end>
                  </flow>
                  <flow id="iqb3b9zc">
                     <assignment id="lhox8lrs">
                        <title>Append all fields description</title>
                        <operation source="formula" to="temp.temp_CaseDesc">
                           <expression language="XQuery">fn:concat($temp.temp_Description, '&amp;#x000a;',
$temp.temp_Description1,'&amp;#x000a;')


 </expression>
                        </operation>
                        <link id="lhox8lrt" targetId="iqb3bast"/>
                     </assignment>
                     <assignment id="iqb3bast">
                        <title>Read Existing Specimen issue Cases</title>
                        <operation source="query" to="temp.temp_SICase">
                           <query advanceQuery="false" from="Salesforce:Case">
                              <where>OSM_Primary_Order__c = '{$Id}' AND Status = 'Open' AND Type = 'New York Specimen Issue'  AND OSM_ICRT_Process_Name__c = 'INT-MP-SpecimenResultMessage'  Order By CreatedDate ASC Limit 1  </where>
                           </query>
                        </operation>
                        <link id="iqb3basv" targetId="iqb3baln"/>
                     </assignment>
                     <container id="iqb3baln" type="exclusive">
                        <title>Check Existing Case</title>
                        <flow id="iqb3balo">
                           <end id="lhjkzjlu"/>
                        </flow>
                        <flow id="iqb3balw">
                           <subflow id="iqb3bayo">
                              <title>SP-Create-Case-With-Given-Data</title>
                              <subflowGUID>3vDpYyhVy7LcdxsQA9pJe4</subflowGUID>
                              <subflowPath>SP-Create-Case-With-Given-Data</subflowPath>
                              <runForEach>false</runForEach>
                              <input>
                                 <parameter name="InType" source="constant" updatable="true">New York Specimen Issue</parameter>
                                 <parameter name="InRecType" source="constant" updatable="true">012U00000005dXtIAI</parameter>
                                 <parameter name="InDescription" source="field" updatable="true">temp.temp_CaseDesc</parameter>
                                 <parameter name="InProcessName" source="constant" updatable="true">INT-MP-SpecimenResultMessage</parameter>
                                 <parameter name="inPrimaryOrder" source="field">Id</parameter>
                                 <parameter name="InPrimaryCustomer" source="query" updatable="true">
                                    <query advanceQuery="false" from="Salesforce:OSM_Order_Role__c">
                                       <where>OSM_Order__c = '{$Id}' AND OSM_Role__c = 'Ordering' limit 1</where>
                                    </query>
                                 </parameter>
                                 <parameter name="InStatus" source="constant" updatable="true">Open</parameter>
                                 <parameter name="InLabHold" source="constant" updatable="true">false</parameter>
                                 <parameter name="InReportDistributionHold" source="constant" updatable="true">false</parameter>
                                 <parameter name="InPriority" source="constant" updatable="true">2 - Normal</parameter>
                                 <parameter name="InSubject" source="constant" updatable="true">New York Specimen Issue</parameter>
                              </input>
                              <outputDef>
                                 <field name="out_CaseId" type="string">
                                    <options>
                                       <option name="required">false</option>
                                    </options>
                                 </field>
                              </outputDef>
                              <link id="lhjkzjnp" targetId="lhjkzjno"/>
                           </subflow>
                           <end id="lhjkzjno">
                              <title>End 3</title>
                           </end>
                        </flow>
                        <link id="iqb3balx" targetId="iqb3balo" type="containerLink">
                           <condition source="formula">
                              <function name="set">
                                 <arg name="field">{$temp.temp_SICase}</arg>
                              </function>
                           </condition>
                        </link>
                        <link id="iqb3baly" targetId="iqb3balw" type="containerLink">
                           <condition source="formula">
                              <function name="unset">
                                 <arg name="field">{$temp.temp_SICase}</arg>
                              </function>
                           </condition>
                        </link>
                     </container>
                  </flow>
                  <link id="iqb3b9z6" targetId="iqb3b9z9" type="containerLink">
                     <condition source="formula">
                        <function name="true">
                           <arg name="field">{$temp.tempDescCheck}</arg>
                        </function>
                     </condition>
                  </link>
                  <link id="iqb3b9z7" targetId="iqb3b9zc" type="containerLink">
                     <condition source="formula">
                        <function name="false">
                           <arg name="field">{$temp.tempDescCheck}</arg>
                        </function>
                     </condition>
                  </link>
               </container>
               <assignment id="lhaffwgm">
                  <title>Assignment to tempOrderableContainsExTra</title>
                  <operation source="formula" to="temp.tempOrderableContainsExtra">
                     <expression language="XQuery">if($OSM_Product__c  !=  '' and fn:contains($OSM_Product__c , 'ExTra') ) then fn:true()
else
fn:false()

</expression>
                  </operation>
                  <link id="lhaffwgo" targetId="lhaffuof"/>
               </assignment>
               <assignment id="lhorzjpr">
                  <title>Assignment to tempStringCheck</title>
                  <operation source="formula" to="temp.tempDescCheck">
                     <expression language="XQuery">if(fn:empty($temp.temp_Description) and fn:empty($temp.temp_Description1) ) then fn:true()
else
fn:false()
</expression>
                  </operation>
                  <link id="lhotzldf" targetId="iqb3b9wn"/>
               </assignment>
            </flow>
         </process>
      </types1:Entry>
      <types1:GUID>8u3ywHK6lOahh2Zk7ArEyS</types1:GUID>
      <types1:DisplayName>SP-NY-Specimen-Issue-Case-Creation</types1:DisplayName>
   </types1:Item>
   <types1:CurrentServerDateTime>2023-05-18T11:15:42.733Z</types1:CurrentServerDateTime>
</aetgt:getResponse>
