<aetgt:getResponse xmlns:aetgt="http://schemas.active-endpoints.com/appmodules/repository/2010/10/avrepository.xsd"
                   xmlns:types1="http://schemas.active-endpoints.com/appmodules/repository/2010/10/avrepository.xsd">
   <types1:Item>
      <types1:EntryId>O47EkWoKeERhKGX-gt-15163143-2019-03-07T20:35:12.647Z::pd.xml</types1:EntryId>
      <types1:Name>SP-SA-Case-AutoDetermination</types1:Name>
      <types1:ParentFlowIds>cgqRQciSrZMSPfX-gt-15162567-2019-03-07T20:35:04.703Z::pd.xml,uCNgbcggaaaaa-gt-15162669-2019-03-07T20:35:06.032Z::pd.xml,VltnKLLsciQlBWl-gt-15163017-2019-03-07T20:35:10.769Z::pd.xml</types1:ParentFlowIds>
      <types1:MimeType>application/xml+process</types1:MimeType>
      <types1:Description>US116191: FR-LAB-DDS-100-12: SA Case auto-determination on Specimen</types1:Description>
      <types1:AppliesTo>Salesforce:OSM_Order_Specimen__c</types1:AppliesTo>
      <types1:Tags>16191,FR-LAB-DDS-100-12</types1:Tags>
      <types1:VersionLabel>1.0</types1:VersionLabel>
      <types1:State>CURRENT</types1:State>
      <types1:ProcessGroup/>
      <types1:CreatedBy>admin@001e08.ghi</types1:CreatedBy>
      <types1:CreationDate>2019-03-07T20:35:12Z</types1:CreationDate>
      <types1:ModifiedBy>admin@par15.ghi</types1:ModifiedBy>
      <types1:ModificationDate>2023-05-01T22:23:28Z</types1:ModificationDate>
      <types1:PublicationStatus>published</types1:PublicationStatus>
      <types1:PublishedBy>admin@par15.ghi</types1:PublishedBy>
      <types1:PublicationDate>2023-05-16T22:11:01Z</types1:PublicationDate>
      <types1:PublishedContributionId>project:/spi.SP-SA-Case-AutoDetermination/SP-SA-Case-AutoDetermination.pd.xml</types1:PublishedContributionId>
      <types1:AutosaveExists>false</types1:AutosaveExists>
      <types1:Entry>
         <process xmlns="http://schemas.active-endpoints.com/appmodules/screenflow/2010/10/avosScreenflow.xsd"
                  xmlns:tfm="http://schemas.active-endpoints.com/appmodules/screenflow/2021/04/taskflowModel.xsd"
                  xmlns:list="urn:activevos:spi:list:functions"
                  displayName="SP-SA-Case-AutoDetermination"
                  name="SP-SA-Case-AutoDetermination">
            <parameterSet xmlns="http://schemas.active-endpoints.com/appmodules/screenflow/2021/04/taskflowModel.xsd"/>
            <appliesTo>Salesforce:OSM_Order_Specimen__c</appliesTo>
            <description>US116191: FR-LAB-DDS-100-12: SA Case auto-determination on Specimen</description>
            <tags>16191,FR-LAB-DDS-100-12</tags>
            <generator>Informatica Process Designer 11</generator>
            <input>
               <parameter description="" name="IsExtraOrderUpdate" type="boolean">
                  <options>
                     <option name="defaultvalue">false</option>
                     <option name="boolean_show_as">checkbox</option>
                     <option name="required">false</option>
                  </options>
               </parameter>
            </input>
            <tempFields>
               <field description="" name="tempCase" type="reference">
                  <options>
                     <option name="referenceTo">Salesforce:Case</option>
                     <option name="required">false</option>
                     <option name="guid">9rhyRDabNHiiDcOu4c64gK</option>
                  </options>
               </field>
               <field description="" name="tempCaseList" type="objectlist">
                  <options>
                     <option name="referenceTo">Salesforce:Case</option>
                     <option hide="true" name="multiSelect">true</option>
                     <option name="required">false</option>
                     <option name="guid">9rhyRDabNHiiDcOu4c64gK</option>
                  </options>
               </field>
               <field description="" name="tempCaseListSize" type="int">
                  <options>
                     <option name="required">false</option>
                  </options>
               </field>
               <field description="" name="tempIsSetBlank" type="picklist">
                  <options>
                     <option name="values">[{"label":"ClearAll","value":"ClearAll"},{"label":"PopulateAll","value":"PopulateAll"},{"label":"ClearMROR","value":"ClearMROR"},{"label":"PopulateArv7Liqsel","value":"PopulateArv7Liqsel"}]</option>
                     <option name="required">false</option>
                  </options>
               </field>
               <field description="" name="tempRetryCount" type="int">
                  <options>
                     <option name="required">false</option>
                     <option hide="true" name="initialvalue">0</option>
                  </options>
               </field>
               <field description="" name="tempOrder" type="reference">
                  <options>
                     <option name="referenceTo">Salesforce:Order</option>
                     <option name="required">false</option>
                     <option name="guid">9rhyRDabNHiiDcOu4c64gK</option>
                  </options>
               </field>
               <field description="" name="isOrderMultipleConfimed" type="boolean">
                  <options>
                     <option name="defaultvalue">false</option>
                     <option name="boolean_show_as">checkbox</option>
                     <option name="required">false</option>
                  </options>
               </field>
               <field description="" name="isSetMRAddressOption" type="boolean">
                  <options>
                     <option name="defaultvalue">false</option>
                     <option name="boolean_show_as">checkbox</option>
                     <option name="required">false</option>
                  </options>
               </field>
               <field description="" name="tempOrderRoleList" type="objectlist">
                  <options>
                     <option name="referenceTo">Salesforce:OSM_Order_Role__c</option>
                     <option hide="true" name="multiSelect">true</option>
                     <option name="required">false</option>
                     <option name="guid">9rhyRDabNHiiDcOu4c64gK</option>
                  </options>
               </field>
               <field description="" name="tempORsize" type="int">
                  <options>
                     <option name="required">false</option>
                  </options>
               </field>
               <field description="" name="tempisARV7LiqselOS" type="boolean">
                  <options>
                     <option name="defaultvalue">false</option>
                     <option name="boolean_show_as">checkbox</option>
                     <option name="required">false</option>
                  </options>
               </field>
               <field description="" name="tempSpecimenRcvdDate" type="date">
                  <options>
                     <option name="required">false</option>
                  </options>
               </field>
               <field description="" name="tempSystemSetting" type="reference">
                  <options>
                     <option name="referenceTo">Salesforce:Record_Type__c</option>
                     <option name="required">false</option>
                     <option name="guid">9rhyRDabNHiiDcOu4c64gK</option>
                  </options>
               </field>
            </tempFields>
            <notes>US116191: FR-LAB-DDS-100-12: SA Case auto-determination on Specimen
US 303197 -FR-LAB-INTEGRATION-100-8</notes>
            <deployment skipIfRunning="false" suspendOnFault="false" tracingLevel="normal">
               <rest/>
            </deployment>
            <flow id="a">
               <start id="b">
                  <link id="j3yeb2jc" targetId="j3yeb2jb"/>
               </start>
               <assignment id="j3yeb2jb">
                  <title>Assignment to tempOrder</title>
                  <operation source="query" to="temp.tempOrder">
                     <query advanceQuery="false" from="Salesforce:Order">
                        <where>Id = '{$OSM_Order__c}'</where>
                     </query>
                  </operation>
                  <link id="j3yeb2jd" targetId="c"/>
               </assignment>
               <assignment id="c">
                  <title>Assignment to tempCaseList</title>
                  <operation source="list" to="temp.tempCaseList">
                     <query advanceQuery="false" from="Salesforce:Case">
                        <where>RecordType.DeveloperName  = 'OSM_Specimen_Arrival'  AND       OSM_Primary_Order__c =   '{$OSM_Order__c}' AND       OSM_Tracking_Number_lookup__r.Name =   '{$OSM_Incoming_Tracking_Number__c}'</where>
                     </query>
                  </operation>
                  <link id="ixzrzhf0" targetId="ixzrzhez"/>
               </assignment>
               <assignment id="ixzrzhez">
                  <title>Assignment to tempCaseListSize</title>
                  <operation source="formula" to="temp.tempCaseListSize">
                     <expression language="XQuery">list:count($temp.tempCaseList)</expression>
                  </operation>
                  <link id="iy5bjge8" targetId="iy5bjge7"/>
               </assignment>
               <subflow id="iy5bjge7">
                  <title>ER-Get GHI ICRT Retry Settings</title>
                  <subflowGUID>l4srhfOIvKLgD3l4HRWAyQ</subflowGUID>
                  <subflowPath>ER-Get_GHI_ICRT_Retry_Settings</subflowPath>
                  <runForEach>false</runForEach>
                  <input/>
                  <outputDef>
                     <field name="retryCount" type="int">
                        <options>
                           <option name="required">false</option>
                        </options>
                     </field>
                     <field name="retryDelay" type="double">
                        <options>
                           <option name="required">false</option>
                        </options>
                     </field>
                  </outputDef>
                  <link id="iy5bjge9" targetId="ixzrzhfc"/>
               </subflow>
               <container id="ixzrzhfc" type="exclusive">
                  <title>tempCaseListSize</title>
                  <flow id="ixzrzhfl">
                     <assignment id="ixzrzhfk">
                        <title>Assignment to tempCase</title>
                        <operation source="formula" to="temp.tempCase">
                           <expression language="XQuery">list:head($temp.tempCaseList)</expression>
                        </operation>
                        <link id="ixzrzhfx" targetId="ixzrzhfw"/>
                     </assignment>
                     <container id="ixzrzhfw" type="exclusive">
                        <title>tempCase</title>
                        <flow id="ixzrzhga">
                           <container id="kv0pq9q8" type="exclusive">
                              <title>SR Needed?</title>
                              <flow id="kv0pq9rp">
                                 <link id="kv0pq9rq" targetId="kv0pq9q8" type="containerLink"/>
                              </flow>
                              <flow id="kv0pq9rr">
                                 <container id="laaibxxg" type="exclusive">
                                    <title>Sub-Channel</title>
                                    <flow id="laaibxz5">
                                       <jumpTo id="laaiby2v">
                                          <link id="laaiby4g" targetId="iy32cmqy"/>
                                       </jumpTo>
                                    </flow>
                                    <flow id="laaibxz7">
                                       <link id="laaibxz8" targetId="laaibxxg" type="containerLink"/>
                                    </flow>
                                    <link id="laaibxyy" targetId="laaibxz5" type="containerLink">
                                       <condition source="formula">
                                          <function name="included">
                                             <arg name="left">{$temp.tempOrder.OSM_Sub_Channel__c}</arg>
                                             <arg name="right">MDx Portal</arg>
                                          </function>
                                       </condition>
                                    </link>
                                    <link id="laaibxz1" targetId="laaibxz7" type="containerLink"/>
                                    <link id="laaibxxh" targetId="l7ppkvvy"/>
                                 </container>
                                 <container id="l7ppkvvy" type="exclusive">
                                    <title>External Specimen Receipt Date Formula</title>
                                    <flow id="l7ppkvw1">
                                       <assignment id="l7ppkw36">
                                          <title>Get Package Created Date 1</title>
                                          <operation source="field" to="temp.tempSpecimenRcvdDate">temp.tempCase.OSM_Tracking_Number_lookup__r.OSM_External_Specimen_Receipt_Date_Formu__c</operation>
                                       </assignment>
                                       <link id="l7ppkvw2" targetId="l7ppkvvy" type="containerLink"/>
                                    </flow>
                                    <flow id="l7ppkvw4">
                                       <container id="l7ppkvxv" type="exclusive">
                                          <title>Check PKG date</title>
                                          <flow id="l7ppkvxw">
                                             <assignment id="lggflj2n">
                                                <title>Assignment to tempSystemSetting</title>
                                                <operation source="query" to="temp.tempSystemSetting">
                                                   <query advanceQuery="false" from="Salesforce:Record_Type__c">
                                                      <where>limit 1</where>
                                                   </query>
                                                </operation>
                                                <link id="lggfljb8" targetId="lggfljb7"/>
                                             </assignment>
                                             <assignment id="l7ppkvxy">
                                                <title>Get Package Created Date</title>
                                                <operation source="formula" to="temp.tempSpecimenRcvdDate">
                                                   <expression language="XQuery">$output.outDateTime</expression>
                                                </operation>
                                             </assignment>
                                             <container id="lggfljb7" type="exclusive">
                                                <title>SFDC Org Origin</title>
                                                <flow id="lggfljd9">
                                                   <service id="lggfljo9">
                                                      <title>Get Package Created Date in Europe Berlin</title>
                                                      <serviceName>Salesforce:icrtStep_convertDateTimetoZone</serviceName>
                                                      <serviceGUID>9rhyRDabNHiiDcOu4c64gK</serviceGUID>
                                                      <serviceInput>
                                                         <parameter name="inDateField" source="field">temp.tempCase.OSM_Tracking_Number_lookup__r.CreatedDate</parameter>
                                                         <parameter name="inTimezonetoConvertto" source="constant">Europe/Berlin</parameter>
                                                      </serviceInput>
                                                   </service>
                                                   <link id="lggfljda" targetId="lggfljb7" type="containerLink"/>
                                                </flow>
                                                <flow id="lggfljdb">
                                                   <service id="lggfljiz">
                                                      <title>Get Package Created Date in PST</title>
                                                      <serviceName>Salesforce:icrtStep_convertDateTimetoZone</serviceName>
                                                      <serviceGUID>9rhyRDabNHiiDcOu4c64gK</serviceGUID>
                                                      <serviceInput>
                                                         <parameter name="inDateField" source="field">temp.tempCase.OSM_Tracking_Number_lookup__r.CreatedDate</parameter>
                                                         <parameter name="inTimezonetoConvertto" source="constant">PST</parameter>
                                                      </serviceInput>
                                                   </service>
                                                   <link id="lggfljdc" targetId="lggfljb7" type="containerLink"/>
                                                </flow>
                                                <link id="lggfljd2" targetId="lggfljd9" type="containerLink">
                                                   <condition source="formula">
                                                      <function name="string-equals">
                                                         <arg name="left">{$temp.tempSystemSetting.OSM_SFDC_Org_Origin__c}</arg>
                                                         <arg name="right">SFDCEU</arg>
                                                      </function>
                                                   </condition>
                                                </link>
                                                <link id="lggfljd5" targetId="lggfljdb" type="containerLink"/>
                                                <link id="lggflji8" targetId="l7ppkvxy"/>
                                             </container>
                                             <link id="l7ppkvy2" targetId="l7ppkvxv" type="containerLink"/>
                                          </flow>
                                          <flow id="l7ppkvxz">
                                             <link id="l7ppkvy4" targetId="l7ppkvxv" type="containerLink"/>
                                          </flow>
                                          <link id="l7ppkvy0" targetId="l7ppkvxw" type="containerLink">
                                             <condition source="formula">
                                                <function name="set">
                                                   <arg name="field">{$temp.tempCase.OSM_Tracking_Number_lookup__r.CreatedDate}</arg>
                                                </function>
                                             </condition>
                                          </link>
                                          <link id="l7ppkvy1" targetId="l7ppkvxz" type="containerLink">
                                             <condition source="formula">
                                                <function name="unset">
                                                   <arg name="field">{$temp.tempCase.OSM_Tracking_Number_lookup__r.CreatedDate}</arg>
                                                </function>
                                             </condition>
                                          </link>
                                       </container>
                                       <link id="l7ppkvw5" targetId="l7ppkvvy" type="containerLink"/>
                                    </flow>
                                    <link id="l7ppkvw0" targetId="l7ppkvw1" type="containerLink">
                                       <condition source="formula">
                                          <function name="set">
                                             <arg name="field">{$temp.tempCase.OSM_Tracking_Number_lookup__r.OSM_External_Specimen_Receipt_Date_Formu__c}</arg>
                                          </function>
                                       </condition>
                                    </link>
                                    <link id="l7ppkvw3" targetId="l7ppkvw4" type="containerLink">
                                       <condition source="formula">
                                          <function name="unset">
                                             <arg name="field">{$temp.tempCase.OSM_Tracking_Number_lookup__r.OSM_External_Specimen_Receipt_Date_Formu__c}</arg>
                                          </function>
                                       </condition>
                                    </link>
                                 </container>
                                 <link id="kv0pq9rs" targetId="kv0pq9q8" type="containerLink"/>
                              </flow>
                              <link id="kv0pq9ri" targetId="kv0pq9rp" type="containerLink">
                                 <condition source="formula">
                                    <function name="true">
                                       <arg name="field">{$OSM_Order__r.OSM_Lab_Site__r.OSM_SR_Needed__c}</arg>
                                    </function>
                                 </condition>
                              </link>
                              <link id="kv0pq9rl" targetId="kv0pq9rr" type="containerLink">
                                 <condition source="formula">
                                    <function name="false">
                                       <arg name="field">{$OSM_Order__r.OSM_Lab_Site__r.OSM_SR_Needed__c}</arg>
                                    </function>
                                 </condition>
                              </link>
                              <link id="kv0pq9u5" targetId="iy32cmqy"/>
                           </container>
                           <container id="iy32cmqy" type="exclusive">
                              <title>Material Return Address Option</title>
                              <flow id="iy32cmrd">
                                 <assignment id="iy32cmt0">
                                    <title>Assignment to tempIsSetBlank to populateall</title>
                                    <operation source="constant" to="temp.tempIsSetBlank">PopulateAll</operation>
                                 </assignment>
                                 <link id="iy32cmre" targetId="iy32cmqy" type="containerLink"/>
                              </flow>
                              <flow id="iy32cmrg">
                                 <assignment id="j47yvbkr">
                                    <title>Assignment to isSetMRAddressOption</title>
                                    <operation source="formula" to="temp.isSetMRAddressOption">
                                       <expression language="XQuery">fn:empty($temp.tempCase.OSM_Material_Return_Address_Option__c)</expression>
                                    </operation>
                                    <link id="j47yvblu" targetId="j47yvbll"/>
                                 </assignment>
                                 <container id="j47yvbll" type="exclusive">
                                    <title>isSetMRAddressOption</title>
                                    <flow id="j47yvblm">
                                       <jumpTo id="j47yvbln">
                                          <link id="j47yvbls" targetId="iy32cmt0"/>
                                       </jumpTo>
                                    </flow>
                                    <flow id="j47yvblo">
                                       <assignment id="j47yvbon">
                                          <title>Assignment to tempIsSetBlank</title>
                                          <operation source="constant" to="temp.tempIsSetBlank">ClearMROR</operation>
                                       </assignment>
                                       <link id="j47yvbq8" targetId="j47yvbll" type="containerLink"/>
                                    </flow>
                                    <link id="j47yvblq" targetId="j47yvblm" type="containerLink">
                                       <condition source="formula">
                                          <function name="true">
                                             <arg name="field">{$temp.isSetMRAddressOption}</arg>
                                          </function>
                                       </condition>
                                    </link>
                                    <link id="j47yvblr" targetId="j47yvblo" type="containerLink">
                                       <condition source="formula">
                                          <function name="false">
                                             <arg name="field">{$temp.isSetMRAddressOption}</arg>
                                          </function>
                                       </condition>
                                    </link>
                                 </container>
                                 <link id="j47yvbq9" targetId="iy32cmqy" type="containerLink"/>
                              </flow>
                              <link id="iy32cmra" targetId="iy32cmrd" type="containerLink">
                                 <condition source="formula">
                                    <function name="string-equals">
                                       <arg name="left">{$temp.tempCase.OSM_Material_Return_Address_Option__c}</arg>
                                       <arg name="right">Material Return Same as Primary Customer</arg>
                                    </function>
                                 </condition>
                              </link>
                              <link id="iy32cmrb" targetId="iy32cmrg" type="containerLink"/>
                           </container>
                           <link id="ixzrzhgb" targetId="ixzrzhfw" type="containerLink"/>
                        </flow>
                        <flow id="ixzrzhgd">
                           <link id="ixzrzhge" targetId="ixzrzhfw" type="containerLink"/>
                        </flow>
                        <link id="ixzrzhg7" targetId="ixzrzhga" type="containerLink">
                           <condition source="formula">
                              <function name="set">
                                 <arg name="field">{$temp.tempCase}</arg>
                              </function>
                           </condition>
                        </link>
                        <link id="ixzrzhg8" targetId="ixzrzhgd" type="containerLink">
                           <condition source="formula">
                              <function name="unset">
                                 <arg name="field">{$temp.tempCase}</arg>
                              </function>
                           </condition>
                        </link>
                     </container>
                     <link id="ixzrzhfm" targetId="ixzrzhfc" type="containerLink"/>
                  </flow>
                  <flow id="ixzrzhfo">
                     <assignment id="iy5a00zo">
                        <title>Assignment to tempIsSetBlank</title>
                        <operation source="constant" to="temp.tempIsSetBlank">ClearAll</operation>
                        <link id="kv0i3csv" targetId="kv0i3csu"/>
                     </assignment>
                     <container id="kv0i3csu" type="exclusive">
                        <title>Orderable</title>
                        <flow id="kv0i3csy">
                           <assignment id="kv0i3ctw">
                              <title>if Liqsel or Arv7 Orderable</title>
                              <operation source="constant" to="temp.tempisARV7LiqselOS">true</operation>
                           </assignment>
                           <link id="kv0i3csz" targetId="kv0i3csu" type="containerLink"/>
                        </flow>
                        <flow id="kv0i3ct1">
                           <assignment id="kv0i3cva">
                              <title>Assignment to Owner ID</title>
                              <operation source="constant" to="OwnerId">00GU0000001jydqMAA</operation>
                           </assignment>
                           <link id="kv0i3ct2" targetId="kv0i3csu" type="containerLink"/>
                        </flow>
                        <link id="kv0i3csx" targetId="kv0i3csy" type="containerLink">
                           <condition source="formula">
                              <function name="included">
                                 <arg name="left">{$OSM_Order__r.OSM_Product__c}</arg>
                                 <arg name="right">Prostate-AR-V7</arg>
                              </function>
                           </condition>
                        </link>
                        <link id="kv0i3ct0" targetId="kv0i3ct1" type="containerLink"/>
                     </container>
                     <link id="ixzrzhfp" targetId="ixzrzhfc" type="containerLink"/>
                  </flow>
                  <link id="ixzrzhfi" targetId="ixzrzhfl" type="containerLink">
                     <condition source="formula">
                        <function name="equals">
                           <arg name="left">{$temp.tempCaseListSize}</arg>
                           <arg name="right">{1}</arg>
                        </function>
                     </condition>
                  </link>
                  <link id="ixzrzhfj" targetId="ixzrzhfo" type="containerLink"/>
                  <link id="jdgfbuni" targetId="jdgfbunh"/>
               </container>
               <container id="jdgfbunh" type="exclusive">
                  <title>Check if Arv7 or LIq sel</title>
                  <flow id="jdgfbuov">
                     <assignment id="jdgfbupr">
                        <title>Assignment to tempOrderRoleList</title>
                        <operation source="list" to="temp.tempOrderRoleList">
                           <query advanceQuery="false" from="Salesforce:OSM_Order_Role__c">
                              <where>OSM_Role__c = 'Specimen Submitting'  AND   OSM_Order__c = '{$OSM_Order__c}'</where>
                           </query>
                        </operation>
                     </assignment>
                     <link id="jdgfbuow" targetId="jdgfbunh" type="containerLink"/>
                  </flow>
                  <flow id="jdgfbuoy">
                     <link id="jdgfbuoz" targetId="jdgfbunh" type="containerLink"/>
                  </flow>
                  <link id="jdgfbuos" targetId="jdgfbuov" type="containerLink">
                     <condition source="formula">
                        <function name="included">
                           <arg name="left">{$temp.tempOrder.OSM_Product__c}</arg>
                           <arg name="right">Liquid Select,Prostate-AR-V7</arg>
                        </function>
                     </condition>
                  </link>
                  <link id="jdgfbuot" targetId="jdgfbuoy" type="containerLink"/>
                  <link id="jdgfbuva" targetId="j3yeb2nd"/>
               </container>
               <container id="j3yeb2nd" type="exclusive">
                  <title>tempOrder</title>
                  <flow id="j3yeb2o2">
                     <container id="j3yeb2p7" type="exclusive">
                        <title>Triage Outcome</title>
                        <flow id="j3yeb2pz">
                           <assignment id="j3yeb2py">
                              <title>Assignment to isOrderMultipleConfimed</title>
                              <operation source="constant" to="temp.isOrderMultipleConfimed">true</operation>
                           </assignment>
                           <link id="j3yeb2q0" targetId="j3yeb2p7" type="containerLink"/>
                        </flow>
                        <flow id="j3yeb2q2">
                           <link id="j3yeb2q3" targetId="j3yeb2p7" type="containerLink"/>
                        </flow>
                        <link id="j3yeb2pw" targetId="j3yeb2pz" type="containerLink">
                           <condition source="formula">
                              <function name="included">
                                 <arg name="left">{$temp.tempOrder.OSM_Triage_Outcome__c}</arg>
                                 <arg name="right">Multiple Primary - Confirmed</arg>
                              </function>
                           </condition>
                        </link>
                        <link id="j3yeb2px" targetId="j3yeb2q2" type="containerLink"/>
                     </container>
                     <link id="j3yeb2o3" targetId="j3yeb2nd" type="containerLink"/>
                  </flow>
                  <flow id="j3yeb2o5">
                     <link id="j3yeb2o6" targetId="j3yeb2nd" type="containerLink"/>
                  </flow>
                  <link id="j3yeb2nz" targetId="j3yeb2o2" type="containerLink">
                     <condition source="formula">
                        <function name="set">
                           <arg name="field">{$temp.tempOrder}</arg>
                        </function>
                     </condition>
                  </link>
                  <link id="j3yeb2o0" targetId="j3yeb2o5" type="containerLink">
                     <condition source="formula">
                        <function name="unset">
                           <arg name="field">{$temp.tempOrder}</arg>
                        </function>
                     </condition>
                  </link>
                  <link id="j3yeb2nf" targetId="iy5bjgff"/>
               </container>
               <eventContainer id="iy5bjgff">
                  <subflow id="iy5bjgfv">
                     <title>SP-SA-Case-AutoDetermination-Update</title>
                     <subflowGUID>5DVmfKd6l63ekKjqYEyzcP</subflowGUID>
                     <subflowPath>SP-SA-Case-AutoDetermination-Update</subflowPath>
                     <appliesTo>Salesforce:OSM_Order_Specimen__c</appliesTo>
                     <runForEach>false</runForEach>
                     <input>
                        <parameter name="InCase" source="field">temp.tempCase</parameter>
                        <parameter name="InSetBlank" source="field" updatable="true">temp.tempIsSetBlank</parameter>
                        <parameter name="isOrderMultipleConfimed" source="field" updatable="true">temp.isOrderMultipleConfimed</parameter>
                        <parameter name="InOrderRoleList" source="field" updatable="true">temp.tempOrderRoleList</parameter>
                        <parameter name="InPopulatePRAforARV7Liqsel" source="field" updatable="true">temp.tempisARV7LiqselOS</parameter>
                        <parameter name="inSpecimenRcvdDate" source="field" updatable="true">temp.tempSpecimenRcvdDate</parameter>
                        <parameter name="IsExtraOrderUpdate" source="field" updatable="true">input.IsExtraOrderUpdate</parameter>
                     </input>
                     <outputDef/>
                  </subflow>
                  <flow id="iy5bjgfg">
                     <link id="iy5bjgfy" targetId="iy5bjgff" type="containerLink"/>
                  </flow>
                  <flow id="iy5bjgfh">
                     <container id="iy5bjgfi" type="exclusive">
                        <title>Check for Lock Row Error</title>
                        <flow id="iy5bjgfj">
                           <container id="iy5bjgfk" type="exclusive">
                              <title>Check Retry Count </title>
                              <flow id="iy5bjgfl">
                                 <throw id="iy5bjgfm">
                                    <title>Throw Error for lock row</title>
                                    <throwInput>
                                       <parameter name="code" source="constant" updatable="true">{$output.faultInfo[1]/code}</parameter>
                                       <parameter name="detail" source="constant" updatable="true">{$output.faultInfo[1]/detail} </parameter>
                                       <parameter name="reason" source="constant" updatable="true">{$output.faultInfo[1]/reason}</parameter>
                                    </throwInput>
                                 </throw>
                              </flow>
                              <flow id="iy5bjgfn">
                                 <wait id="iy5bjgfo">
                                    <title>Wait</title>
                                    <duration source="formula">
                                       <function name="duration_expression">
                                          <arg name="value">{$output.retryDelay} </arg>
                                          <arg name="scale">S</arg>
                                          <arg name="businessDays"/>
                                       </function>
                                    </duration>
                                    <link id="iy5bjgg4" targetId="iy5bjgfp"/>
                                 </wait>
                                 <assignment id="iy5bjgfp">
                                    <title>Increase Retry Count</title>
                                    <operation source="formula" to="temp.tempRetryCount">
                                       <expression language="XQuery">$temp.tempRetryCount + 1</expression>
                                    </operation>
                                    <link id="iy5bjgg5" targetId="iy5bjgfq"/>
                                 </assignment>
                                 <jumpTo id="iy5bjgfq">
                                    <link id="iy5bjgg6" targetId="iy5bjgff"/>
                                 </jumpTo>
                              </flow>
                              <link id="iy5bjgg2" targetId="iy5bjgfl" type="containerLink">
                                 <condition source="formula">
                                    <function name="greater-than">
                                       <arg name="left">{$temp.tempRetryCount}</arg>
                                       <arg name="right">{$output.retryCount}</arg>
                                    </function>
                                 </condition>
                              </link>
                              <link id="iy5bjgg3" targetId="iy5bjgfn" type="containerLink"/>
                           </container>
                        </flow>
                        <flow id="iy5bjgfr">
                           <jumpTo id="iy5bjgfs">
                              <link id="iy5bjgg7" targetId="iy5bjgfk"/>
                           </jumpTo>
                        </flow>
                        <flow id="iy5bjgft">
                           <throw id="iy5bjgfu">
                              <title>Throw Error non lock row errors</title>
                              <throwInput>
                                 <parameter name="code" source="constant" updatable="true">{$output.faultInfo[1]/code}</parameter>
                                 <parameter name="detail" source="constant" updatable="true">{$output.faultInfo[1]/detail}</parameter>
                                 <parameter name="reason" source="constant" updatable="true">{$output.faultInfo[1]/reason}</parameter>
                              </throwInput>
                           </throw>
                        </flow>
                        <link id="iy5bjgfz" targetId="iy5bjgfj" type="containerLink">
                           <condition source="formula">
                              <function name="contains">
                                 <arg name="left">{$output.faultInfo[1]/reason}</arg>
                                 <arg name="right">UNABLE_TO_LOCK_ROW</arg>
                              </function>
                           </condition>
                        </link>
                        <link id="iy5bjgg0" targetId="iy5bjgfr" type="containerLink">
                           <condition source="formula">
                              <function name="contains">
                                 <arg name="left">{$output.faultInfo[1]/reason}</arg>
                                 <arg name="right">unable to obtain exclusive access to this record</arg>
                              </function>
                           </condition>
                        </link>
                        <link id="iy5bjgg1" targetId="iy5bjgft" type="containerLink"/>
                     </container>
                  </flow>
                  <link id="iy5bjgfw" targetId="iy5bjgfg" type="containerLink"/>
                  <link id="iy5bjgg9" targetId="d"/>
                  <events>
                     <catch faultField="faultInfo" id="iy3rk0et" interrupting="true">
                        <link id="iy5bjgfx" targetId="iy5bjgfh" type="containerLink"/>
                     </catch>
                  </events>
               </eventContainer>
               <end id="d"/>
            </flow>
         </process>
      </types1:Entry>
      <types1:GUID>5wBnrf58tgKkMf9sMKChCB</types1:GUID>
      <types1:DisplayName>SP-SA-Case-AutoDetermination</types1:DisplayName>
   </types1:Item>
   <types1:CurrentServerDateTime>2023-05-18T11:15:42.879Z</types1:CurrentServerDateTime>
</aetgt:getResponse>
