<avosScreenflow xmlns="http://schemas.active-endpoints.com/appmodules/screenflow/2010/10/avosScreenflow.xsd" xmlns:types1="http://schemas.active-endpoints.com/appmodules/repository/2010/10/avrepository.xsd" xmlns:aetgt="http://schemas.active-endpoints.com/appmodules/repository/2010/10/avrepository.xsd" xmlns:list="urn:activevos:spi:list:functions" allowRestart="false" doneOnEndStep="true" name="Calculate NCCN Risk Category" runAsUser="$current"><description>Calculate NCCN Risk Category for the prostate order based on criteria provided</description><appliesTo>Salesforce:OrderItem</appliesTo><tags/><generator>Informatica Screenflow Designer 8</generator><tempFields><field name="Gleason" type="picklist"><options><option name="values">[{"label":"--None--","value":"--None--"},{"label":"3+3","value":"3+3"},{"label":"3+4","value":"3+4"},{"label":"4+3","value":"4+3"}]</option><option name="required">false</option></options></field><field name="PSA" type="double"><options><option name="scale">1</option><option name="precision">5</option><option name="required">false</option></options></field><field name="Clinical Stage" type="picklist"><options><option name="values">[{"label":"--None--","value":"--None--"},{"label":"T1c","value":"T1c"},{"label":"T2a","value":"T2a"},{"label":"T2b","value":"T2b"},{"label":"T2c","value":"T2c"}]</option><option name="required">false</option></options></field><field name="Positive Cores" type="double"><options><option name="scale">0</option><option name="precision">2</option><option name="required">false</option></options></field><field name="4 Plus 3 Cores" type="double"><options><option name="scale">0</option><option name="precision">2</option><option name="required">false</option></options></field><field name="Tumor Involvement" type="picklist"><options><option name="values">[{"label":"--None--","value":"--None--"},{"label":"≤ 50%","value":"≤ 50%"},{"label":"&gt; 50%","value":"&gt; 50%"}]</option><option name="required">false</option></options></field><field name="Prostate Volume" type="double"><options><option name="scale">0</option><option name="precision">3</option><option name="required">false</option></options></field><field name="PSA Density" type="double"><options><option name="required">false</option></options></field><field name="tempGleason" type="string"><options><option name="required">false</option></options></field><field name="tempClinicalStage" type="string"><options><option name="required">false</option></options></field><field name="tempTumorInvolvement" type="string"><options><option name="required">false</option></options></field></tempFields><runOn target="desktop"/><notes/><deployment/><sendFeedback><emailTo/></sendFeedback><flow><startScreen id="irmfzb8q"><title>Start</title><body contentType="text/html"/><actions><action alt="null" id="irmfzb8q_ish3wj93" targetScreen="ish3wj93"><text>Continue</text></action></actions><screenData skipIfRequiredFilled="true"/></startScreen><screen id="irmfzb8r"><title>Compute NCCN</title><body contentType="text/html">&lt;p&gt;Enter&amp;nbsp;the following:&lt;/p&gt;
&lt;p&gt;HCP Provided Gleason Score&amp;nbsp;&lt;input class="" name="temp.Gleason" type="text" value="Gleason (temporary)"&gt;&amp;nbsp;&lt;/p&gt;
&lt;p&gt;HCP Provided PSA (ng/ml)&amp;nbsp;&lt;input class="" name="temp.PSA" type="text" value="PSA (temporary)"&gt;&amp;nbsp;&lt;/p&gt;
&lt;p&gt;HCP Provided Clinical Stage&amp;nbsp;&lt;input class="" title="Clinical Stage (temporary)" name="temp.Clinical Stage" type="text" value="Clinical Stage (temporary)"&gt;&amp;nbsp;&lt;/p&gt;
&lt;p&gt;HCP Provided Number of Positive Cores &lt;input class="" title="Positive Cores (temporary)" name="temp.Positive Cores" type="text" value="Positive Cores (temporary)"&gt;&amp;nbsp;&lt;/p&gt;
&lt;p&gt;Number of 4+3 Cores &lt;input class="" title="4 Plus 3 Cores (temporary)" name="temp.4 Plus 3 Cores" type="text" value="4 Plus 3 Cores (temporary)"&gt;&amp;nbsp;&lt;/p&gt;
&lt;p&gt;Max % of tumor involvement in any core&amp;nbsp;&lt;input class="" title="Tumor Involvement (temporary)" name="temp.Tumor Involvement" type="text" value="Tumor Involvement (temporary)"&gt;&amp;nbsp;&lt;/p&gt;
&lt;p&gt;PSA Density (ng/ml/cc) &lt;input class="" title="PSA Density (temporary)" name="temp.PSA Density" type="text" value="PSA Density (temporary)"&gt;&amp;nbsp;&lt;/p&gt;
&lt;p&gt;&amp;nbsp;&lt;/p&gt;</body><actionPrompt/><actions><action alt="null" id="irmfzb8r_is7n19z5" targetScreen="is7n19z5"><text>Calculate NCCN</text></action><action alt="null" id="irmfzb8r_is7llnbd" targetScreen="is7llnbd"><text>Exit</text></action></actions><screenData skipIfRequiredFilled="false"><screenDataItem name="temp.PSA" readonly="false" required="false" type="double"><options><option name="scale">1</option><option name="precision">5</option><option name="required">false</option><option name="defaultvalue" source="field">OSM_HCP_Provided_PSA_ngmL__c</option></options></screenDataItem><screenDataItem name="temp.Positive Cores" readonly="false" required="false" type="double"><options><option name="scale">0</option><option name="precision">2</option><option name="required">false</option><option name="defaultvalue" source="field">OSM_HCP_Provided_No_of_Positive_Cores__c</option></options></screenDataItem><screenDataItem name="temp.4 Plus 3 Cores" readonly="false" required="false" type="double"><options><option name="scale">0</option><option name="precision">2</option><option name="required">false</option><option name="defaultvalue" source="field">OSM_Number_of_4_3_Cores__c</option></options></screenDataItem><screenDataItem name="temp.PSA Density" readonly="false" required="false" type="double"><options><option name="required">false</option><option name="defaultvalue" source="field">OSM_PSA_Density_ng_ml_cc__c</option></options></screenDataItem><screenDataItem name="temp.Gleason" readonly="false" required="false" type="picklist"><options><option name="values">[{"label":"--None--","value":"--None--"},{"label":"3+3","value":"3+3"},{"label":"3+4","value":"3+4"},{"label":"4+3","value":"4+3"}]</option><option name="required">false</option><option name="defaultvalue" source="field">temp.tempGleason</option></options></screenDataItem><screenDataItem name="temp.Clinical Stage" readonly="false" required="false" type="picklist"><options><option name="values">[{"label":"--None--","value":"--None--"},{"label":"T1c","value":"T1c"},{"label":"T2a","value":"T2a"},{"label":"T2b","value":"T2b"},{"label":"T2c","value":"T2c"}]</option><option name="required">false</option><option name="defaultvalue" source="field">temp.tempClinicalStage</option></options></screenDataItem><screenDataItem name="temp.Tumor Involvement" readonly="false" required="false" type="picklist"><options><option name="values">[{"label":"--None--","value":"--None--"},{"label":"≤ 50%","value":"≤ 50%"},{"label":"&gt; 50%","value":"&gt; 50%"}]</option><option name="required">false</option><option name="defaultvalue" source="field">OSM_Max_of_tumor_involvement_in_any_core__c</option></options></screenDataItem></screenData></screen><screen id="isb3elge"><title>Results</title><body contentType="text/html">&lt;p&gt;NCCN Risk Category:&amp;nbsp;&lt;/p&gt;
&lt;p&gt;&lt;input style="-moz-appearance: none; background-color: lightgrey; border: none;" title="NCCN Risk Category (output)" name="output.NCCN Risk Category" readonly="readonly" type="text" value="NCCN Risk Category (output)"&gt;&amp;nbsp;&lt;/p&gt;
&lt;p&gt;NCCN Qualification Status:&lt;/p&gt;
&lt;p&gt;&lt;input style="-moz-appearance: none; background-color: lightgrey; border: none;" title="NCCN Qualification Status (output)" name="output.NCCN Qualification Status" readonly="readonly" type="text" value="NCCN Qualification Status (output)"&gt;&amp;nbsp;&lt;/p&gt;
&lt;p&gt;NCCN Qualification Details:&lt;input class="" style="-moz-appearance: none; background-color: lightgrey; border: none;" title="NCCN Qualification Details (output)" name="output.NCCN Qualification Details" readonly="readonly" type="text" value="NCCN Qualification Details (output)"&gt;&amp;nbsp;&lt;/p&gt;
&lt;p&gt;&amp;nbsp;&lt;/p&gt;
&lt;p&gt;&amp;nbsp;&lt;/p&gt;</body><actionPrompt/><actions><action alt="null" id="isb3elge_isb3elh6" targetScreen="isb3elh6"><text>Exit</text></action></actions><screenData skipIfRequiredFilled="false"><screenDataItem name="output.NCCN Risk Category" readonly="true" required="false" type="string"><options><option name="required">false</option></options></screenDataItem><screenDataItem name="output.NCCN Qualification Details" readonly="true" required="false" type="richtextarea"><options><option name="text_height">12</option><option name="text_width">100</option><option name="required">false</option></options></screenDataItem><screenDataItem name="output.NCCN Qualification Status" readonly="true" required="false" type="string"><options><option name="required">false</option></options></screenDataItem></screenData></screen><screen id="isb3elaj"><title>Invalid Values</title><body contentType="text/html">&lt;p&gt;Invalid Values:&lt;/p&gt;
&lt;p&gt;&lt;input style="-moz-appearance: none; background-color: lightgrey; border: none;" title="Invalid Values (output)" name="output.Invalid Values" readonly="readonly" type="text" value="Invalid Values (output)"&gt;&amp;nbsp;&lt;/p&gt;</body><actionPrompt/><actions><action alt="null" id="isb3elaj_isb3elbe" targetScreen="isb3elbe"><text>Exit</text></action></actions><screenData skipIfRequiredFilled="false"><screenDataItem name="output.Invalid Values" readonly="true" required="false" type="richtextarea"><options><option name="text_height">12</option><option name="text_width">100</option><option name="required">false</option></options></screenDataItem></screenData></screen><endScreen dontShowScreen="true" id="isb3elh6"><title>End</title><body contentType="text/html"/><redirectTo type="current_object"/><screenActionLabel><text>Done</text></screenActionLabel></endScreen><empty gatewayType="exclusive" id="ishnvjtr"><actions><action alt="null" id="ishnvjtr_ish3wjbf" targetScreen="ish3wjbf"><text>Continue</text></action></actions></empty><empty gatewayType="exclusive" id="ish3wjcc"><actions><action alt="null" id="ish3wjcc_ishnvjz8" targetScreen="ishnvjz8"><text>Continue</text></action></actions></empty><empty gatewayType="exclusive" id="ishnvk0f"><actions><action alt="null" id="ishnvk0f_irmfzb8r" targetScreen="irmfzb8r"><text>Continue</text></action></actions></empty><empty gatewayType="exclusive" id="jlryv8w5"><actions/></empty><empty gatewayType="exclusive" id="jlryv8w0"><actions/></empty><empty gatewayType="exclusive" id="ishnvk95"><actions><action alt="null" id="ishnvk95_ishnvjlo" targetScreen="ishnvjlo"><text>Continue</text></action></actions></empty><empty gatewayType="exclusive" id="ishnvjmm"><actions><action alt="null" id="ishnvjmm_ishnvkge" targetScreen="ishnvkge"><text>Continue</text></action></actions></empty><empty gatewayType="exclusive" id="ishnvkht"><actions><action alt="null" id="ishnvkht_isb3elf3" targetScreen="isb3elf3"><text>Continue</text></action></actions></empty><jumpTo id="isb3elbe" targetTitle="End"><actions><action alt="null" id="isb3elbe_isb3elh6" targetScreen="isb3elh6"><text>Continue</text></action></actions></jumpTo><jumpTo id="is7llnbd" targetTitle="End"><actions><action alt="null" id="is7llnbd_isb3elh6" targetScreen="isb3elh6"><text>Continue</text></action></actions></jumpTo><callProcess id="is7n19z5"><title>NCCN Validate Inputs</title><subflowPath>NCCN Validate Inputs</subflowPath><runAsUser>$current</runAsUser><serviceInput><parameter id="ishz8jef" name="Gleason" source="field" updatable="true">temp.Gleason</parameter><parameter id="ishz8jeg" name="PSA" source="field" updatable="true">temp.PSA</parameter><parameter id="ishz8jeh" name="Clinical Stage" source="field" updatable="true">temp.Clinical Stage</parameter><parameter id="ishz8jei" name="Positive Cores" source="field" updatable="true">temp.Positive Cores</parameter><parameter id="ishz8jej" name="4 Plus 3 Cores" source="field" updatable="true">temp.4 Plus 3 Cores</parameter><parameter id="ishz8jek" name="Tumor Involvement" source="field" updatable="true">temp.Tumor Involvement</parameter><parameter id="ishz8jel" name="Prostate Volume" source="field" updatable="true">temp.Prostate Volume</parameter><parameter id="ishz8jem" name="PSA Density" source="field" updatable="true">temp.PSA Density</parameter></serviceInput><subflowOutput><field name="Invalid Values" type="richtextarea"><options><option name="text_height">12</option><option name="text_width">100</option><option name="required">false</option></options></field><field name="Data Available" type="richtextarea"><options><option name="text_height">12</option><option name="text_width">100</option><option name="required">false</option></options></field><field name="Data Missing" type="richtextarea"><options><option name="text_height">12</option><option name="text_width">100</option><option name="required">false</option></options></field></subflowOutput><actions><action alt="null" id="is7n19z5_is7nm1ze" targetScreen="is7nm1ze"><text>Continue</text></action></actions></callProcess><callProcess id="isb3elf3"><title>NCCN Calculator Process</title><subflowPath>NCCN Calculator Process</subflowPath><runAsUser>$current</runAsUser><serviceInput><parameter id="jlryv95r" name="Gleason" source="field" updatable="true">temp.tempGleason</parameter><parameter id="jlryv95s" name="PSA" source="field" updatable="true">temp.PSA</parameter><parameter id="jlryv95t" name="Clinical Stage" source="field" updatable="true">temp.tempClinicalStage</parameter><parameter id="jlryv95u" name="Positive Cores" source="field" updatable="true">temp.Positive Cores</parameter><parameter id="jlryv95v" name="4 Plus 3 Cores" source="field" updatable="true">temp.4 Plus 3 Cores</parameter><parameter id="jlryv95w" name="Tumor Involvement" source="field" updatable="true">temp.tempTumorInvolvement</parameter><parameter id="jlryv95x" name="Prostate Volume" source="field" updatable="true">temp.Prostate Volume</parameter><parameter id="jlryv95y" name="PSA Density" source="field" updatable="true">temp.PSA Density</parameter><parameter id="jlryv95z" name="TempOLI" source="field" updatable="false">Id</parameter><parameter id="jlryv960" name="IsGuide" source="constant" updatable="true">true</parameter></serviceInput><subflowOutput><field name="NCCN Qualification Status" type="string"><options><option name="required">false</option></options></field><field name="NCCN Risk Category" type="string"><options><option name="required">false</option></options></field><field name="NCCN Qualification Details" type="richtextarea"><options><option name="text_height">12</option><option name="text_width">100</option><option name="required">false</option></options></field><field name="NCCN Case Details" type="richtextarea"><options><option name="text_height">12</option><option name="text_width">100</option><option name="required">false</option></options></field></subflowOutput><actions><action alt="" id="isb3elf3_isb3elge" targetScreen="isb3elge"><text>Continue</text></action></actions></callProcess><dataDecision id="ishnvjso"><title>HCP Provided Gleason Score</title><dataName>OSM_HCP_Provided_Gleason_Score__c</dataName><actions><action alt="included 3+3,3+4,4+3" id="ishnvjso_ishnvjtr" targetScreen="ishnvjtr"><text>Contains: 3+3,3+4,4+3</text></action><action alt="else " id="ishnvjso_ishnvjtv" targetScreen="ishnvjtv"><text>Otherwise</text></action></actions></dataDecision><dataDecision id="ish3wjbf"><title>HCP Provided Clinical Stage</title><dataName>OSM_HCP_Provided_Clinical_Stage__c</dataName><actions><action alt="included T1c,T2a,T2b,T2c" id="ish3wjbf_ish3wjcc" targetScreen="ish3wjcc"><text>Contains: T1c,T2a,T2b,T2c</text></action><action alt="else " id="ish3wjbf_ish3wjcg" targetScreen="ish3wjcg"><text>Otherwise</text></action></actions></dataDecision><dataDecision id="ishnvjz8"><title>Max % of tumor involvement in any core</title><dataName>OSM_Max_of_tumor_involvement_in_any_core__c</dataName><actions><action alt="included &gt; 50%,≤ 50%" id="ishnvjz8_ishnvk0f" targetScreen="ishnvk0f"><text>Contains: &amp;gt; 50%,≤ 50%</text></action><action alt="else " id="ishnvjz8_ishnvk0j" targetScreen="ishnvk0j"><text>Otherwise</text></action></actions></dataDecision><dataDecision id="is7nm1ze"><title>Invalid Values</title><dataName>output.Invalid Values</dataName><actions><action alt="equals " id="is7nm1ze_ishnvk7f" targetScreen="ishnvk7f"><text>Equals</text></action><action alt="else " id="is7nm1ze_isb3elaj" targetScreen="isb3elaj"><text>Otherwise</text></action></actions></dataDecision><dataDecision id="ishnvk7f"><title>Gleason</title><dataName>temp.Gleason</dataName><actions><action alt="equals --None--" id="ishnvk7f_ishnvk96" targetScreen="ishnvk96"><text>Equals --None--</text></action><action alt="else " id="ishnvk7f_ishnvlbb" targetScreen="ishnvlbb"><text>Otherwise</text></action></actions></dataDecision><dataDecision id="ishnvjlo"><title>Clinical Stage</title><dataName>temp.Clinical Stage</dataName><actions><action alt="equals --None--" id="ishnvjlo_ishnvjmn" targetScreen="ishnvjmn"><text>Equals --None--</text></action><action alt="else " id="ishnvjlo_ishnvlgl" targetScreen="ishnvlgl"><text>Otherwise</text></action></actions></dataDecision><dataDecision id="ishnvkge"><title>Tumor Involvement</title><dataName>temp.Tumor Involvement</dataName><actions><action alt="equals --None--" id="ishnvkge_ishnvkhu" targetScreen="ishnvkhu"><text>Equals --None--</text></action><action alt="else " id="ishnvkge_ishnvllw" targetScreen="ishnvllw"><text>Otherwise</text></action></actions></dataDecision><assignment id="ish3wj93"><title>Assignment to tempClinicalStage, tempGleason, etc.</title><operation source="field" to="temp.tempClinicalStage">OSM_HCP_Provided_Clinical_Stage__c</operation><operation source="field" to="temp.tempGleason">OSM_HCP_Provided_Gleason_Score__c</operation><operation source="field" to="temp.tempTumorInvolvement">OSM_Max_of_tumor_involvement_in_any_core__c</operation><actions><action alt="null" id="ish3wj93_ishnvjso" targetScreen="ishnvjso"><text>Continue</text></action></actions></assignment><assignment id="ishnvjtv"><title>Assignment to tempGleason</title><operation source="constant" to="temp.tempGleason">--None--</operation><operation source="constant" to="temp.Gleason">--None--</operation><actions><action alt="null" id="ishnvjtv_ishnvjtr" targetScreen="ishnvjtr"><text>Continue</text></action></actions></assignment><assignment id="ish3wjcg"><title>Assignment to tempClinicalStage</title><operation source="constant" to="temp.tempClinicalStage">--None--</operation><operation source="constant" to="temp.Clinical Stage">--None--</operation><actions><action alt="null" id="ish3wjcg_ish3wjcc" targetScreen="ish3wjcc"><text>Continue</text></action></actions></assignment><assignment id="ishnvk0j"><title>Assignment to tempTumorInvolvement</title><operation source="constant" to="temp.tempTumorInvolvement">--None--</operation><operation source="constant" to="temp.Tumor Involvement">--None--</operation><actions><action alt="null" id="ishnvk0j_ishnvk0f" targetScreen="ishnvk0f"><text>Continue</text></action></actions></assignment><assignment id="ishnvk96"><title>Assignment to tempGleason</title><operation source="constant" to="temp.tempGleason"/><actions><action alt="null" id="ishnvk96_ishnvk95" targetScreen="ishnvk95"><text>Continue</text></action></actions></assignment><assignment id="ishnvlbb"><title>Assignment to tempGleason</title><operation source="field" to="temp.tempGleason">temp.Gleason</operation><actions><action alt="null" id="ishnvlbb_ishnvk95" targetScreen="ishnvk95"><text>Continue</text></action></actions></assignment><assignment id="ishnvjmn"><title>Assignment to tempClinicalStage</title><operation source="constant" to="temp.tempClinicalStage"/><actions><action alt="null" id="ishnvjmn_ishnvjmm" targetScreen="ishnvjmm"><text>Continue</text></action></actions></assignment><assignment id="ishnvlgl"><title>Assignment to tempClinicalStage</title><operation source="field" to="temp.tempClinicalStage">temp.Clinical Stage</operation><actions><action alt="null" id="ishnvlgl_ishnvjmm" targetScreen="ishnvjmm"><text>Continue</text></action></actions></assignment><assignment id="ishnvkhu"><title>Assignment to tempTumorInvolvement</title><operation source="constant" to="temp.tempTumorInvolvement"/><actions><action alt="null" id="ishnvkhu_ishnvkht" targetScreen="ishnvkht"><text>Continue</text></action></actions></assignment><assignment id="ishnvllw"><title>Assignment to tempTumorInvolvement</title><operation source="field" to="temp.tempTumorInvolvement">temp.Tumor Involvement</operation><actions><action alt="null" id="ishnvllw_ishnvkht" targetScreen="ishnvkht"><text>Continue</text></action></actions></assignment></flow></avosScreenflow>