<avosScreenflow xmlns="http://schemas.active-endpoints.com/appmodules/screenflow/2010/10/avosScreenflow.xsd" xmlns:types1="http://schemas.active-endpoints.com/appmodules/repository/2010/10/avrepository.xsd" xmlns:aetgt="http://schemas.active-endpoints.com/appmodules/repository/2010/10/avrepository.xsd" xmlns:list="urn:activevos:spi:list:functions" allowRestart="true" doneOnEndStep="true" name="CloneOLI" runAsUser="$current"><description>clone OLI</description><appliesTo>Salesforce:OrderItem</appliesTo><tags>117757,Clone,FR-ODE-GUIDE-100-10,OLI</tags><generator>Informatica Screenflow Designer 8</generator><tempFields><field name="tempFinalOLIList" type="objectlist"><options><option name="referenceTo">Salesforce:OrderItem</option><option hide="true" name="multiSelect">true</option><option name="required">false</option></options></field><field name="tempOLI" type="reference"><options><option name="referenceTo">Salesforce:OrderItem</option><option name="required">false</option></options></field><field name="tempNodeStatusDetermination" type="picklist"><options><option name="required">false</option></options></field><field name="tempPrimarySequenceNumber" type="double"><options><option name="required">false</option></options></field><field name="tempSubmittingDiagnosis" type="string"><options><option name="required">false</option></options></field><field name="tempNodeStatus" type="picklist"><options><option name="required">false</option></options></field><field name="tempICDOther" type="string"><options><option name="required">false</option></options></field><field name="tempICDCode" type="reference"><options><option name="referenceTo">Salesforce:OSM_Billing_Diagnosis_Code__c</option><option name="required">false</option></options></field></tempFields><runOn target="desktop"/><notes>User Story 117757:FR-ODE-GUIDE-100-10: Clone OLI Guide</notes><deployment/><sendFeedback><emailTo/></sendFeedback><flow><startScreen id="imv9nfc2"><title>Start</title><body contentType="text/html"/><actions><action alt="null" id="imv9nfc2_j0j54cxy" targetScreen="j0j54cxy"><text>Continue</text></action></actions><screenData skipIfRequiredFilled="true"/></startScreen><screen id="j0j54d0r"><title>Click Override if you would like to edit the clinical criteria fields. If not, then click Finish.</title><body contentType="text/html">&lt;table border="1" cellpadding="5"&gt;
&lt;tbody&gt;
&lt;tr&gt;
&lt;td&gt;Multiple Primaries Option&lt;/td&gt;
&lt;td&gt;&lt;input class="" title="Order&gt;Multiple Primaries Option" name="Order.OSM_Multiple_Primaries_Option__c" type="text" value="Order&gt;Multiple Primaries Option"&gt;&lt;/td&gt;
&lt;/tr&gt;
&lt;tr&gt;
&lt;td&gt;How to Test Multiple Primaries?&lt;/td&gt;
&lt;td&gt;&lt;input class="" title="Order&gt;How to Test Multiple Primaries?" name="Order.OSM_How_to_Test_Multiple_Primaries__c" type="text" value="Order&gt;How to Test Multiple Primaries?"&gt;&lt;/td&gt;
&lt;/tr&gt;
&lt;tr&gt;
&lt;td&gt;Number of Multiple Primaries&lt;/td&gt;
&lt;td&gt;&lt;input class="" title="Order&gt;Number of Multiple Primaries Confirmed" name="Order.OSM_Number_of_Multiple_Primaries__c" type="text" value="Order&gt;Number of Multiple Primaries Confirmed"&gt;&lt;/td&gt;
&lt;/tr&gt;
&lt;tr&gt;
&lt;td&gt;Primary Sequence Number&lt;/td&gt;
&lt;td&gt;&lt;input class="" title="tempPrimarySequenceNumber (temporary)" name="temp.tempPrimarySequenceNumber" type="text" value="tempPrimarySequenceNumber (temporary)"&gt;&amp;nbsp;&lt;/td&gt;
&lt;/tr&gt;
&lt;tr&gt;
&lt;td colspan="2"&gt;&lt;strong&gt;Clinical Criteria:&lt;/strong&gt;&lt;/td&gt;
&lt;/tr&gt;
&lt;tr&gt;
&lt;td&gt;ICD Code&lt;/td&gt;
&lt;td&gt;&amp;nbsp; &lt;input style="-moz-appearance: none; background-color: lightgrey; border: none;" title="ICD Code" name="OSM_Billing_Diagnosis_Code__c" readonly="readonly" type="text" value="ICD Code"&gt;&amp;nbsp;&lt;/td&gt;
&lt;/tr&gt;
&lt;tr&gt;
&lt;td&gt;ICD_Other&lt;/td&gt;
&lt;td&gt;&amp;nbsp; &lt;input style="-moz-appearance: none; background-color: lightgrey; border: none;" name="GHI_Portal_ICD_Other__c" readonly="readonly" type="text" value="ICD_Other"&gt;&amp;nbsp;&lt;/td&gt;
&lt;/tr&gt;
&lt;tr&gt;
&lt;td&gt;ICD Code and Description&lt;/td&gt;
&lt;td&gt;&amp;nbsp; &lt;input style="-moz-appearance: none; background-color: lightgrey; border: none;" title="ICD Code &amp;amp; Description" name="OSM_ICD_Code_Description__c" readonly="readonly" type="text" value="ICD Code &amp;amp; Description"&gt;&amp;nbsp;&lt;/td&gt;
&lt;/tr&gt;
&lt;tr&gt;
&lt;td&gt;Node Status&lt;/td&gt;
&lt;td&gt;&amp;nbsp; &lt;input class="" style="-moz-appearance: none; background-color: lightgrey; border: none;" name="OSM_Nodal_Status__c" readonly="readonly" type="text" value="Node Status"&gt;&amp;nbsp;&lt;/td&gt;
&lt;/tr&gt;
&lt;tr&gt;
&lt;td&gt;Node Status Determination&lt;/td&gt;
&lt;td&gt;&amp;nbsp;&amp;nbsp;&lt;input style="-moz-appearance: none; background-color: lightgrey; border: none;" title="Node Status Determination" name="OSM_Nodal_Status_Determination_Source__c" readonly="readonly" type="text" value="Node Status Determination"&gt;&amp;nbsp;&lt;/td&gt;
&lt;/tr&gt;
&lt;tr&gt;
&lt;td&gt;Submitting Diagnosis&lt;/td&gt;
&lt;td&gt;&amp;nbsp;&amp;nbsp;&lt;input class="" style="-moz-appearance: none; background-color: lightgrey; border: none;" name="OSM_Submitting_Diagnosis__c" readonly="readonly" type="text" value="Submitting Diagnosis"&gt;&amp;nbsp;&lt;/td&gt;
&lt;/tr&gt;
&lt;/tbody&gt;
&lt;/table&gt;
&lt;p&gt;&amp;nbsp;&lt;/p&gt;</body><actionPrompt/><actions><action alt="null" id="j0j54d0r_jl41dh42" targetScreen="jl41dh42"><text>Finish</text></action><action alt="null" id="j0j54d0r_jl2q4faa" targetScreen="jl2q4faa"><text>Override</text></action><action alt="null" id="j0j54d0r_jl2q4fcx" targetScreen="jl2q4fcx"><text>Cancel</text></action></actions><screenData skipIfRequiredFilled="false"><screenDataItem name="Order.OSM_How_to_Test_Multiple_Primaries__c" readonly="false" required="false" type="picklist"><options><option hide="true" name="valuelist.source">searchservice</option><option hide="true" name="searchservice.name">rest:/sfHideGetPicklistFieldValuesREST</option><option name="searchservice.parameters"><serviceInput><parameter name="Object Type" source="constant">Salesforce:Order</parameter><parameter name="Field Name" source="constant">OSM_How_to_Test_Multiple_Primaries__c</parameter><parameter name="Controller Value" source="field">Order.RecordTypeId</parameter></serviceInput></option><option name="required">false</option></options></screenDataItem><screenDataItem name="Order.OSM_Multiple_Primaries_Option__c" readonly="false" required="false" type="picklist"><options><option name="required">false</option><option name="defaultvalue">Yes</option><option hide="true" name="valuelist.source">searchservice</option><option hide="true" name="searchservice.name">rest:/sfHideGetPicklistFieldValuesREST</option><option name="searchservice.parameters"><serviceInput><parameter name="Object Type" source="constant">Salesforce:Order</parameter><parameter name="Field Name" source="constant">OSM_Multiple_Primaries_Option__c</parameter><parameter name="Controller Value" source="field">Order.RecordTypeId</parameter></serviceInput></option></options></screenDataItem><screenDataItem name="Order.OSM_Number_of_Multiple_Primaries__c" readonly="false" required="false" type="picklist"><options><option name="required">false</option><option hide="true" name="valuelist.source">searchservice</option><option hide="true" name="searchservice.name">rest:/sfHideGetPicklistFieldValuesREST</option><option name="searchservice.parameters"><serviceInput><parameter name="Object Type" source="constant">Salesforce:Order</parameter><parameter name="Field Name" source="constant">OSM_Number_of_Multiple_Primaries__c</parameter><parameter name="Controller Value" source="field">Order.RecordTypeId</parameter></serviceInput></option></options></screenDataItem><screenDataItem name="temp.tempPrimarySequenceNumber" readonly="false" required="false" type="double"><options><option name="scale">0</option><option name="precision">3</option><option name="required">false</option><option name="defaultvalue" source="field">OSM_Primary_Sequence_Number__c</option></options></screenDataItem><screenDataItem name="GHI_Portal_ICD_Other__c" readonly="true" required="false" type="string"><options><option name="length">255</option><option name="required">false</option></options></screenDataItem><screenDataItem name="OSM_ICD_Code_Description__c" readonly="true" required="false" type="string"><options><option name="length">1300</option><option name="required">false</option></options></screenDataItem><screenDataItem name="OSM_Nodal_Status__c" readonly="true" required="false" type="picklist"><options><option hide="true" name="valuelist.source">searchservice</option><option hide="true" name="searchservice.name">rest:/sfHideGetPicklistFieldValuesREST</option><option name="searchservice.parameters"><serviceInput><parameter name="Object Type" source="constant">Salesforce:OrderItem</parameter><parameter name="Field Name" source="constant">OSM_Nodal_Status__c</parameter></serviceInput></option><option name="required">false</option></options></screenDataItem><screenDataItem name="OSM_Billing_Diagnosis_Code__c" readonly="true" required="false" type="reference"><options><option name="length">18</option><option name="referenceTo">Salesforce:OSM_Billing_Diagnosis_Code__c</option><option hide="true" name="relationshipName">OSM_Billing_Diagnosis_Code__r</option><option name="required">false</option></options></screenDataItem><screenDataItem name="OSM_Submitting_Diagnosis__c" readonly="true" required="false" type="string"><options><option name="length">255</option><option name="required">false</option></options></screenDataItem><screenDataItem name="OSM_Nodal_Status_Determination_Source__c" readonly="true" required="false" type="picklist"><options><option hide="true" name="valuelist.source">searchservice</option><option hide="true" name="searchservice.name">rest:/sfHideGetPicklistFieldValuesREST</option><option name="searchservice.parameters"><serviceInput><parameter name="Object Type" source="constant">Salesforce:OrderItem</parameter><parameter name="Field Name" source="constant">OSM_Nodal_Status_Determination_Source__c</parameter></serviceInput></option><option name="required">false</option></options></screenDataItem></screenData></screen><screen id="jl2q4faa"><title>Enter Values to Override</title><body contentType="text/html">&lt;table border="1" cellpadding="5"&gt;
&lt;tbody&gt;
&lt;tr&gt;
&lt;td&gt;ICD Code&lt;/td&gt;
&lt;td&gt;&lt;input class="" title="tempICDCode (temporary)" name="temp.tempICDCode" type="text" value="tempICDCode (temporary)"&gt;&amp;nbsp;&lt;/td&gt;
&lt;/tr&gt;
&lt;tr&gt;
&lt;td&gt;ICD_Other&lt;/td&gt;
&lt;td&gt;&lt;input class="" title="tempICDOther (temporary)" name="temp.tempICDOther" type="text" value="tempICDOther (temporary)"&gt;&amp;nbsp;&lt;/td&gt;
&lt;/tr&gt;
&lt;tr&gt;
&lt;td&gt;ICD Code and Description&lt;/td&gt;
&lt;td&gt;&lt;input class="" style="-moz-appearance: none; background-color: lightgrey; border: none;" title="ICD Code &amp;amp; Description" name="OSM_ICD_Code_Description__c" readonly="readonly" type="text" value="ICD Code &amp;amp; Description"&gt;&amp;nbsp;&lt;/td&gt;
&lt;/tr&gt;
&lt;tr&gt;
&lt;td&gt;Node Status&lt;/td&gt;
&lt;td&gt;&lt;input class="" title="tempNodeStatus (temporary)" name="temp.tempNodeStatus" type="text" value="tempNodeStatus (temporary)"&gt; &amp;nbsp;&lt;/td&gt;
&lt;/tr&gt;
&lt;tr&gt;
&lt;td&gt;Node Status Determination&lt;/td&gt;
&lt;td&gt;&lt;input class="" title="tempNodeStatusDetermination (temporary)" name="temp.tempNodeStatusDetermination" type="text" value="tempNodeStatusDetermination (temporary)"&gt;&amp;nbsp;&lt;/td&gt;
&lt;/tr&gt;
&lt;tr&gt;
&lt;td&gt;Submitting Diagnosis&lt;/td&gt;
&lt;td&gt;&lt;input class="" title="tempSubmittingDiagnosis (temporary)" name="temp.tempSubmittingDiagnosis" type="text" value="tempSubmittingDiagnosis (temporary)"&gt;&amp;nbsp;&lt;/td&gt;
&lt;/tr&gt;
&lt;/tbody&gt;
&lt;/table&gt;</body><actionPrompt/><actions><action alt="null" id="jl2q4faa_jl2q4fa7" targetScreen="jl2q4fa7"><text>Finish</text></action><action alt="null" id="jl2q4faa_jl2q4fa9" targetScreen="jl2q4fa9"><text>Cancel</text></action></actions><screenData skipIfRequiredFilled="false"><screenDataItem name="OSM_ICD_Code_Description__c" readonly="true" required="false" type="string"><options><option name="length">1300</option><option name="required">false</option></options></screenDataItem><screenDataItem name="temp.tempSubmittingDiagnosis" readonly="false" required="false" type="string"><options><option name="required">false</option><option name="defaultvalue" source="field">OSM_Submitting_Diagnosis__c</option></options></screenDataItem><screenDataItem name="temp.tempNodeStatusDetermination" readonly="false" required="false" type="picklist"><options><option name="required">false</option><option name="defaultvalue" source="field">OSM_Nodal_Status_Determination_Source__c</option><option hide="true" name="valuelist.source">searchservice</option><option hide="true" name="searchservice.name">rest:/sfHideGetPicklistFieldValuesREST</option><option name="searchservice.parameters"><serviceInput><parameter name="Object Type" source="constant">Salesforce:OrderItem</parameter><parameter name="Field Name" source="constant">OSM_Nodal_Status_Determination_Source__c</parameter></serviceInput></option></options></screenDataItem><screenDataItem name="temp.tempNodeStatus" readonly="false" required="false" type="picklist"><options><option name="required">false</option><option name="defaultvalue" source="field">OSM_Nodal_Status__c</option><option hide="true" name="valuelist.source">searchservice</option><option hide="true" name="searchservice.name">rest:/sfHideGetPicklistFieldValuesREST</option><option name="searchservice.parameters"><serviceInput><parameter name="Object Type" source="constant">Salesforce:OrderItem</parameter><parameter name="Field Name" source="constant">OSM_Nodal_Status__c</parameter></serviceInput></option></options></screenDataItem><screenDataItem name="temp.tempICDOther" readonly="false" required="false" type="string"><options><option name="required">false</option><option name="defaultvalue" source="field">GHI_Portal_ICD_Other__c</option></options></screenDataItem><screenDataItem name="temp.tempICDCode" readonly="false" required="false" type="reference"><options><option name="display-options">{"display-options":{"columns":{"column":[{"name":"Name","type":"string","label":"Name","renderingType":"string"},{"name":"OSM_Orderable__c","type":"picklist","label":"Orderable","renderingType":"picklist"},{"name":"OSM_Code_and_Description__c","type":"string","label":"Code and  Description","renderingType":"string"}]},"rendering-type":{"table-style":null,"height":null},"allow_pagination":true,"allow_filtering":true,"allow_sorting":true}}</option><option name="referenceTo">Salesforce:OSM_Billing_Diagnosis_Code__c</option><option name="required">false</option><option name="defaultvalue" source="field">OSM_Billing_Diagnosis_Code__c</option></options></screenDataItem></screenData></screen><endScreen id="j0j54cy6"><title/><body contentType="text/html">&lt;p&gt;&lt;span style="font-size: 14pt;"&gt;&lt;span style="font-family: arial, helvetica, sans-serif;"&gt;Cannot&lt;/span&gt; Clone OLI if Order State is Closed or test is MMR or Colon&lt;/span&gt;&lt;/p&gt;</body><redirectTo type="current_object"/><screenActionLabel><text>Continue</text></screenActionLabel></endScreen><endScreen dontShowScreen="true" id="jl2q4fa9"><title/><body contentType="text/html"/><redirectTo type="current_object"/><screenActionLabel><text>Continue</text></screenActionLabel></endScreen><endScreen dontShowScreen="true" id="jl2q4fcx"><title/><body contentType="text/html"/><redirectTo type="current_object"/><screenActionLabel><text>Continue</text></screenActionLabel></endScreen><endScreen id="j0j54d0y"><title>Successfully Cloned OLI</title><body contentType="text/html">&lt;p&gt;&lt;span style="font-family: arial, helvetica, sans-serif; font-size: 18.6667px;"&gt;You have successfully cloned an&amp;nbsp;OLI:&amp;nbsp;&lt;/span&gt;&lt;/p&gt;
&lt;p&gt;&amp;nbsp;&lt;input style="-moz-appearance: none; background-color: lightgrey; border: none;" title="outClonedOLINumber (output)" name="output.outClonedOLINumber" readonly="readonly" type="text" value="outClonedOLINumber (output)"&gt;&amp;nbsp;&lt;/p&gt;</body><screenData skipIfRequiredFilled="false"><screenDataItem name="output.outClonedOLINumber" readonly="true" required="false" type="string"><options><option name="required">false</option></options></screenDataItem></screenData><redirectTo type="noRedirectTo"/><screenActionLabel><text>Done</text></screenActionLabel></endScreen><empty gatewayType="exclusive" id="jl41dg2s"><actions/></empty><empty gatewayType="exclusive" id="jl41dg2q"><actions/></empty><empty gatewayType="exclusive" id="jfmokt83"><actions><action alt="null" id="jfmokt83_j0j54d0y" targetScreen="j0j54d0y"><text>Continue</text></action></actions></empty><empty gatewayType="exclusive" id="jfmoktaj"><actions><action alt="" id="jfmoktaj_jfmokt83" targetScreen="jfmokt83"><text>Continue</text></action></actions></empty><empty gatewayType="exclusive" id="jl41dg2k"><actions/></empty><jumpTo id="j0j54czr" targetTitle=""><actions><action alt="null" id="j0j54czr_j0j54cy6" targetScreen="j0j54cy6"><text>Continue</text></action></actions></jumpTo><jumpTo id="j0j54czu" targetTitle=""><actions><action alt="null" id="j0j54czu_j0j54cy6" targetScreen="j0j54cy6"><text>Continue</text></action></actions></jumpTo><jumpTo id="jl2q4fa7" targetTitle="SP-Clone-OLI"><actions><action alt="null" id="jl2q4fa7_jfmokt8q" targetScreen="jfmokt8q"><text>Continue</text></action></actions></jumpTo><callProcess id="jfmokt8q"><title>SP-Clone-OLI</title><subflowPath>SP-Clone-OLI</subflowPath><runAsUser>$current</runAsUser><serviceInput><parameter id="j0uj5zr8" name="inCloneOLI" source="field" updatable="false">Id</parameter></serviceInput><subflowOutput><field name="outClonedOLI" type="reference"><options><option name="referenceTo">Salesforce:OrderItem</option><option name="required">false</option></options></field><field name="outClonedOLINumber" type="string"><options><option name="required">false</option></options></field></subflowOutput><actions><action alt="null" id="jfmokt8q_jfmokt9j" targetScreen="jfmokt9j"><text>Continue</text></action></actions></callProcess><callProcess id="jfmoktad"><title>SP-Create-WO-WOOLI</title><subflowPath>SP-Create-WO-WOOLI</subflowPath><runAsUser>$current</runAsUser><serviceInput><parameter id="j0uj5zuz" name="pSource" source="constant" updatable="true">Order</parameter><parameter id="j0uj5zv0" name="pOLIList" source="field" updatable="true">temp.tempFinalOLIList</parameter><parameter id="j0uj5zv1" name="pOrderId" source="field" updatable="false">OrderId</parameter><parameter id="j0uj5zv2" name="pResetStatus" source="constant" updatable="true">false</parameter><parameter id="j0uj5zv3" name="pWOType" source="constant" updatable="true">New</parameter></serviceInput><actions><action alt="null" id="jfmoktad_jfmoktae" targetScreen="jfmoktae"><text>Continue</text></action></actions></callProcess><callProcess id="jfmoktae"><title>MP-SR-Case-Creation</title><subflowPath>MP-SR-Case-Creation</subflowPath><appliesTo>Salesforce:Order</appliesTo><appliesToDataName source="field">OrderId</appliesToDataName><runAsUser>$current</runAsUser><actions><action alt="null" id="jfmoktae_jfmoktaf" targetScreen="jfmoktaf"><text>Continue</text></action></actions></callProcess><callProcess id="jfmoktaf"><title>SP-Report-Ready-Main</title><subflowPath>SP-Report-Ready-Main</subflowPath><appliesTo>Salesforce:Order</appliesTo><appliesToDataName source="field">OrderId</appliesToDataName><runAsUser>$current</runAsUser><actions><action alt="null" id="jfmoktaf_jfmoktag" targetScreen="jfmoktag"><text>Continue</text></action></actions></callProcess><callProcess id="jfmoktag"><title>SP-Order-Lab-Ready</title><subflowPath>SP-Order-Lab-Ready</subflowPath><appliesTo>Salesforce:Order</appliesTo><appliesToDataName source="field">OrderId</appliesToDataName><runAsUser>$current</runAsUser><actions><action alt="null" id="jfmoktag_jfmoktah" targetScreen="jfmoktah"><text>Continue</text></action></actions></callProcess><callProcess id="jfmoktah"><title>SP-PreBilling-Ready-Main</title><subflowPath>SP-PreBilling-Ready-Main</subflowPath><appliesTo>Salesforce:Order</appliesTo><appliesToDataName source="field">OrderId</appliesToDataName><runAsUser>$current</runAsUser><actions><action alt="null" id="jfmoktah_jfmoktaj" targetScreen="jfmoktaj"><text>Continue</text></action></actions></callProcess><dataDecision id="j0j54cxy"><title>State</title><dataName>Order.Status</dataName><actions><action alt="equals Closed" id="j0j54cxy_j0j54cy6" targetScreen="j0j54cy6"><text>Equals Closed</text></action><action alt="else " id="j0j54cxy_j0j54czg" targetScreen="j0j54czg"><text>Otherwise</text></action></actions></dataDecision><dataDecision id="j0j54czg"><title>Test Name</title><dataName>OSM_Test_Name__c</dataName><actions><action alt="equals MMR" id="j0j54czg_j0j54czr" targetScreen="j0j54czr"><text>Equals MMR</text></action><action alt="equals Colon" id="j0j54czg_j0j54czu" targetScreen="j0j54czu"><text>Equals Colon</text></action><action alt="else " id="j0j54czg_j0j54d0r" targetScreen="j0j54d0r"><text>Otherwise</text></action></actions></dataDecision><dataDecision id="jfmoktab"><title>Status</title><dataName>Order.OSM_Status__c</dataName><actions><action alt="equals Processing" id="jfmoktab_jfmoktad" targetScreen="jfmoktad"><text>Equals Processing</text></action><action alt="else " id="jfmoktab_jfmoktaj" targetScreen="jfmoktaj"><text>Otherwise</text></action></actions></dataDecision><assignment id="jl41dh42"><title>Assignment to tempNodeStatusDetermination</title><operation source="field" to="temp.tempNodeStatusDetermination">OSM_Nodal_Status_Determination_Source__c</operation><operation source="field" to="temp.tempSubmittingDiagnosis">OSM_Submitting_Diagnosis__c</operation><operation source="field" to="temp.tempNodeStatus">OSM_Nodal_Status__c</operation><operation source="field" to="temp.tempICDOther">GHI_Portal_ICD_Other__c</operation><operation source="field" to="temp.tempICDCode">OSM_Billing_Diagnosis_Code__c</operation><actions><action alt="" id="jl41dh42_jfmokt8q" targetScreen="jfmokt8q"><text>Continue</text></action></actions></assignment><assignment id="jfmokt9j"><title>Assignment Primary Sequence Number</title><operation source="formula" to="temp.tempFinalOLIList"><function name="list:append"><arg name="dest_field">{$temp.tempFinalOLIList}</arg><arg name="new_field">{$output.outClonedOLI}</arg></function></operation><operation source="field" to="temp.tempFinalOLIList.OSM_Primary_Sequence_Number__c">temp.tempPrimarySequenceNumber</operation><operation source="field" to="temp.tempFinalOLIList.OSM_Nodal_Status_Determination_Source__c">temp.tempNodeStatusDetermination</operation><operation source="field" to="temp.tempFinalOLIList.OSM_Submitting_Diagnosis__c">temp.tempSubmittingDiagnosis</operation><operation source="field" to="temp.tempFinalOLIList.OSM_Nodal_Status__c">temp.tempNodeStatus</operation><operation source="field" to="temp.tempFinalOLIList.GHI_Portal_ICD_Other__c">temp.tempICDOther</operation><operation source="field" to="temp.tempFinalOLIList.OSM_Billing_Diagnosis_Code__c">temp.tempICDCode</operation><actions><action alt="" id="jfmokt9j_jfmoktab" targetScreen="jfmoktab"><text>Continue</text></action></actions></assignment></flow></avosScreenflow>