<process xmlns="http://schemas.active-endpoints.com/appmodules/screenflow/2010/10/avosScreenflow.xsd" xmlns:types1="http://schemas.active-endpoints.com/appmodules/repository/2010/10/avrepository.xsd" xmlns:aetgt="http://schemas.active-endpoints.com/appmodules/repository/2010/10/avrepository.xsd" xmlns:list="urn:activevos:spi:list:functions" name="INT-Process-EU-Portal-OrderSpecimenRetrieval"><appliesTo/><description/><tags/><generator>Informatica Process Designer 8</generator><input><parameter name="InEUOrderSpecimenRetrievalMessage" type="reference"><options><option name="referenceTo">EU-Portal-OrderMessage:OrderSpecimenRetrieval</option><option name="required">false</option><option name="isCopy">true</option></options></parameter><parameter name="inICRTMessageLogMsg" type="reference"><options><option name="referenceTo">Salesforce:ICRT_Message_Log__c</option><option name="required">false</option></options></parameter><parameter name="InOrderSpecimenRetrievalURL" type="string"><options><option name="required">false</option></options></parameter><parameter name="OrderSpecimenRetrievalEventId" type="string"><options><option name="required">false</option></options></parameter></input><output><field name="outNewOrder" type="reference"><options><option name="referenceTo">Salesforce:Order</option><option name="required">false</option></options></field></output><tempFields><field name="tempSpecimenRetrievalCase" type="reference"><options><option name="referenceTo">Salesforce:Case</option><option name="required">false</option></options></field><field name="tempIsConditionMet" type="boolean"><options><option name="defaultvalue">false</option><option name="boolean_show_as">checkbox</option><option name="required">false</option><option name="initialvalue">false</option></options></field><field name="tempRTPatient" type="reference"><options><option name="referenceTo">Salesforce:RecordType</option><option name="required">false</option><option hide="true" name="initialvalue">012U00000005dY3IAI</option></options></field><field name="tempDefaultSystemSetting" type="reference"><options><option name="referenceTo">Salesforce:Record_Type__c</option><option name="required">false</option></options></field><field name="tempDefaulOrdAccts" type="string"><options><option name="required">false</option></options></field><field name="tempDupeOrders" type="reference"><options><option name="referenceTo">Salesforce:Order</option><option name="required">false</option></options></field><field name="tempRetryCount" type="int"><options><option name="required">false</option><option hide="true" name="initialvalue">0</option></options></field><field name="tempOrderSpecimenRetrievalMsg" type="reference"><options><option name="referenceTo">EU-Portal-OrderMessage:OrderSpecimenRetrieval</option><option name="required">false</option><option name="isCopy">true</option></options></field><field name="tempSystemITQueue" type="reference"><options><option name="referenceTo">Salesforce:Group</option><option name="required">false</option></options></field><field name="tempOrder" type="reference"><options><option name="referenceTo">Salesforce:Order</option><option name="required">false</option></options></field></tempFields><notes/><deployment suspendOnFault="false" tracingLevel="verbose"><rest/></deployment><flow id="a"><start id="b"><link id="jh05s1jx" targetId="jh05s1jw"/></start><subflow id="jh05s1jw"><title>ER-Get GHI ICRT Retry Settings</title><subflowPath>ER-Get GHI ICRT Retry Settings</subflowPath><runForEach>false</runForEach><input/><outputDef><field name="retryCount" type="int"><options><option name="required">false</option></options></field><field name="retryDelay" type="double"><options><option name="required">false</option></options></field></outputDef><link id="jkhzvm4y" targetId="jkhzvm4x"/></subflow><assignment id="jkhzvm4x"><title>Assignment to tempSystemITQueue</title><operation source="query" to="temp.tempSystemITQueue"><query from="Salesforce:Group"><where>Name = 'System Error IT' and Type = 'Queue' limit 1</where></query></operation><link id="jkhzvm59" targetId="jkhzvke7"/></assignment><eventContainer id="jkhzvke7"><service id="jkhzvkcs"><title>CallOrderSpecimenRetrievalAPI</title><serviceName>EU-Portal-OrderMessage:CallOrderSpecimenRetrievalAPI</serviceName><serviceInput><parameter name="BaseURL" source="field" updatable="true">input.InOrderSpecimenRetrievalURL</parameter></serviceInput></service><flow id="jkhzvkea"><assignment id="jkhzvl5d"><title>Assignment to tempOrderSpecimenRetrievalMsg</title><operation source="formula" to="temp.tempOrderSpecimenRetrievalMsg"><expression language="XQuery">util:simplifyXml($output.outOrderSpecimenRetrievalParam)</expression></operation><link id="jkhzvl5e" targetId="jkhzvkjw"/></assignment><assignment id="jkhzvkjw"><title>Assignment</title><operation source="query" to="temp.tempSpecimenRetrievalCase"><query from="Salesforce:Case"><where>Type = 'Specimen Retrieval' and OSM_Primary_Order__r.External_Order_ID__c = '{$temp.tempOrderSpecimenRetrievalMsg[1]/id}' and   OSM_Primary_Order__r.OSM_Sub_Channel__c = '{$temp.tempOrderSpecimenRetrievalMsg[1]/orderChannel}' Order By CreatedDate Asc LIMIT 1 </where></query></operation><operation source="constant" to="temp.tempRetryCount">0</operation><operation source="query" to="temp.tempOrder"><query from="Salesforce:Order"><where>External_Order_ID__c = '{$temp.tempOrderSpecimenRetrievalMsg[1]/id}' and OSM_Sub_Channel__c = '{$temp.tempOrderSpecimenRetrievalMsg[1]/orderChannel}'</where></query></operation><link id="jkwfpyqr" targetId="jkwfpyqq"/></assignment><container id="jkwfpyqq" type="exclusive"><title>tempOrder</title><flow id="jkwfpysm"><assignment id="jl4sht7u"><title>Assignment to SFDC ID</title><operation source="field" to="input.inICRTMessageLogMsg.ICRT_Object_ID__c">temp.tempOrder.OrderNumber</operation><operation source="constant" to="input.inICRTMessageLogMsg.ICRT_Object_Name__c">Order</operation><link id="jl4sht7v" targetId="jkwfpyua"/></assignment><container id="jkwfpyua" type="exclusive"><title>tempSpecimenRetrievalCase</title><flow id="jkwfpyub"><container id="jkwfpyuc" type="exclusive"><title>Status</title><flow id="jkwfpyud"><jumpTo id="jkwfpyue"><link id="jkwfpyvb" targetId="jkxv7tx1"/></jumpTo></flow><flow id="jkwfpyuf"><assignment id="jkwfpyug"><title>Assignment to tempIsConditionMet</title><operation source="formula" to="temp.tempIsConditionMet"><expression language="XQuery">if (($temp.tempOrderSpecimenRetrievalMsg[1]/status = 'Communication Sent' and
($temp.tempSpecimenRetrievalCase.GHI_Substatus__c = 'SR Acknowledged' or $temp.tempSpecimenRetrievalCase.GHI_Substatus__c = 'Specimen Sent')) or ($temp.tempOrderSpecimenRetrievalMsg[1]/status = 'Acknowledged' and $temp.tempSpecimenRetrievalCase.GHI_Substatus__c = 'Specimen Sent')) then
'true'

else
	'false'</expression></operation><link id="jkwfpyvd" targetId="jkwfpyuh"/></assignment><container id="jkwfpyuh" type="exclusive"><title>tempIsConditionMet</title><flow id="jkwfpyui"><assignment id="jkwfpyuj"><title>Assignment to Message Status</title><operation source="constant" to="input.inICRTMessageLogMsg.ICRT_Message_Status__c">Message Ignored</operation><operation source="constant" to="input.inICRTMessageLogMsg.ICRT_Error_Reason__c">Message Ignored because Current Status = {$temp.tempSpecimenRetrievalCase.Status} , Current SubStatus = {$temp.tempSpecimenRetrievalCase.GHI_Substatus__c}  and Status in Message = {$temp.tempOrderSpecimenRetrievalMsg[1]/status} </operation><link id="jkwfpyvg" targetId="jkwfpyuk"/></assignment><end id="jkwfpyuk"/></flow><flow id="jkwfpyul"><eventContainer id="jkwfpyum"><subflow id="jkwfpyv3"><title>INT-Process-EU-Portal-OrderSpecimenRetrievalUpdate</title><subflowPath>INT-Process-EU-Portal-OrderSpecimenRetrievalUpdate</subflowPath><appliesTo>Salesforce:Case</appliesTo><appliesToDataName source="field">temp.tempSpecimenRetrievalCase</appliesToDataName><runForEach>false</runForEach><input><parameter name="InOrderSpecimenRetrieval" source="field" updatable="true">temp.tempOrderSpecimenRetrievalMsg</parameter></input><outputDef/></subflow><flow id="jkwfpyun"><assignment id="jkwfpyuo"><title>Assignment to SFDC ID, SFDC Object Name, etc.</title><operation source="constant" to="input.inICRTMessageLogMsg.ICRT_Message_Status__c">Inbound Event Processed Successfully</operation></assignment><link id="jkwfpyvk" targetId="jkwfpyum" type="containerLink"/></flow><flow id="jkwfpyup"><container id="jkwfpyuq" type="exclusive"><title>Check for Lock Row Error</title><flow id="jkwfpyur"><container id="jkwfpyus" type="exclusive"><title>Check Retry Count </title><flow id="jkwfpyut"><throw id="jkwfpyuu"><throwInput><parameter name="code" source="constant" updatable="true">{$output.faultInfoSRupdate[1]/code}</parameter><parameter name="detail" source="constant" updatable="true">{$output.faultInfoSRupdate[1]/detail}</parameter><parameter name="reason" source="constant" updatable="true">{$output.faultInfoSRupdate[1]/reason}</parameter></throwInput></throw></flow><flow id="jkwfpyuv"><wait id="jkwfpyuw"><duration source="formula"><function name="duration_expression"><arg name="value">1</arg><arg name="scale">S</arg><arg name="businessDays"/></function></duration><link id="jkwfpyvq" targetId="jkwfpyux"/></wait><assignment id="jkwfpyux"><title>Increase Retry Count</title><operation source="formula" to="temp.tempRetryCount"><expression language="XQuery">$temp.tempRetryCount + 1</expression></operation><link id="jkwfpyvr" targetId="jkwfpyuy"/></assignment><jumpTo id="jkwfpyuy"><link id="jkwfpyvs" targetId="jkwfpyum"/></jumpTo></flow><link id="jkwfpyvo" targetId="jkwfpyut" type="containerLink"><condition source="formula"><function name="greater-than"><arg name="left">{$temp.tempRetryCount}</arg><arg name="right">{$output.retryCount}</arg></function></condition></link><link id="jkwfpyvp" targetId="jkwfpyuv" type="containerLink"/></container></flow><flow id="jkwfpyuz"><jumpTo id="jkwfpyv0"><link id="jkwfpyvt" targetId="jkwfpyus"/></jumpTo></flow><flow id="jkwfpyv1"><throw id="jkwfpyv2"><throwInput><parameter name="code" source="constant" updatable="true">{$output.faultInfoSRupdate[1]/code}</parameter><parameter name="detail" source="constant" updatable="true">{$output.faultInfoSRupdate[1]/detail}</parameter><parameter name="reason" source="constant" updatable="true">{$output.faultInfoSRupdate[1]/reason}</parameter></throwInput></throw></flow><link id="jkwfpyvl" targetId="jkwfpyur" type="containerLink"><condition source="formula"><function name="contains"><arg name="left">{$output.faultInfoSRupdate[1]/reason}</arg><arg name="right">UNABLE_TO_LOCK_ROW</arg></function></condition></link><link id="jkwfpyvm" targetId="jkwfpyuz" type="containerLink"><condition source="formula"><function name="contains"><arg name="left">{$output.faultInfoSRupdate[1]/reason}</arg><arg name="right">unable to obtain exclusive access to this record</arg></function></condition></link><link id="jkwfpyvn" targetId="jkwfpyv1" type="containerLink"/></container></flow><link id="jkwfpyvi" targetId="jkwfpyun" type="containerLink"/><events><catch faultField="faultInfoSRupdate" id="jkdt9b56" interrupting="true"><link id="jkwfpyvj" targetId="jkwfpyup" type="containerLink"/></catch></events></eventContainer><link id="jkwfpyvh" targetId="jkwfpyuh" type="containerLink"/></flow><link id="jkwfpyve" targetId="jkwfpyui" type="containerLink"><condition source="formula"><function name="true"><arg name="field">{$temp.tempIsConditionMet}</arg></function></condition></link><link id="jkwfpyvf" targetId="jkwfpyul" type="containerLink"><condition source="formula"><function name="false"><arg name="field">{$temp.tempIsConditionMet}</arg></function></condition></link></container><link id="jkwfpyvc" targetId="jkwfpyuc" type="containerLink"/></flow><link id="jkwfpyv9" targetId="jkwfpyud" type="containerLink"><condition source="formula"><function name="string-equals"><arg name="left">{$temp.tempSpecimenRetrievalCase.Status}</arg><arg name="right">Closed</arg></function></condition></link><link id="jkwfpyva" targetId="jkwfpyuf" type="containerLink"/></container><link id="jkwfpyv8" targetId="jkwfpyua" type="containerLink"/></flow><flow id="jkwfpyv4"><assignment id="jkxv7tx1"><title>Assignment to Message Status Processed Successfully</title><operation source="constant" to="input.inICRTMessageLogMsg.ICRT_Message_Status__c">Inbound Event Processed Successfully</operation><link id="jkxv7tx2" targetId="jkwfpyv5"/></assignment><subflow id="jkwfpyv5"><title>SP-Create-Case-With-Given-Data</title><subflowPath>SP-Create-Case-With-Given-Data</subflowPath><runForEach>false</runForEach><input><parameter name="InType" source="constant" updatable="true">External Specimen Retrieval Issue</parameter><parameter name="InRecType" source="constant" updatable="true">012U00000005dXtIAI</parameter><parameter name="InDescription" source="constant" updatable="true">No Specimen Retrieval Case was found, OR the earliest created Specimen Retrieval Case was closed</parameter><parameter name="inPrimaryOrder" source="field">temp.tempOrder</parameter><parameter name="InStatus" source="constant" updatable="true">Open</parameter></input><outputDef><field name="out_CaseId" type="string"><options><option name="required">false</option></options></field></outputDef></subflow><link id="jkwfpyvu" targetId="jkwfpyua" type="containerLink"/></flow><link id="jkwfpyv6" targetId="jkwfpyub" type="containerLink"><condition source="formula"><function name="set"><arg name="field">{$temp.tempSpecimenRetrievalCase}</arg></function></condition></link><link id="jkwfpyv7" targetId="jkwfpyv4" type="containerLink"><condition source="formula"><function name="unset"><arg name="field">{$temp.tempSpecimenRetrievalCase}</arg></function></condition></link></container><link id="jkwfpysn" targetId="jkwfpyqq" type="containerLink"/></flow><flow id="jkwfpysp"><assignment id="jkwfpyso"><title>Assignment to Message Status, Error Reason</title><operation source="constant" to="input.inICRTMessageLogMsg.ICRT_Message_Status__c">Inbound Event Processing Failed</operation><operation source="constant" to="input.inICRTMessageLogMsg.ICRT_Error_Reason__c">Order with External Portal Order ID = {$temp.tempOrderSpecimenRetrievalMsg[1]/id} and Subchannel = {$temp.tempOrderSpecimenRetrievalMsg[1]/orderChannel} does not exist in SFDC</operation><link id="jl1xbpco" targetId="jl1xbpcn"/></assignment><throw id="jl1xbpcn"><throwInput><parameter name="code" source="constant" updatable="true">HTTP_404</parameter><parameter name="reason" source="constant" updatable="true">Order with External Portal Order ID = {$temp.tempOrderSpecimenRetrievalMsg[1]/id} and Subchannel = {$temp.tempOrderSpecimenRetrievalMsg[1]/orderChannel} does not exist in SFDC</parameter><parameter name="detail" source="constant" updatable="true"/></throwInput></throw></flow><link id="jkwfpysj" targetId="jkwfpysm" type="containerLink"><condition source="formula"><function name="set"><arg name="field">{$temp.tempOrder}</arg></function></condition></link><link id="jkwfpysk" targetId="jkwfpysp" type="containerLink"><condition source="formula"><function name="unset"><arg name="field">{$temp.tempOrder}</arg></function></condition></link><link id="jl1xbpkx" targetId="jl1xbpkw"/></container><empty id="jl1xbpkw"><title>Untitled 1</title></empty><link id="jkhzvkeb" targetId="jkhzvke7" type="containerLink"/></flow><flow id="jkhzvkee"><container id="jkhzvkl7" type="exclusive"><title>Code</title><flow id="jkhzvkl8"><throw id="jkhzvlms"><throwInput><parameter name="code" source="constant" updatable="true">{$output.faultInfoXMLPayload[1]/code}</parameter><parameter name="detail" source="constant" updatable="true">{$output.faultInfoXMLPayload[1]/detail}</parameter><parameter name="reason" source="constant" updatable="true">{$output.faultInfoXMLPayload[1]/reason}</parameter></throwInput></throw></flow><flow id="jkhzvklc"><container id="jkhzvkld" type="exclusive"><title>Check Retry Count </title><flow id="jkhzvkle"><throw id="jkhzvklf"><throwInput><parameter name="code" source="constant" updatable="true">{$output.faultInfoXMLPayload[1]/code}</parameter><parameter name="detail" source="constant" updatable="true">{$output.faultInfoXMLPayload[1]/detail}</parameter><parameter name="reason" source="constant" updatable="true">{$output.faultInfoXMLPayload[1]/reason}</parameter></throwInput></throw></flow><flow id="jkhzvklg"><wait id="jkhzvklh"><duration source="formula"><function name="duration_expression"><arg name="value">{$output.retryDelay}</arg><arg name="scale">S</arg><arg name="businessDays"/></function></duration><link id="jkhzvklt" targetId="jkhzvkli"/></wait><assignment id="jkhzvkli"><title>Increase Retry Count</title><operation source="formula" to="temp.tempRetryCount"><expression language="XQuery">$temp.tempRetryCount + 1</expression></operation><link id="jkhzvklu" targetId="jkhzvklj"/></assignment><jumpTo id="jkhzvklj"><link id="jkhzvklv" targetId="jkhzvke7"/></jumpTo></flow><link id="jkhzvklq" targetId="jkhzvkle" type="containerLink"><condition source="formula"><function name="greater-than"><arg name="left">{$temp.tempRetryCount}</arg><arg name="right">{$output.retryCount}</arg></function></condition></link><link id="jkhzvklr" targetId="jkhzvklg" type="containerLink"/></container></flow><flow id="jkhzvklk"><link id="jkhzvklw" targetId="jkhzvkl7" type="containerLink"/></flow><link id="jkhzvkll" targetId="jkhzvkl8" type="containerLink"><condition source="formula"><function name="contains"><arg name="left">{$output.faultInfoXMLPayload[1]/code}</arg><arg name="right">40</arg></function></condition></link><link id="jkhzvklm" targetId="jkhzvklc" type="containerLink"><condition source="formula"><function name="contains"><arg name="left">{$output.faultInfoXMLPayload[1]/code}</arg><arg name="right">50</arg></function></condition></link><link id="jkhzvkln" targetId="jkhzvklk" type="containerLink"/></container><link id="jkhzvkef" targetId="jkhzvke7" type="containerLink"/></flow><link id="jkhzvke8" targetId="jkhzvkea" type="containerLink"/><link id="jkhzvkjc" targetId="jkc9iu3h"/><events><catch faultField="faultInfoXMLPayload" id="jkhzvke5" interrupting="true"><link id="jkhzvkec" targetId="jkhzvkee" type="containerLink"/></catch></events></eventContainer><end id="jkc9iu3h"/></flow></process>