<process xmlns="http://schemas.active-endpoints.com/appmodules/screenflow/2010/10/avosScreenflow.xsd" xmlns:types1="http://schemas.active-endpoints.com/appmodules/repository/2010/10/avrepository.xsd" xmlns:aetgt="http://schemas.active-endpoints.com/appmodules/repository/2010/10/avrepository.xsd" xmlns:list="urn:activevos:spi:list:functions" name="NCCN Calculator Process"><appliesTo/><description/><tags>NCCN</tags><generator>Informatica Process Designer 8</generator><input><parameter name="Gleason" type="picklist"><options><option name="values">[{"label":"3+3","value":"3+3"},{"label":"3+4","value":"3+4"},{"label":"4+3","value":"4+3"}]</option><option name="required">false</option></options></parameter><parameter name="PSA" type="double"><options><option name="scale">1</option><option name="precision">5</option><option name="required">false</option></options></parameter><parameter name="Clinical Stage" type="picklist"><options><option name="values">[{"label":"T1c","value":"T1c"},{"label":"T2a","value":"T2a"},{"label":"T2b","value":"T2b"},{"label":"T2c","value":"T2c"}]</option><option name="required">false</option></options></parameter><parameter name="Positive Cores" type="double"><options><option name="scale">0</option><option name="precision">2</option><option name="required">false</option></options></parameter><parameter name="4 Plus 3 Cores" type="double"><options><option name="scale">0</option><option name="precision">2</option><option name="required">false</option></options></parameter><parameter name="Tumor Involvement" type="picklist"><options><option name="values">[{"label":"≤ 50%","value":"≤ 50%"},{"label":"&gt; 50%","value":"&gt; 50%"}]</option><option name="required">false</option></options></parameter><parameter name="Prostate Volume" type="double"><options><option name="scale">0</option><option name="precision">3</option><option name="required">false</option></options></parameter><parameter name="PSA Density" type="double"><options><option name="required">false</option></options></parameter><parameter name="TempOLI" type="reference"><options><option name="referenceTo">Salesforce:OrderItem</option><option name="required">false</option></options></parameter><parameter name="IsGuide" type="boolean"><options><option name="defaultvalue">false</option><option name="boolean_show_as">checkbox</option><option name="required">false</option></options></parameter></input><output><field name="NCCN Qualification Status" type="string"><options><option name="required">false</option></options></field><field name="NCCN Risk Category" type="string"><options><option name="required">false</option></options></field><field name="NCCN Qualification Details" type="richtextarea"><options><option name="text_height">12</option><option name="text_width">100</option><option name="required">false</option></options></field><field name="NCCN Case Details" type="richtextarea"><options><option name="text_height">12</option><option name="text_width">100</option><option name="required">false</option></options></field></output><notes/><deployment suspendOnFault="false" tracingLevel="normal"><rest/></deployment><flow id="a"><start id="b"><link id="iro2w82l" targetId="iro2w82k"/></start><container id="iro2w82k" type="exclusive"><title>Check PSA</title><flow id="iro2w84s"><assignment id="irqhsoc6"><title>PSA Greater Than 20</title><operation source="formula" to="output.NCCN Qualification Details"><expression language="XQuery">fn:concat('NCCN Disqualified','&amp;#x000a;','PSA &gt;20, =', $input.PSA, '&amp;#x000a;')</expression></operation><operation source="formula" to="output.NCCN Case Details"><expression language="XQuery">fn:concat('NCCN Disqualified','&amp;#x000a;','PSA &gt;20, =', $input.PSA, '&amp;#x000a;')</expression></operation><link id="irqhsok5" targetId="iro2w8g7"/></assignment><assignment id="iro2w8g7"><title>Disqualified</title><operation source="constant" to="output.NCCN Qualification Status">Disqualified</operation><operation source="constant" to="output.NCCN Risk Category">Unknown Risk</operation></assignment><link id="iro2w84t" targetId="iro2w82k" type="containerLink"/></flow><flow id="iro2w84v"><container id="iro2w8ih" type="exclusive"><title>Check Gleason</title><flow id="iro2w8ii"><container id="iro2w8ik" type="exclusive"><title>Check PSA</title><flow id="iro2w8il"><assignment id="irqkixa4"><title>PSA Null or Invalid</title><operation source="formula" to="output.NCCN Qualification Details"><expression language="XQuery">fn:concat($output.NCCNQualificationDetails,'PSA = ',$input.PSA,'&amp;#x000a;')</expression></operation><link id="irqkixe1" targetId="iro2w8in"/></assignment><container id="iro2w8in" type="exclusive"><title>Check Clinical Stage Null or Invalid</title><flow id="iro2w8io"><jumpTo id="irqn4h5e"><link id="irqn4h5f" targetId="irqtjkn1"/></jumpTo></flow><flow id="iro2w8is"><assignment id="irqkixng"><title>Clinical Stage Null or Invalid</title><operation source="formula" to="output.NCCN Qualification Details"><expression language="XQuery">fn:concat($output.NCCNQualificationDetails,'Clinical Stage = ', $input.ClinicalStage,'&amp;#x000a;')</expression></operation><link id="irqn4h26" targetId="irqn4h24"/></assignment><jumpTo id="irqn4h24"><link id="irqn4h25" targetId="irqtjkn1"/></jumpTo></flow><link id="iro2w8ml" targetId="iro2w8io" type="containerLink"><condition source="formula"><function name="included"><arg name="left">{$input.ClinicalStage}</arg><arg name="right">T1c,T2a,T2b,T2c</arg></function></condition></link><link id="iro2w8mn" targetId="iro2w8is" type="containerLink"/></container></flow><flow id="is9nhlxt"><jumpTo id="is9nhlxs"><link id="is9nhm1d" targetId="irqkixa4"/></jumpTo></flow><flow id="iro2w8iv"><container id="iro2w8ix" type="exclusive"><title>Check Clinical Stage</title><flow id="iro2w8iy"><container id="iro2w8j0" type="exclusive"><title>Check Positive Cores</title><flow id="iro2w8j1"><assignment id="irqn4g4k"><title>Positive Cores Null or Invalid</title><operation source="formula" to="output.NCCN Qualification Details"><expression language="XQuery">fn:concat($output.NCCNQualificationDetails,'Number of Positive Cores = ', $input.PositiveCores,'&amp;#x000a;')</expression></operation><link id="irqn4g9t" targetId="iro2w8j3"/></assignment><jumpTo id="iro2w8j3"><link id="iro2w8n6" targetId="irqtjkn1"/></jumpTo></flow><flow id="is99o082"><jumpTo id="is99o0k5"><link id="is99o0k6" targetId="irqn4g4k"/></jumpTo></flow><flow id="iro2w8j4"><container id="iro2w8j6" type="exclusive"><title>Check Tumor Involvement</title><flow id="iro2w8j7"><container id="iro2w8j9" type="exclusive"><title>Check PSA Density</title><flow id="iro2w8ja"><assignment id="irqn4hs4"><title>PSA Density Null or Invalid</title><operation source="formula" to="output.NCCN Qualification Details"><expression language="XQuery">fn:concat($output.NCCNQualificationDetails, 'Prostate Volume = ',$input.ProstateVolume ,'&amp;#x000a;')</expression></operation><link id="irqn4htu" targetId="irqn4hts"/></assignment><jumpTo id="irqn4hts"><link id="irqn4htt" targetId="irqtjkn1"/></jumpTo></flow><flow id="is9nhlck"><jumpTo id="is9nhlcj"><link id="is9nhlf7" targetId="irqn4hs4"/></jumpTo></flow><flow id="irqn4hhw"><assignment id="irqn4hla"><title>Qualified Very Low Risk</title><operation source="constant" to="output.NCCN Qualification Status">Qualified</operation><operation source="constant" to="output.NCCN Risk Category">Very Low Risk</operation></assignment><link id="irqn4hhx" targetId="iro2w8j9" type="containerLink"/></flow><flow id="iro2w8jj"><assignment id="irqn4hn0"><title>Qualified Low Risk</title><operation source="constant" to="output.NCCN Qualification Status">Qualified</operation><operation source="constant" to="output.NCCN Risk Category">Low Risk</operation></assignment><link id="irqn4gvw" targetId="iro2w8j9" type="containerLink"/></flow><link id="iro2w8ne" targetId="iro2w8ja" type="containerLink"><condition source="formula"><function name="unset"><arg name="field">{$input.PSADensity}</arg></function></condition></link><link id="is9nhlci" targetId="is9nhlck" type="containerLink"><condition source="formula"><function name="less-than"><arg name="left">{$input.PSADensity}</arg><arg name="right">{0}</arg></function></condition></link><link id="irqn4hhu" targetId="irqn4hhw" type="containerLink"><condition source="formula"><function name="less-than"><arg name="left">{$input.PSADensity}</arg><arg name="right">{0.15}</arg></function></condition></link><link id="iro2w8nf" targetId="iro2w8jj" type="containerLink"/></container><link id="iro2w8nc" targetId="iro2w8j6" type="containerLink"/></flow><flow id="iro2w8jm"><jumpTo id="iro2w8jo"><link id="iro2w8nr" targetId="irqn4hn0"/></jumpTo></flow><flow id="iro2w8jp"><assignment id="irqn4hyz"><title>Tumor Involvement Null or Invalid</title><operation source="formula" to="output.NCCN Qualification Details"><expression language="XQuery">fn:concat($output.NCCNQualificationDetails,'Max % Tumor Involvement = ',$input.TumorInvolvement, '&amp;#x000a;')</expression></operation><link id="irqtjkn2" targetId="irqtjkn1"/></assignment><assignment id="iro2w8jr"><title>Data Missing</title><operation source="constant" to="output.NCCN Qualification Status">Data Missing</operation><operation source="constant" to="output.NCCN Risk Category">Unknown Risk</operation><operation source="formula" to="output.NCCN Case Details"><expression language="XQuery">fn:concat('NCCN Data Missing:', '&amp;#x000a;',$output.DataMissing,'&amp;#x000a;','NCCN Data Available:','&amp;#x000a;',$output.DataAvailable)</expression></operation></assignment><subflow id="irqtjkn1"><title>NCCN Validate Inputs</title><subflowPath>NCCN Validate Inputs</subflowPath><runForEach>false</runForEach><input><parameter name="Gleason" source="field" updatable="true">input.Gleason</parameter><parameter name="PSA" source="field" updatable="true">input.PSA</parameter><parameter name="Clinical Stage" source="field" updatable="true">input.Clinical Stage</parameter><parameter name="Positive Cores" source="field" updatable="true">input.Positive Cores</parameter><parameter name="4 Plus 3 Cores" source="field" updatable="true">input.4 Plus 3 Cores</parameter><parameter name="Tumor Involvement" source="field" updatable="true">input.Tumor Involvement</parameter><parameter name="Prostate Volume" source="field" updatable="true">input.Prostate Volume</parameter><parameter name="PSA Density" source="field" updatable="true">input.PSA Density</parameter></input><outputDef><field name="Invalid Values" type="richtextarea"><options><option name="text_height">12</option><option name="text_width">100</option><option name="required">false</option></options></field><field name="Data Available" type="richtextarea"><options><option name="text_height">12</option><option name="text_width">100</option><option name="required">false</option></options></field><field name="Data Missing" type="richtextarea"><options><option name="text_height">12</option><option name="text_width">100</option><option name="required">false</option></options></field></outputDef><link id="irqtjkn3" targetId="iro2w8jr"/></subflow><link id="iro2w8ns" targetId="iro2w8j6" type="containerLink"/></flow><link id="iro2w8n9" targetId="iro2w8j7" type="containerLink"><condition source="formula"><function name="string-equals"><arg name="left">{$input.TumorInvolvement}</arg><arg name="right">≤ 50%</arg></function></condition></link><link id="iro2w8na" targetId="iro2w8jm" type="containerLink"><condition source="formula"><function name="string-equals"><arg name="left">{$input.TumorInvolvement}</arg><arg name="right">&gt; 50%</arg></function></condition></link><link id="iro2w8nb" targetId="iro2w8jp" type="containerLink"/></container><link id="iro2w8n7" targetId="iro2w8j0" type="containerLink"/></flow><flow id="iro2w8jw"><jumpTo id="is99o0ou"><link id="is99o0q8" targetId="irqn4hn0"/></jumpTo></flow><link id="iro2w8n1" targetId="iro2w8j1" type="containerLink"><condition source="formula"><function name="unset"><arg name="field">{$input.PositiveCores}</arg></function></condition></link><link id="is99o080" targetId="is99o082" type="containerLink"><condition source="formula"><function name="less-than"><arg name="left">{$input.PositiveCores}</arg><arg name="right">{0}</arg></function></condition></link><link id="iro2w8n2" targetId="iro2w8j4" type="containerLink"><condition source="formula"><function name="less-or-equals"><arg name="left">{$input.PositiveCores}</arg><arg name="right">{2}</arg></function></condition></link><link id="iro2w8n4" targetId="iro2w8jw" type="containerLink"/></container><link id="iro2w8mz" targetId="iro2w8ix" type="containerLink"/></flow><flow id="iro2w8jx"><jumpTo id="iro2w8jz"><link id="iro2w8nz" targetId="irqn4hn0"/></jumpTo></flow><flow id="iro2w8k0"><assignment id="iro2w8k2"><title>Qualified Intermediate Risk</title><operation source="constant" to="output.NCCN Qualification Status">Qualified</operation><operation source="constant" to="output.NCCN Risk Category">Intermediate Risk</operation></assignment><link id="iro2w8o0" targetId="iro2w8ix" type="containerLink"/></flow><flow id="iro2w8k5"><jumpTo id="iro2w8k6"><link id="iro2w8o3" targetId="irqkixng"/></jumpTo></flow><link id="iro2w8mu" targetId="iro2w8iy" type="containerLink"><condition source="formula"><function name="included"><arg name="left">{$input.ClinicalStage}</arg><arg name="right">T1c</arg></function></condition></link><link id="iro2w8mv" targetId="iro2w8jx" type="containerLink"><condition source="formula"><function name="included"><arg name="left">{$input.ClinicalStage}</arg><arg name="right">T2a</arg></function></condition></link><link id="iro2w8mw" targetId="iro2w8k0" type="containerLink"><condition source="formula"><function name="included"><arg name="left">{$input.ClinicalStage}</arg><arg name="right">T2b,T2c</arg></function></condition></link><link id="iro2w8my" targetId="iro2w8k5" type="containerLink"/></container><link id="iro2w8ms" targetId="iro2w8ik" type="containerLink"/></flow><flow id="iro2w8ki"><container id="iro2w9cw" type="exclusive"><title>Check Clinical Stage</title><flow id="iro2w9cx"><jumpTo id="iro2w9d0"><link id="iro2w9da" targetId="iro2w8k2"/></jumpTo></flow><flow id="iro2w9d3"><jumpTo id="iro2w9d4"><link id="iro2w9dc" targetId="irqkixng"/></jumpTo></flow><link id="iro2w9d5" targetId="iro2w9cx" type="containerLink"><condition source="formula"><function name="included"><arg name="left">{$input.ClinicalStage}</arg><arg name="right">T1c,T2a,T2b,T2c</arg></function></condition></link><link id="iro2w9d7" targetId="iro2w9d3" type="containerLink"/></container></flow><link id="iro2w8mg" targetId="iro2w8il" type="containerLink"><condition source="formula"><function name="unset"><arg name="field">{$input.PSA}</arg></function></condition></link><link id="is9nhlxr" targetId="is9nhlxt" type="containerLink"><condition source="formula"><function name="less-than"><arg name="left">{$input.PSA}</arg><arg name="right">{0}</arg></function></condition></link><link id="iro2w8mh" targetId="iro2w8iv" type="containerLink"><condition source="formula"><function name="less-than"><arg name="left">{$input.PSA}</arg><arg name="right">{10}</arg></function></condition></link><link id="iro2w8mj" targetId="iro2w8ki" type="containerLink"/></container><link id="iro2w8me" targetId="iro2w8ih" type="containerLink"/></flow><flow id="iro2w8kk"><container id="isulxome" type="exclusive"><title>Check PSA</title><flow id="isulxomf"><jumpTo id="isulxomg"><link id="isulxomo" targetId="irqkixa4"/></jumpTo></flow><flow id="isulxomh"><jumpTo id="isulxomi"><link id="isulxomp" targetId="irqkixa4"/></jumpTo></flow><flow id="isulxomj"><jumpTo id="isulxomk"><link id="isulxomq" targetId="iro2w9cw"/></jumpTo></flow><link id="isulxoml" targetId="isulxomf" type="containerLink"><condition source="formula"><function name="unset"><arg name="field">{$input.PSA}</arg></function></condition></link><link id="isulxomm" targetId="isulxomh" type="containerLink"><condition source="formula"><function name="less-than"><arg name="left">{$input.PSA}</arg><arg name="right">{0}</arg></function></condition></link><link id="isulxomn" targetId="isulxomj" type="containerLink"/></container></flow><flow id="iro2w8l9"><container id="iro2w8lb" type="exclusive"><title>Check 4+3 Cores</title><flow id="iro2w8lc"><assignment id="irqhsoy8"><title>4 Plus 3 Greater Than 2</title><operation source="formula" to="output.NCCN Qualification Details"><expression language="XQuery">fn:concat('NCCN Disqualified:','&amp;#x000a;','Gleason Score =4+3', '&amp;#x000a;', 'Number of 4+3 Cores &gt;=2 =', $input.4Plus3Cores, '&amp;#x000a;')
</expression></operation><operation source="formula" to="output.NCCN Case Details"><expression language="XQuery">fn:concat('NCCN Disqualified:','&amp;#x000a;','Gleason Score =4+3', '&amp;#x000a;', 'Number of 4+3 Cores &gt;=2 =', $input.4Plus3Cores, '&amp;#x000a;')

</expression></operation><link id="irqjjpzs" targetId="iro2w8le"/></assignment><jumpTo id="iro2w8le"><link id="iro2w8p6" targetId="iro2w8g7"/></jumpTo></flow><flow id="iro2w8lf"><container id="iro2w8lg" type="exclusive"><title>Check PSA</title><flow id="iro2w8lh"><jumpTo id="iro2w8li"><link id="iro2w8pb" targetId="irqkixa4"/></jumpTo></flow><flow id="is9nhmj0"><jumpTo id="is9nhmiz"><link id="is9nhmkz" targetId="irqkixa4"/></jumpTo></flow><flow id="iro2w8m4"><container id="iro2w9xj" type="exclusive"><title>Check Clinical Stage</title><flow id="iro2w9xk"><container id="iro2w9xl" type="exclusive"><title>Check # of Positive Cores</title><flow id="is9nhmmh"><jumpTo id="is9nhmmg"><link id="is9nhmru" targetId="iro2w8k2"/></jumpTo></flow><flow id="irqn4iui"><container id="irqn4ivi" type="exclusive"><title>Check 4 Plus 3 Cores</title><flow id="irqn4ivj"><jumpTo id="irqn4j0a"><link id="irqn4j19" targetId="iro2w8k2"/></jumpTo></flow><flow id="irqn4ivm"><assignment id="isulxox3"><title>4Plus3 Cores Null or Invalid</title><operation source="formula" to="output.NCCN Qualification Details"><expression language="XQuery">fn:concat($output.NCCNQualificationDetails,'Number of 4+3 Cores = ', $input.4Plus3Cores,'&amp;#x000a;')</expression></operation><link id="isulxp27" targetId="isulxp25"/></assignment><jumpTo id="isulxp25"><link id="isulxp26" targetId="irqtjkn1"/></jumpTo></flow><link id="irqn4ivo" targetId="irqn4ivj" type="containerLink"><condition source="formula"><function name="equals"><arg name="left">{$input.4Plus3Cores}</arg><arg name="right">{1}</arg></function></condition></link><link id="irqn4ivp" targetId="irqn4ivm" type="containerLink"/></container></flow><flow id="iro2w9xv"><container id="is9nhmxu" type="exclusive"><title>Check 4 Plus 3 Cores</title><flow id="is9nhmxv"><jumpTo id="is9nhmxw"><link id="is9nhmy2" targetId="iro2w8k2"/></jumpTo></flow><flow id="is9nhmxx"><assignment id="is9nhngi"><title>Positive Cores 4Plus3 Cores Null or Invalid</title><operation source="formula" to="output.NCCN Qualification Details"><expression language="XQuery">fn:concat($output.NCCNQualificationDetails,'Number of Positive Cores = ', $input.PositiveCores,'&amp;#x000a;','Number of 4+3 Cores = ', $input.4Plus3Cores,'&amp;#x000a;')</expression></operation><link id="is9nhnhw" targetId="is9nhnhv"/></assignment><jumpTo id="is9nhnhv"><link id="is9nhnjp" targetId="irqtjkn1"/></jumpTo></flow><link id="is9nhmy0" targetId="is9nhmxv" type="containerLink"><condition source="formula"><function name="equals"><arg name="left">{$input.4Plus3Cores}</arg><arg name="right">{1}</arg></function></condition></link><link id="is9nhmy1" targetId="is9nhmxx" type="containerLink"/></container></flow><link id="is9nhmmf" targetId="is9nhmmh" type="containerLink"><condition source="formula"><function name="equals"><arg name="left">{$input.PositiveCores}</arg><arg name="right">{1}</arg></function></condition></link><link id="irqn4iug" targetId="irqn4iui" type="containerLink"><condition source="formula"><function name="greater-or-equals"><arg name="left">{$input.PositiveCores}</arg><arg name="right">{2}</arg></function></condition></link><link id="iro2w9y8" targetId="iro2w9xv" type="containerLink"/></container></flow><flow id="iro2w9y1"><jumpTo id="iro2w9y2"><link id="iro2w9yl" targetId="irqkixng"/></jumpTo></flow><link id="iro2w9y3" targetId="iro2w9xk" type="containerLink"><condition source="formula"><function name="included"><arg name="left">{$input.ClinicalStage}</arg><arg name="right">T1c,T2a,T2b,T2c</arg></function></condition></link><link id="iro2w9y4" targetId="iro2w9y1" type="containerLink"/></container></flow><link id="iro2w8p8" targetId="iro2w8lh" type="containerLink"><condition source="formula"><function name="unset"><arg name="field">{$input.PSA}</arg></function></condition></link><link id="is9nhmiy" targetId="is9nhmj0" type="containerLink"><condition source="formula"><function name="less-than"><arg name="left">{$input.PSA}</arg><arg name="right">{0}</arg></function></condition></link><link id="iro2w8pa" targetId="iro2w8m4" type="containerLink"/></container></flow><link id="iro2w8p2" targetId="iro2w8lc" type="containerLink"><condition source="formula"><function name="greater-or-equals"><arg name="left">{$input.4Plus3Cores}</arg><arg name="right">{2}</arg></function></condition></link><link id="iro2w8p3" targetId="iro2w8lf" type="containerLink"/></container></flow><flow id="iro2w8m7"><assignment id="isulxojc"><title>Gleason Score Null or Invalid</title><operation source="formula" to="output.NCCN Qualification Details"><expression language="XQuery">fn:concat($output.NCCNQualificationDetails,'Gleason Score = ',$input.Gleason,'&amp;#x000a;') </expression></operation><link id="isulxokw" targetId="isulxokj"/></assignment><container id="isulxokj" type="exclusive"><title>Check PSA</title><flow id="isulxokk"><jumpTo id="isulxokl"><link id="isulxokt" targetId="irqkixa4"/></jumpTo></flow><flow id="isulxokm"><jumpTo id="isulxokn"><link id="isulxoku" targetId="irqkixa4"/></jumpTo></flow><flow id="isulxoko"><jumpTo id="isulxokp"><link id="isulxokv" targetId="iro2w8in"/></jumpTo></flow><link id="isulxokq" targetId="isulxokk" type="containerLink"><condition source="formula"><function name="unset"><arg name="field">{$input.PSA}</arg></function></condition></link><link id="isulxokr" targetId="isulxokm" type="containerLink"><condition source="formula"><function name="less-or-equals"><arg name="left">{$input.PSA}</arg><arg name="right">{0}</arg></function></condition></link><link id="isulxoks" targetId="isulxoko" type="containerLink"/></container></flow><link id="iro2w8ma" targetId="iro2w8ii" type="containerLink"><condition source="formula"><function name="included"><arg name="left">{$input.Gleason}</arg><arg name="right">3+3</arg></function></condition></link><link id="iro2w8mb" targetId="iro2w8kk" type="containerLink"><condition source="formula"><function name="included"><arg name="left">{$input.Gleason}</arg><arg name="right">3+4</arg></function></condition></link><link id="iro2w8mc" targetId="iro2w8l9" type="containerLink"><condition source="formula"><function name="included"><arg name="left">{$input.Gleason}</arg><arg name="right">4+3</arg></function></condition></link><link id="iro2w8md" targetId="iro2w8m7" type="containerLink"/></container><link id="iro2w84w" targetId="iro2w82k" type="containerLink"/></flow><link id="iro2w84p" targetId="iro2w84s" type="containerLink"><condition source="formula"><function name="greater-than"><arg name="left">{$input.PSA}</arg><arg name="right">{20}</arg></function></condition></link><link id="jlryybzm" targetId="jlryybzl"/><link id="iro2w84q" targetId="iro2w84v" type="containerLink"/></container><container id="jlryybzl" type="exclusive"><title>IsGuide</title><flow id="jlryyc0r"><link id="jlryyc0s" targetId="jlryybzl" type="containerLink"/></flow><flow id="jlryyc0u"><subflow id="jlryyc1m"><title>INT-SP-NCCN-SendUpdateMessage-OLI</title><subflowPath>INT-SP-NCCN-SendUpdateMessage-OLI</subflowPath><appliesTo>Salesforce:OrderItem</appliesTo><appliesToDataName source="field">input.TempOLI</appliesToDataName><runForEach>false</runForEach><input/><outputDef><field name="outMessage" type="string"><options><option name="required">false</option></options></field></outputDef></subflow><link id="jlryyc0v" targetId="jlryybzl" type="containerLink"/></flow><link id="jlryyc0o" targetId="jlryyc0r" type="containerLink"><condition source="formula"><function name="true"><arg name="field">{$input.IsGuide}</arg></function></condition></link><link id="jlryyc22" targetId="d"/><link id="jlryyc0p" targetId="jlryyc0u" type="containerLink"><condition source="formula"><function name="false"><arg name="field">{$input.IsGuide}</arg></function></condition></link></container><end id="d"/></flow></process>